shap_mag_rmi_bmc_combined1,shap_mag_rmi_fvd_bmc,shap_mag_rmi_thg_bmc,shap_mag_rmi_as_bmc,shap_mag_rmi_tdr_bmc,shap_gra_ggr_hgm_bmc,shap_gra_ggr_tdr_bmc,shap_gra_ggr_fvd_bmc,shap_gra_ggr_as_bmc,shap_gra_ggr_uc500_bmc,shap_gra_ggr_res_bmc,shap_rad_k_bmc,shap_rad_th_bmc,shap_rad_u_bmc,shap_rad_k_th_bmc,shap_rad_u_th_bmc,shap_rad_th_k_bmc,shap_rad_u_k_bmc,shap_geochem_ag_ppm_idw,shap_geochem_as_ppm_idw,shap_geochem_ba_ppm_idw,shap_geochem_bi_ppm_idw,shap_geochem_cd_ppm_idw,shap_geochem_co_ppm_idw,shap_geochem_cu_ppm_idw,shap_geochem_fe_ppm_idw,shap_geochem_in_ppm_idw,shap_geochem_mn_ppm_idw,shap_geochem_mo_ppm_idw,shap_geochem_ni_ppm_idw,shap_geochem_pb_ppm_idw,shap_geochem_sb_ppm_idw,shap_geochem_sn_ppm_idw,shap_geochem_tl_ppm_idw,shap_geochem_zn_ppm_idw,shap_geochem_pca_pc1_idw,shap_geochem_pca_pc2_idw,shap_geochem_pca_pc3_idw,shap_geochem_pca_pc4_idw,shap_geochem_fa_factor1_idw,shap_geochem_fa_factor2_idw,shap_geochem_fa_factor3_idw,shap_geochem_fa_factor4_idw,shap_ag_ppm,shap_as_ppm,shap_ba_ppm,shap_bi_ppm,shap_cd_ppm,shap_co_ppm,shap_cu_ppm,shap_fe_ppm,shap_in_ppm,shap_mn_ppm,shap_mo_ppm,shap_ni_ppm,shap_pb_ppm,shap_sb_ppm,shap_sn_ppm,shap_tl_ppm,shap_zn_ppm,shap_sum
0.07869582,0.47280878,0.03132564,0.33930582,0.27659392,-0.028855274,-0.3136082,-0.03632916,-0.04081875,-0.3271289,0.19746149,-0.11375067,0.27176762,0.24089645,-0.09931074,0.22412494,0.8941132,-0.058074508,0.09499292,0.11210014,-0.036640354,-0.10957413,0.020336166,0.055813123,0.19334924,0.20886701,-0.003205517,0.08787681,0.41458118,0.22424097,-0.0359898,-0.09965315,-0.3045177,0.32550848,-0.030077014,0.12705724,0.12990032,0.0011751177,0.12537806,0.12057988,0.2638002,-0.02046212,0.10056426,0.32250607,0.12433562,0.08175317,-0.012063162,0.3416051,0.0640305,0.07167323,0.0090630045,-0.037301783,-0.016958617,-0.018000761,-0.37024936,0.17238039,0.068211764,0.3541068,-0.0058424375,0.59797645,5.7224455
0.036891602,0.1389594,0.41787207,0.3251384,-0.024504177,0.12759414,-0.2071194,0.17744479,0.09351633,-0.28677204,0.3285661,-0.18989632,-0.39262146,-0.04493889,-0.086231716,0.12422069,-1.4806058,0.048746258,0.046941645,0.09865169,-0.059393555,-0.1363507,0.048624888,0.082186945,0.10918681,0.19148415,-0.003205517,0.07475484,0.41006425,0.23051544,-0.03856539,-0.097592,-0.1581694,0.24575838,-0.083429605,0.109049775,0.094238326,-0.0015926794,0.100986324,0.14732444,0.19031546,-0.00021398067,0.0920527,0.34262335,0.05847401,0.0814096,0.02401073,0.32280418,0.058282994,0.15725079,0.043681283,0.00376001,-0.01841508,-0.08963198,-0.082432315,-0.0051951273,0.08475317,0.49839792,0.036108393,0.48928437,2.8050494
0.05809937,0.28513756,-0.019132875,0.32317647,0.160671,-0.030968644,0.19352703,0.09806742,0.030071137,0.5102803,0.2668772,0.12201604,0.41583377,-0.16590902,0.18223517,0.2134538,1.2750274,0.03955032,0.008939665,-0.17161894,0.09482303,0.10688618,-0.0609687,-0.030568376,0.01015512,-0.13584709,0.001021414,0.056803815,0.30853793,-0.07067789,0.16738132,0.108312085,0.09791309,-0.29721212,0.14920135,-0.09882479,-0.08841258,0.007982973,0.048255898,-0.024897734,-0.356691,0.008352669,-0.050475948,-0.1357303,0.07217744,0.020613339,-0.049136627,-0.12877147,0.027849613,0.019110303,0.018585706,-0.16909061,-0.026998378,0.09686345,-0.10024007,-0.088636026,0.0030827615,-0.10074554,0.015285123,0.2878398,3.5084434
-0.014175833,-0.11858426,0.054961342,-0.36928463,-0.057112597,0.18301964,-0.0044123027,0.071471095,-0.052139632,0.60040975,0.2556881,0.16060275,0.27737457,0.2752634,0.015657173,-0.61087394,1.0339103,0.14393428,-0.022294879,0.019621309,0.09795971,0.12659898,-0.06252299,-0.009033624,0.09429019,-0.015815524,0.003930341,0.04401699,0.32451028,-0.048578035,0.36938354,0.095516086,0.13014865,-0.17513703,0.1571232,-0.12374944,-0.03212118,0.027417367,0.05029466,-0.02672789,-0.31936714,0.008352669,-0.055193797,0.1807017,0.027697463,0.06038351,-0.03189469,0.23901373,0.0950793,0.07179644,-0.004360337,-0.12334873,-0.023856057,0.26798177,-0.18640037,-0.08352257,-0.027418818,0.2641607,0.04551612,0.24773921,3.5235999
0.05599713,-0.00065288786,-0.009317409,0.3246164,0.06622903,0.13292332,0.0066059604,-0.02417086,-0.065611534,0.44351837,0.14918892,-0.3126704,0.24352127,0.4518906,-0.07908251,0.63092184,1.0465477,0.10247558,0.012604699,-0.08747598,0.12528026,0.016003642,-0.11574714,-0.02720034,0.15179445,-0.16031623,0.003930341,0.0074476525,0.27218583,-0.07035023,0.20263699,0.09743905,0.12771931,-0.23390476,0.17257515,-0.11432715,-0.19599824,0.027510375,0.018247753,-0.004715304,-0.3867356,0.008122778,-0.034929197,-0.13905163,-0.063695386,0.011907961,-0.03490276,0.2554788,0.08545761,-0.07913159,0.03480155,0.30557072,-0.021436166,0.3288692,-0.51623076,-0.3593066,-0.063397154,0.25728825,-0.11939476,0.37373006,3.2312856
-0.0263415,-0.12457379,-0.032060467,-0.52214825,6.167777e-05,0.1596321,0.15619683,-0.054139055,-0.030690335,0.58838034,0.1470401,0.071420066,0.17735282,0.439497,0.24698433,0.085569374,0.7045083,0.18435186,0.029369865,-0.22041903,-0.21768714,-0.3108572,0.06819396,0.041557543,0.05154492,-0.08077136,-0.013181504,0.08370757,0.4298173,0.21886064,0.14023516,-0.12344758,0.6103841,0.35714555,-0.062715456,0.082088895,-0.0036672652,0.006096582,0.09558567,0.0851064,0.31797597,-0.022932045,0.07823993,0.22252199,0.15651938,0.11620273,-0.028337155,0.2812748,-0.08094724,-0.005628663,0.02654244,-0.070079625,0.08644254,0.099506155,-0.3458064,-0.0145306615,0.121229306,-0.05192509,-0.054407418,0.2838009,4.553651
0.087167986,0.86672825,0.098721266,0.3671944,0.29687938,0.006454204,-0.005307097,0.053407304,-0.013273718,-0.08237158,0.3080177,0.08344339,0.25812194,-0.1866128,-0.064698584,0.60707706,0.86450547,-0.10883603,0.058376245,-0.15207255,-0.048549403,-0.16682307,0.088611186,-0.012450236,-0.22294739,0.00021209009,-0.009095056,-0.026030777,0.39915818,0.04151371,0.11295246,-0.07605747,-0.45373237,-0.41483915,0.06774473,0.08819213,0.030533243,0.0051932246,0.11144093,0.06632852,0.20163065,-0.022912795,0.014781351,0.15692556,-0.054898527,0.07021033,-0.031682916,0.27151442,0.036930956,-0.11676353,0.0054358654,-0.07990783,-0.022179969,0.28683296,-0.034619458,-0.07922772,0.0010091467,0.3653979,-0.15100764,0.5523054,4.294052
0.087600015,0.8765494,-0.07990523,0.40791732,0.26497316,-0.066255465,-0.0039930455,0.030265283,-0.010416184,-0.15600675,0.3413801,0.07231775,0.3519805,-0.14675978,-0.055117067,0.60728437,1.1074243,-0.019169917,0.08420672,-0.21235998,-0.027974216,-0.16930042,0.05386652,-0.012450236,-0.24564797,-0.033395935,-0.009095056,-0.009953365,0.364455,0.04668409,0.12065004,-0.073729694,-0.42696404,-0.36485302,0.059160993,0.119166166,0.09932499,0.0051932246,0.14047948,0.06527937,0.20935987,-0.022912795,0.0050708978,0.30368003,-0.054522704,0.026460992,-0.029571744,0.26785815,-0.09487073,0.10161703,0.005446924,-0.07028659,-0.022648597,0.35506314,-0.23762348,0.005268923,-0.0019953484,0.09618741,0.0068160426,0.5841036,4.615312
0.04190328,0.9738132,0.4276098,0.31256384,0.21935788,-0.058751125,0.20314848,0.001248138,0.49235448,-0.15033904,-0.5796775,0.065806426,-0.22671904,0.3064722,0.18113866,0.81893617,-1.3759478,0.096268594,0.0808691,0.07221405,0.08104231,-0.033947513,-0.049086615,-0.008782744,-0.17417906,0.144105,0.00569626,0.07616389,0.3189509,-0.032184124,-0.021207914,-0.009695029,-0.25976378,-0.28608674,-0.035017032,-0.13291726,-0.11132414,0.004039028,0.06664041,-0.045623444,-0.34994313,-0.0017729774,-0.017366745,-0.19584022,0.09063803,-0.06117759,0.33425137,0.28722647,0.08508377,0.007328745,-0.02326511,-0.1251231,-0.0155961495,0.15151441,0.022818428,-0.1150856,0.093525425,0.09276494,-0.008176291,0.6076892,2.258586
-0.008350279,-0.3493793,0.07221326,0.33856618,-0.11801598,-0.13831827,0.15046668,0.027067224,0.4020753,-0.016777547,-0.7797632,0.19502005,0.31262827,-0.29880625,0.18124615,0.29369107,1.1008884,-0.12277512,0.1038229,0.07691305,0.040483378,0.39433205,0.025309835,-0.014649691,-0.16393387,0.118451536,0.00072236126,-0.004743293,0.26296648,0.120523125,0.16086426,0.005546229,-0.30967477,-0.28461495,0.18080308,-0.13756084,-0.15867391,0.0051007234,0.1119082,-0.021526828,-0.44563767,0.007216979,-0.06471255,0.25488418,-0.032926664,-0.05350238,0.07982847,-0.10843857,0.029591564,0.115325995,-0.07356041,0.25875205,0.040840752,0.2802896,0.39540154,0.23479995,0.22654524,-0.083734214,0.023609737,0.5761325,3.4147518
-0.007621608,-0.28744733,0.10217473,0.30820262,-0.085546054,0.15513378,0.013930904,-0.012022747,-0.03505052,-0.22132355,0.05392606,0.15971698,0.28226218,0.25321588,-0.014663705,-0.45832202,1.112896,0.07165146,0.08153806,-0.15185305,-0.07182585,0.45722806,-0.018962722,-0.00511984,-0.14791575,-0.05173654,0.003930341,0.039945856,0.32263976,0.07933036,0.32846665,-0.07051282,-0.33773136,-0.27035135,0.17534326,-0.12735975,-0.12935787,0.012007041,0.13109577,-0.042248394,-0.22909544,0.013571223,-0.062320534,0.22130033,-0.012796776,0.026889939,0.223367,0.2543762,0.043399952,0.08238118,0.035612788,0.40697742,0.07775456,-1.0474905,0.6135302,0.7304257,0.12956178,-0.08597261,0.031106997,0.55634487,3.6065874
0.07391447,0.753856,0.090566695,0.27362147,0.28730467,-0.18003528,0.00023403205,0.11165402,0.4454166,-0.26646876,0.29344815,0.19861415,-0.036346946,-0.31169233,0.10633678,0.27202666,0.78929037,-0.070628695,-0.03831792,-0.0068946565,0.038038403,-0.22416505,-0.017578818,0.04663233,-0.16558817,-0.15113534,0.0007803382,0.04650932,0.253581,-0.088434905,0.03601894,0.057829045,-0.429273,-0.16179034,-0.16310352,-0.15850425,0.16726577,0.0074837906,-0.05787687,-0.029123185,-0.32073703,-0.025604786,0.027801149,0.2047449,-0.03444673,0.05680166,-0.037762508,0.2272522,-0.0211319,-0.057256915,-0.01635906,0.078137286,-0.019924987,0.3921421,0.8339291,0.028859304,0.010414159,0.367345,0.21911952,-0.70250493,3.0042827
0.076765426,-0.18180305,-0.07154652,0.3857734,0.095498234,-0.07604174,-0.003097944,0.044458546,0.22852181,-0.17305626,0.30412945,0.07188084,0.31750968,0.29064843,-0.07864901,0.30300078,1.1188816,-0.00012227148,0.05155339,-0.21966411,-0.029095585,-0.16384293,0.06042818,-0.008456787,-0.15883374,-0.035050854,-0.009095056,-0.023550706,0.33515188,0.062394142,0.13369976,-0.07788694,-0.548873,-0.38251522,0.051324062,0.1400596,0.0637674,0.007605625,0.12786178,0.068570375,0.15851131,-0.022912795,0.017577503,0.37483823,0.13832979,0.082487985,-0.026333997,0.31162563,0.105499126,0.15002492,-0.019159919,-0.065616064,-0.02289979,0.34970945,-0.06840008,-0.12858084,0.0879771,0.34706107,0.056147866,0.5224319,4.4466214
0.09448782,-0.13193586,-0.048742462,0.43096948,0.22086318,0.20984992,0.18140227,0.10409619,-0.0307797,0.59444654,0.2046335,0.05359479,0.31743634,-0.13034452,0.015611382,0.70752275,0.71705437,0.08647373,0.047526464,0.08887313,0.117971785,-0.20734355,0.06399914,0.01770842,0.114370495,-0.09942576,0.001021414,0.057395127,0.31633043,-0.10057266,0.02652228,0.12905738,-0.28783962,0.22156876,0.05861806,-0.12926687,0.16362387,0.024783205,-0.10605771,-0.0035504848,-0.2285169,-0.0057861865,0.012761166,0.16432053,-0.060352135,-0.20410499,-0.049405552,-0.087547064,0.050329447,0.0916418,-4.2546075e-05,-0.13586529,0.058595818,-1.1652197,0.060879614,0.001936161,-0.012458053,-0.14063317,0.004628548,0.30783123,2.774946
0.007899794,0.6385444,0.0867572,0.3106319,0.20429234,-0.009955421,-0.08322477,-0.04935679,0.038472928,-0.2688723,0.27909687,0.11151468,0.13026571,0.24916555,0.21170601,-0.5654906,0.60557365,0.13711324,0.027399441,-0.15425864,0.08506055,0.016358502,-0.004662672,-0.0030016731,0.01186581,-0.042950362,0.00569626,-0.02417392,0.2538833,-0.044390373,0.2635046,0.024472218,0.15702248,-0.22453551,0.13039726,-0.12651677,-0.19367497,0.0061464086,0.020656008,-0.1316468,-0.32525337,0.012066886,-0.03788666,0.2154303,0.05795738,0.045052342,0.19644305,0.253495,0.044352323,0.00018099113,-0.00086005265,0.44986597,-0.017565388,0.34386823,0.08234277,0.56303585,0.023794048,0.3084784,0.016603805,0.5094881,4.8276753
0.032867275,-0.059834145,-0.03227581,0.43455958,0.26188102,0.21320386,0.2239224,0.059792504,0.027558867,0.54420364,0.2077252,0.020162277,0.3140669,-0.13421142,-0.072065786,0.48649907,0.77078235,0.09321378,0.02077878,0.09362431,0.12238035,-0.21527696,0.10751814,-0.0036583133,0.14455362,0.19081408,0.001021414,0.062265128,0.319401,-0.08914917,-0.04864642,0.14354806,-0.41194218,0.19934544,0.11145642,-0.115330786,-0.08421255,0.025187256,-0.14341842,-0.015683116,-0.24363701,-0.031544764,0.0071398336,-0.08917904,0.08416461,0.011197491,-0.055597752,-0.10104558,0.06744443,0.026823942,0.004666619,-0.13803606,-0.02668526,0.09989377,-0.1606875,-0.1006278,-0.00083876494,-0.11339404,-0.009716701,0.28774962,3.3247178
0.011951763,-0.25794002,-0.007576583,0.3035297,-0.08112051,-0.20465657,0.15528338,0.07919122,0.079116255,0.24915257,0.08489908,0.1441827,0.34581727,-0.16969109,0.12814787,0.41761777,1.1591688,-0.08972785,0.03210846,0.09140101,0.019384028,-0.13645266,0.07895554,-0.030337134,0.07681668,-0.15103206,0.0006166729,0.069212586,0.2898768,-0.08326225,-0.084478654,0.12784243,-0.4823337,0.20279472,0.07709255,-0.14205787,-0.033643164,0.007095428,-0.06334839,-0.004715304,-0.2686862,0.014292646,-0.018096091,-0.086572275,0.06330128,0.082735494,0.21466826,-0.12054452,0.0661346,-0.046446763,-0.0031343475,0.43443942,-0.024919458,0.28730366,0.7614408,0.674968,0.02366881,0.2548652,0.22421287,0.38614094,5.1286535
-0.03873291,0.5431823,0.06022873,0.1597739,-0.07086353,0.07781386,0.05682587,-0.06259532,0.033056386,0.26645645,-0.9696747,0.14425565,0.024319436,-0.2382137,0.13786387,0.61466306,0.5983815,-0.08633208,0.0071753343,0.0796353,0.020134188,-0.11443744,0.084041,-0.026139999,0.12535132,-0.069771655,0.001021414,0.06689528,0.30505273,-0.07546077,-0.028725293,0.1101812,-0.35211372,0.1680148,0.1380063,-0.08372021,0.13914768,0.007095428,-0.045242343,-0.01525631,-0.17543489,-0.026721755,0.035257503,-0.08652547,0.063940324,0.04608082,0.21666332,-0.13575444,0.08778024,-0.035625078,-0.0050597237,0.34004956,-0.022096328,0.2611289,0.6528408,0.6574257,-0.006415696,0.32236972,0.18964432,0.42633533,4.497176
0.04737274,0.52164656,-0.10694985,-0.46878,0.16647802,-0.16129087,0.043666482,-0.011496928,0.1796537,0.014808176,0.3232525,0.25465044,0.29080242,0.28482464,0.18540247,-0.74629015,1.1164541,0.16019496,-0.03552321,0.06105233,0.007952225,0.27610776,0.11623901,0.02652366,0.08994768,0.14621817,0.0006166729,0.021482125,0.36232027,-0.079245046,0.20130675,0.09091343,0.49824908,0.2425292,0.13521332,0.008381856,0.11924209,-0.005151559,0.034055,-0.008588579,0.216373,0.017829789,0.034550358,0.05555074,-0.20105146,0.060797982,-0.019829996,-0.090371646,-0.09642439,0.0708603,-0.0038653966,-0.054953106,-0.044228792,-0.07797876,0.32031015,-0.0135195805,0.053564794,-0.07851784,0.0160548,0.22239788,4.7917905
-0.0035070516,-0.32240927,-0.106047034,0.25414848,-0.0675436,-0.18503809,0.1918852,-0.027333267,0.07368174,0.46910486,0.17446733,0.18562494,0.27492362,0.18729243,0.2342337,-0.7338468,1.0841291,0.107301,-0.02763546,0.06659741,0.010144246,0.36424693,0.11953923,0.026309226,0.10533421,0.13969374,0.0006166729,-0.0012463182,0.38504705,-0.09861277,0.17677413,0.10666313,0.50014037,0.2378478,0.15858318,-0.010267445,0.11542447,-0.005151559,0.03758405,-0.0204118,0.22880168,0.016712818,0.03667459,0.06310235,-0.17664336,0.07648124,-0.017850691,-0.091803625,-0.08368195,0.075051636,-0.007593995,-0.055550948,-0.048335668,-0.07851865,0.26965323,0.020318616,0.08240624,-0.084141135,0.022241773,0.2680128,4.6936245
0.012695415,-0.17822193,0.030179443,0.34874535,-0.01946281,-0.09073968,0.12999679,0.024840012,0.07197434,0.3234345,0.17643343,0.18088922,0.35696393,0.3452443,0.22032748,-0.55787086,1.1511096,0.15431651,0.01010534,0.07787853,-0.034587327,-0.04228502,0.13726553,0.007929628,0.06821848,0.16582656,0.003930341,0.06700432,0.2697774,-0.08156757,-0.03600977,0.13155851,-0.59721357,0.20342,0.088356845,-0.10256685,-0.03182815,-0.008370763,-0.1999026,-0.01836372,0.047407724,-0.026217507,-0.0022954624,-0.08256762,0.05234789,0.08891557,0.0013857158,0.18446353,0.017924313,-0.0033596312,0.0044532977,0.30085924,-0.020258226,0.4175409,0.7421849,0.6514989,0.050945345,-0.07077905,-0.00689823,0.4776555,5.584638
-0.0038558394,-0.31049123,0.010683376,0.27663836,-0.017326104,-0.10638897,0.26881185,-0.015862836,-0.024067273,0.40367532,-1.2114341,0.10382964,0.17555188,0.4650927,0.252217,0.1706152,0.87129503,0.21480496,-0.032205112,0.09617935,-0.034675945,0.51495445,0.18324006,-0.003606351,0.17852506,0.20192872,0.0012740669,0.041783676,0.42137313,-0.10832233,0.13124397,0.1545378,0.6542523,0.27895063,0.108041614,0.038010545,0.15669848,-0.007215904,0.05018688,-0.02987027,0.24530998,0.015520481,0.0006858804,-0.054129984,0.10120582,0.04688372,-0.041228626,-0.11372892,0.0686325,0.027074778,0.004469847,-0.082411215,-0.025393585,0.20107773,-0.12536107,-0.11858239,0.03714762,-0.052113283,-0.014380055,0.33993107,4.9796844
0.01136847,-0.19747694,-0.0029001497,-0.47476423,-0.3946764,0.0555247,0.2474514,0.07342572,-0.04903427,0.6765069,0.3367993,0.053649,0.29857373,0.23200336,0.29920608,-0.68848974,0.96440506,0.15508151,-0.034475952,0.07961305,0.023125555,0.54180014,0.18124431,-0.012629513,0.16806218,0.16265927,0.001021414,0.00085597485,0.43308747,-0.08508602,0.16739798,0.14867163,0.70411235,0.29673788,0.11699099,0.0060396986,0.13521251,-0.007215904,0.071139984,-0.023865186,0.23265429,0.015520481,0.010772426,-0.038137015,0.11111033,0.05179633,-0.036410812,-0.10422904,0.058789358,0.025887413,0.0045795836,-0.08213346,-0.038987324,0.17252252,-0.16464983,-0.11788581,0.0347292,-0.0548114,-0.016489528,0.40375897,5.1395392
0.011241256,0.7186209,0.09444688,-0.3121391,0.01572131,-0.012765389,-0.10108223,0.08639585,0.163935,-0.3955725,0.35870212,0.032288,0.31820825,0.2824261,-0.10705789,0.59438616,1.0059603,0.018912155,-0.03678696,0.06917662,0.0068759276,0.17977366,0.07006195,-0.032225672,0.07994869,0.13273962,0.001021414,0.02277682,0.31542304,-0.104454845,0.024323314,0.09674463,0.43444693,0.19405262,0.13525204,0.13734594,0.10461489,-0.0023914496,0.066445865,0.035844684,0.07319137,0.024373585,-0.014884253,0.058251843,-0.1901785,-0.05156429,-0.026945358,-0.17642783,-0.09679359,0.038894765,0.0055659027,0.0065149404,-0.05136392,-0.18966174,-0.09714809,0.1014118,0.056959167,-0.08816609,-0.008600854,-1.1195635,2.9575024
0.00084123295,-0.22254309,-0.026764479,-0.4274128,-0.16356543,-0.20073536,0.027353229,0.06395285,0.20592204,0.28537333,0.3122381,0.20058987,0.20425318,-0.23358843,0.12366497,0.12619488,0.98672616,-0.072114,-0.027574113,0.08197536,-0.15689254,0.093748175,0.14382127,-0.0069790464,0.08376533,0.08490961,0.0014251124,0.06992809,0.4304218,-0.024011131,-0.023578517,0.009690881,0.48057017,-0.034603428,-0.05531221,0.08578437,0.14611718,0.0024906017,0.033370238,0.030172767,0.16905889,0.022803843,0.08886129,-0.09062693,0.07029335,0.10430458,0.15612943,0.13795371,0.0782662,0.07673225,0.04770182,0.27508795,-0.02507754,0.4367813,0.7847267,-0.37526244,0.056828853,0.07625248,-0.026685111,0.25867075,4.9624276
0.036162406,0.69171137,0.3761957,-0.016016688,-0.012283494,0.19257449,-0.14854044,0.028363358,-0.04161357,-0.3406596,0.36386663,0.09830051,-0.4592145,0.22582072,0.19337396,-0.6887482,-1.6140652,0.12570223,-0.038859494,0.04615343,-0.005664735,0.39215532,0.17105758,-0.003846962,0.123036526,0.1803722,0.00569626,0.07556279,0.33800507,-0.077298,0.1797802,0.119196326,0.56291217,0.2084182,0.1373856,0.06263526,0.08020293,-0.003688185,0.020974234,0.010774888,0.13736889,0.008632247,0.02163772,-0.09499341,0.06132759,0.04696805,0.02489011,0.2505322,0.047901258,-0.032556005,0.014453592,0.20275828,-0.015811939,0.21785568,0.6149554,-0.079054095,-0.0013587936,-0.051623497,-0.008453719,0.569577,3.530898
0.001288469,-0.34380218,0.07078235,0.3124853,-0.053877827,0.12122515,-0.15756176,0.05558624,-0.0075161476,-0.3949081,0.34935418,0.20809796,0.032199252,-0.21140705,0.17699471,-0.1899175,1.1036552,-0.073509976,0.0076390854,0.034126423,0.14442103,0.28673556,0.16542932,0.0004630573,0.112177745,0.133273,0.003930341,0.036687836,0.42937967,-0.09657706,0.15360044,0.13988408,0.5509036,0.19639018,0.11619748,0.107857674,0.10727556,0.003012646,0.108069144,-0.038525186,0.15176605,0.028004255,-0.06770724,-0.09032759,0.062554695,0.03802453,-0.02023642,0.21324152,0.06562717,0.11900548,0.04251322,0.015581784,-0.020527847,0.4285354,0.7045867,-0.3203937,0.042268015,-0.035198092,0.21574028,0.28647888,5.5610566
0.010864774,-0.20056376,0.0010952745,-0.452775,-0.16620937,-0.07190456,0.28060928,6.982684e-05,-0.021223465,0.43226624,0.21210225,0.1868113,0.2680608,-0.25671208,0.17810294,0.44441134,1.2016934,-0.019074613,-0.14691655,0.092285395,-0.14477846,0.14728409,0.10897856,-0.02301474,0.11960334,0.07315414,0.0012740669,0.046201218,0.39834285,0.060701776,-0.025794756,0.034891814,0.39322785,-0.04827494,-0.052011877,0.09136958,0.15280224,0.0038925633,0.038579952,0.025187358,0.17358825,0.022992715,0.051606223,0.108710684,-0.07775318,0.017415915,-0.021950392,-0.1008434,-0.06674236,0.085106544,0.0070906063,-0.045199066,0.04747626,0.4783454,0.5511967,-0.0112991175,0.12775972,-0.11077762,-0.024755262,0.27555168,4.86213
0.0005370518,-0.42062327,0.017390797,0.3145808,-0.0679637,-0.03231325,-0.18420215,0.050986357,0.023262152,-0.38946506,0.2778038,0.22928527,0.2585401,-0.31318468,0.18188556,0.49350333,1.0597687,-0.04800616,0.013964655,0.036872532,0.13584368,0.284017,0.15596536,-0.0005644746,0.13825844,0.06513692,0.001021414,0.03485905,0.42906386,-0.09280941,0.2450504,0.13982877,0.52605337,0.1850438,0.1200481,0.06430171,0.13816456,0.004058331,0.09841691,-0.035361208,0.21506308,0.023181248,-0.04795693,-0.07905097,0.060896903,0.04256878,-0.011253574,-0.11199467,-0.035165913,0.102324314,0.04880333,0.12644567,-0.027625762,0.48647106,-0.13977285,-0.39375508,0.031504624,-0.01661099,-0.020591706,0.4812488,4.873749
0.013640359,-0.13413042,0.0072292164,-0.45316514,-0.010722799,-0.053457618,0.18087392,-0.05834903,0.076089494,0.4315322,0.16336231,0.18060268,0.27400142,0.42718613,0.21803519,-0.2823308,1.2411772,0.04417847,-0.032275338,0.08564593,-0.1445365,0.1260862,0.10717309,-0.013991576,0.11960334,0.06461914,0.001021414,0.043606665,0.38048106,0.06386536,-0.029306173,0.034387186,0.45200393,-0.077770725,-0.054373585,0.10988435,0.15404592,0.0038925633,0.057672128,0.04455119,0.209692,0.02290745,0.08155021,0.10587264,-0.07775318,0.012130067,-0.021950392,-0.099717066,-0.06548639,0.07494954,-0.0014562164,-0.046767645,0.057420723,0.4747547,0.6875208,-0.005455523,0.12775972,-0.09094177,-0.016340107,0.29793876,5.488667
0.072290145,0.5660108,0.14978166,0.25580433,0.25920773,0.0575151,0.22081937,0.018831046,0.08252762,0.4109737,-0.20459184,-0.3164528,0.29472846,0.33556932,-0.098760925,-0.36283198,1.1416514,0.1653036,0.05461155,0.075585864,0.18080182,0.32611796,0.113111176,-0.02612102,0.104493946,0.11447638,0.001021414,0.035845585,0.33093455,-0.12304081,0.27536654,0.13319184,0.4748751,0.2786521,0.11281778,0.11504983,0.15147232,-0.0037467917,0.0715436,-0.006570326,0.09901674,0.017699467,-0.033097234,0.048906937,-0.001113927,-0.10574212,-0.032082405,-0.09947796,0.05567048,0.06278167,0.043323927,-0.095384225,0.053607192,-1.1865389,-0.11643481,-0.10376505,-0.006787927,-0.09892434,-0.0092846975,-1.1471878,3.1840525
-0.04825303,0.24497715,-0.09665395,0.31453118,-0.028402107,-0.07997148,0.015813114,-0.023668207,0.20618682,0.07832376,0.30492342,0.1874285,0.39112216,-0.45970902,0.22476849,0.33365726,1.2838583,-0.084479064,-0.008933917,0.08272993,0.044331238,0.111124456,0.08349496,-0.003606351,0.15690431,0.1871021,0.0012740669,0.016222887,0.44281515,-0.08212422,0.18890384,0.13357292,0.59955925,0.27079698,0.12649667,0.035676986,0.16105637,-0.0049857916,-0.058298312,0.004698056,0.1846093,0.008590235,0.03289334,-0.05476524,0.098502696,0.04643509,-0.041176945,-0.11828479,0.06408327,0.010039579,0.031703666,-0.104291335,-0.029886652,0.16511193,-0.12879603,-0.112331115,0.011687617,-0.09379962,-0.018342981,0.2953808,5.500628
0.0057769464,-0.16640042,-0.04482266,-0.5314158,-0.29086387,0.117140666,-0.41889942,0.01662162,-0.06554222,-0.5859991,0.35414547,0.20649719,0.18016846,0.17513624,0.17063425,-0.37620082,0.59716284,0.04332549,-0.0677386,0.07124935,0.009235016,-0.021070141,0.08746064,-0.016539197,0.15065084,0.16011183,0.001021414,0.0742,0.3286231,-0.074695304,-0.010756163,0.14620447,0.3833796,-0.021442737,-0.04782632,0.09591659,0.15440153,0.001088825,-0.1408784,-0.0089036925,0.31029,0.009366289,0.0707625,-0.081151366,-0.015857626,0.11676724,-0.043801688,-0.1153236,-0.046599306,-0.031647153,-0.022979198,-0.14176123,0.13211384,0.46835855,0.7706852,0.11299251,-0.06552112,-0.084792435,-0.02142146,0.51669246,2.4773297
-0.019029573,-0.4144558,0.092568174,0.3603727,-0.05821579,0.16659479,-0.16243453,0.088959254,-0.087648876,-0.5631997,0.34020698,-0.4580878,0.3024615,0.4277054,-0.12481988,0.15560251,0.97862315,0.05120318,0.015256127,0.09416859,0.009056062,-0.023273554,0.107559115,0.0014294451,0.16970469,0.17412464,0.001021414,0.07392155,0.36389342,-0.08900747,0.023570787,0.14809838,0.47630498,-0.022361455,-0.07732499,0.0681959,0.15989296,-0.005975343,-0.102080084,-0.003645081,0.31233,0.0092505,0.0865494,-0.043637145,-0.014808852,0.101414114,-0.037925992,-0.13307215,-0.094978176,0.05337648,0.030757537,-0.12612148,0.08784945,0.46128762,0.6063988,-0.13699067,-0.0013195109,-0.085255146,-0.015653798,0.28746745,3.9858544
0.095863245,0.7778598,0.15330526,0.3516165,0.24853529,-0.0045488644,0.25352836,0.077311225,-0.006379429,-0.35262784,0.09496705,0.13255548,0.20463262,-0.39896318,-0.0025140909,0.5518456,0.647287,-0.2771431,-0.07686574,0.08599302,-0.045956217,0.07793716,0.14148527,-0.0046086516,0.09817101,0.06181526,0.001021414,0.03193009,0.11099508,0.040304087,-0.00050648255,0.032059647,0.20597121,-0.018231397,-0.05808457,0.13321063,0.14502183,-0.005955147,0.036692195,0.043112155,0.15666243,0.014539037,0.06733359,-0.11355157,0.004731641,0.019182187,-0.035250813,-0.114481494,0.06549695,-0.020620078,0.062270213,-0.113966115,0.066853836,-1.3448143,-0.07044871,0.21576594,-0.012528334,-0.13008595,-0.01858206,0.52172005,2.8028693
0.0019419286,-0.22682758,-0.017598795,-0.50375366,-0.005140448,0.1377315,0.26099524,-0.019042363,0.010160384,0.3616192,-1.0110503,0.03185995,0.2592594,0.4890569,-0.09764049,0.34428412,1.2575691,0.19325449,0.051379703,0.07917771,-0.18143816,0.13952556,-0.16466728,-0.011825908,0.16688861,0.059663348,0.001021414,0.061737765,0.39119223,-0.101521544,-0.052743576,-0.020094097,0.46312824,-0.08110017,-0.049301557,0.092183165,-0.36520398,7.876847e-05,0.108237475,0.032540284,0.31374803,0.022064278,0.013606934,-0.058169503,0.0848723,0.03838127,-0.050424084,-0.1099387,0.05701232,0.018877268,0.004791035,-0.11305758,-0.027901337,0.1685934,-0.17161171,-0.19909662,0.05281225,-0.07241613,-0.0074795033,0.36111206,2.4113128
0.00027155504,-0.3787447,-0.014013609,0.31204155,-0.013243924,0.05602163,-0.47095093,-0.05778178,-0.076815635,-0.47724625,-0.011367634,0.21781728,0.10629511,-0.38499606,0.13447441,0.48177657,0.45357585,-0.011529278,-0.080921,0.04294812,0.002837859,0.04048845,-0.17477144,0.05776164,0.07499416,0.002775941,0.00569626,0.054778147,-0.26547483,0.007882874,0.18238276,0.08250883,0.084225416,0.16057535,-0.01231036,0.08324374,0.08730293,-0.08821771,-0.28789222,0.031690307,0.10481459,-0.060374632,0.088501334,-0.13695301,-7.880386e-05,0.07106783,0.21064475,0.1838971,0.09204564,-0.043854583,0.0056947176,0.37888277,0.07790401,0.4282395,0.63403493,0.78848994,-0.04864242,0.27274272,0.23132655,0.5395934,3.7760658
-0.006266739,-0.15056168,-0.018677423,0.3863844,0.016546227,0.11174516,0.13922457,0.07462567,0.057305995,0.98953724,0.18608999,-0.23737119,-0.3749744,0.33310184,-0.16375674,0.21862859,-1.683867,0.23903471,0.05604826,0.064936206,0.21370225,0.49148864,0.033761248,0.2242895,0.116364665,0.0043576993,0.00060508953,0.1030197,-0.8353793,0.23036668,0.013080713,0.031479042,0.433623,0.31314874,-0.0031513534,0.14317814,0.07760697,-0.05698481,0.08662659,0.13772857,0.09872735,0.015170908,0.093682215,-0.082949266,0.086224906,0.022062646,-0.05317438,-0.086352356,0.06198585,0.0072499337,-0.012400128,-0.07895487,-0.024354925,0.13536808,-0.08006637,-0.18797912,-0.00069464184,-0.07481249,-0.021310303,0.21994641,2.0340152
0.013321615,0.5613814,-0.00346056,-0.18901221,0.0064023025,0.06766872,0.020169215,0.1465441,-0.028699085,0.45226592,0.33053464,0.097252406,0.26407048,0.6076466,0.0015461124,0.44958884,0.91883916,0.1336078,0.041762024,0.028776517,0.25614208,0.33303568,0.07047066,0.103801,0.1070684,-0.028057454,0.00060508953,0.15178885,-0.56575537,0.21324974,0.027176488,0.029642347,0.55821484,0.3590605,-0.039246045,0.14036067,0.13285807,-0.057411548,0.13000597,0.07009165,0.08942334,-0.025375027,0.090118796,-0.10955107,0.06492287,0.07503093,-0.037364177,-0.05611422,-0.09193982,-0.040426057,0.07665914,-0.09186244,0.07273163,0.44980052,0.6280157,-0.17456241,-0.02117462,-0.07849185,-0.006060778,-1.2767761,5.4503126
-0.018689625,-0.1460397,-0.031194238,-0.5414863,-0.0047636386,0.17363907,0.016050318,0.011174569,-0.007498475,0.64907706,0.10547614,0.119433574,0.20453964,0.5970063,0.02508519,-0.32251948,0.8941815,0.13629705,0.04713085,-0.060137883,0.20672153,0.468765,0.0587243,0.14479375,0.07887429,-0.017398957,0.00060508953,0.08470887,-0.89484894,0.15549295,-0.06485387,0.05201758,0.52061784,0.32810766,-0.017738342,0.13609828,0.11962631,-0.026579047,0.120670825,0.05782272,0.11784875,-0.028902091,0.078999795,-0.10797417,0.10305775,-0.21401852,-0.040257532,-0.07408098,-0.01774123,0.050723992,0.07042575,-0.10081525,0.12238607,-1.5346234,0.7114213,0.36503428,-0.06376267,-0.07164641,-0.0039782384,0.34191674,3.0630035
0.013791164,-0.113465525,-0.008442899,-0.44344175,0.0053374935,0.019477814,0.20090398,0.06441717,0.1158831,0.4290291,0.2830072,0.15579256,0.33395508,0.26438817,0.19493653,-0.62526214,1.1816907,0.11676687,0.03900446,0.045241848,0.00051270425,-0.054084364,-0.015992146,0.15152973,0.093191124,0.002829235,0.00060508953,-0.027056422,-0.8832751,0.2547506,-0.13051517,0.04798481,0.52781886,0.482968,-0.059633445,0.10661548,0.039811514,0.0003220567,0.07544273,0.08024509,0.16809222,-0.017312054,-0.08132205,0.19102658,0.06786543,0.10754126,-0.01436604,-0.08799708,0.056619037,0.05682991,-0.06341441,-0.022630882,0.14172547,0.15718041,-0.16615106,0.45612162,0.09184316,-0.106876254,-0.01659806,-0.3329844,3.5522745
-0.00034253672,-0.1590731,-0.0028819498,-0.39529148,-0.04085683,0.01414288,0.029445345,0.077580616,0.0012917956,0.21116075,0.25916862,-0.39289212,0.19194008,0.20411041,-0.2020489,-0.5460155,0.8615172,0.106050365,0.022881238,0.04731996,0.011505166,-0.004007099,-0.050193574,0.041624777,0.09925776,-0.008110122,0.0013852336,-0.022024449,-0.8730994,0.0537439,-0.022431113,0.05501823,0.4708555,0.248046,-0.0034571402,0.11444837,-0.015703626,3.4770928e-06,0.0672596,0.04152038,0.15124379,0.0101299025,-0.061313264,0.22574583,-0.048831712,0.09411164,0.26274544,0.23530862,-0.10441914,-0.022903118,0.13992292,0.3462359,-0.04677752,0.487712,0.6788772,0.3423556,0.09473592,-0.10475603,-0.026453976,0.22459784,3.3711166
0.029509233,0.17084493,0.0016594785,0.34161997,0.04520336,-0.040858366,0.14649768,0.15307407,0.26682395,0.08606642,0.017804824,0.093435645,0.3515027,-0.25479704,-0.017729834,0.3778909,1.0448115,-0.119626835,-0.027843364,-0.17767805,-0.07009757,-0.26498067,-0.039401922,0.14488639,0.09673768,-0.10086671,0.00060508953,-0.08756541,-0.88360584,0.20530908,-0.24481438,-0.11380444,0.29331192,0.2704501,-0.02584548,0.12499622,0.03869343,9.6790725e-05,0.015232943,0.01879951,0.15164828,0.00716608,0.031686105,0.09960549,-0.03296488,-0.2195131,0.15315783,-0.07563723,-0.11360256,-0.06391491,0.13118145,0.24718228,0.0016040066,0.44218698,-0.19545975,0.7400753,0.01260891,0.12234919,0.14911656,0.2895193,3.7443438
-0.025096165,-0.20783328,0.011440294,-0.511142,0.030150838,0.026206411,0.0031451005,0.13168253,0.19188966,0.14827335,0.31330916,0.14276446,0.32104552,0.60061914,-0.09341245,-0.29407746,0.9636096,0.07462166,-0.012655187,0.036798887,-0.09868275,-0.27696288,-0.028977755,-0.050933093,0.069709465,-0.0006804494,0.00060508953,-0.069269314,-0.5337984,0.2381476,-0.10480225,-0.12872982,0.35356122,0.38853973,-0.025498506,0.121486515,-0.043484155,-0.0037818782,0.09979573,0.037772458,0.16158663,0.016025549,-0.11450498,0.09773084,0.10336461,0.12038,-0.045244202,-0.18123128,-0.08161104,0.082539745,0.08548864,-0.091976196,0.027792588,0.4568786,0.7587056,0.42239982,0.10644597,-0.117716536,-0.018650541,-0.929165,2.6545954
-0.015949832,-0.23069932,-0.013675556,0.42636994,-0.25064057,0.21886142,-0.06350829,0.14931826,-0.056371935,-0.31778583,0.23858318,0.19037507,0.2883097,-0.38293213,0.12180358,0.070788145,0.8475965,-0.17794923,0.058195837,-0.13158733,-0.0379712,-0.30307913,0.1562095,0.054054517,0.073415145,-0.12512979,0.00070763525,-0.09197472,-0.97063774,0.1689374,-0.22761238,-0.12119503,-0.27961612,-0.19578697,-0.051305223,0.11649788,0.0849019,-0.09610703,-0.44266587,0.10215403,0.1061359,-0.06076673,-0.010563538,-0.15944456,-0.048247144,-0.20959707,0.193544,-0.14499268,0.07995174,-0.061697897,0.12893103,0.36246002,-0.026244797,0.45372048,0.14280711,0.94118255,0.0075386036,0.3522988,0.24602968,0.47534236,1.5512863
0.03170166,0.5234513,0.061784487,0.17655611,0.019037932,-0.104660675,-0.3629704,-0.13894157,-0.14035645,-0.62017095,-0.052055232,-0.009121249,0.19757986,0.072779596,-0.11782206,-0.79362625,0.697436,0.058546614,-0.05734638,0.033568967,0.040667377,-0.15216565,-0.118430614,-0.0017560809,-0.25864196,0.0861881,0.001021414,-0.04937446,0.18584587,-0.056485757,-0.12172696,-0.0062454874,-0.50377625,-0.29227522,-0.018378679,-0.1384573,-0.24580705,0.008833582,-0.012785527,-0.07187443,-0.48761305,0.0043650037,-0.03389629,0.19169141,0.07766706,0.0350734,-0.055179138,-0.21547812,-0.07435134,-0.08126216,-0.013073319,-0.09395148,0.039247964,-0.053747557,-0.70423615,-0.16616261,0.16638424,-0.09407881,-0.12720284,-1.8401973,-5.7762547
0.03680779,-0.28639808,-0.08608237,-0.23025218,-0.046845198,-0.02896314,0.0002313368,-0.015350986,-0.08492534,-0.44173357,0.25726515,0.02800379,0.2816126,0.168471,-0.1118142,-0.63293874,0.9383854,0.054814942,-0.047976904,0.0009194063,0.00321309,-0.43194833,-0.04547807,-0.049284533,-0.36756402,-0.11482296,0.00060508953,0.03895422,0.1114099,-0.088692784,-0.062448602,0.07766099,-0.70387465,-0.20642026,-0.18918815,-0.11485961,0.13460945,0.013007195,-0.2571549,-0.052014925,-0.46788108,-0.030427791,0.0028951224,-0.1450187,-0.07637186,-0.2548446,0.12990165,-0.1591061,-0.06624299,-0.07965354,-0.030054001,0.3448291,-0.024888821,0.3150239,-0.84597474,0.18159759,-0.07623929,0.30075467,-0.0026334785,0.36902043,-3.1663756
-0.013020165,-0.30598176,-0.056408517,-0.66982865,-0.05294036,-0.09851065,0.20686038,0.07137225,-0.016148813,0.41413873,0.13831085,0.09310329,-0.096606895,-0.35020036,0.11342989,0.45850646,0.23460722,-0.03520246,-0.2086059,0.03428031,-0.19472285,0.11409238,-0.2835859,-0.04041367,0.06825274,0.027958792,0.001021414,0.044625305,-1.3854649,-0.11377625,-0.08379784,-0.020413972,0.14673828,-0.12017566,-0.051219717,0.07293115,0.10164868,-0.00061858795,0.06764582,-0.003329008,0.027007442,0.011889811,0.0017925324,0.04359757,-0.046097882,-0.2293837,-0.051544648,-0.09264168,-0.0142204985,0.07134607,-0.046746343,-0.11037601,0.06417295,-1.6392386,-0.17867036,-0.16611633,-0.08031817,-0.12496394,-0.026225027,0.29138684,-4.0867987
0.017186813,-0.21654761,-0.089821264,-0.40238616,0.059891183,0.12720746,-0.03992463,0.08855721,-0.0639806,0.54669386,-0.0057200026,-0.23088552,-0.46503308,0.056914255,-0.15466312,-0.810782,-1.8139323,0.054657374,-0.0039127255,0.058379643,0.07575157,-0.23996001,0.059979826,-0.009875648,0.011200961,0.15133779,0.001021414,0.028830664,0.19940023,-0.10816775,-0.06726205,0.12661108,-0.45003945,0.15211856,-0.018247154,-0.10925535,-0.05118259,0.023367433,-0.123230964,-0.030074148,-0.13604172,-0.011066519,-0.02043095,0.09455939,-0.08553326,-0.16115946,-0.057730876,-0.15652844,0.023145244,0.033801537,0.0041116443,-0.11846493,0.079476975,-0.6942267,-0.14571768,-0.07531266,-0.02192352,-0.11520935,-0.026971104,0.12064557,-5.1363544
0.025323397,0.37695786,-0.06330873,0.22830898,0.0030968618,0.043983623,0.10505988,0.000915898,-0.09595487,0.2610955,0.1376742,0.11151002,0.26392478,0.27832374,0.09366012,-0.5551595,0.9699102,0.060258966,0.02026093,-0.213813,-0.16876914,-0.23600882,0.0263938,-0.011900603,-0.20240887,0.030255124,-0.0029482702,-0.01504614,0.27843246,0.009200015,0.22033165,-0.069489405,-0.5967398,-0.4487535,0.102131136,0.09445441,-0.066577286,0.0021055941,0.08298692,0.061577953,0.046128355,-0.06548971,0.03700662,-0.17718123,-0.095783055,0.081494406,-0.03845439,-0.1358761,-0.0697699,0.068154976,-0.053475305,-0.11416417,-0.06095926,-1.4636729,0.44422606,-0.17364487,0.049666606,-0.09356495,-0.0012260741,-1.2809764,-1.956305
-0.0027044602,-0.2084039,-0.067270026,-0.4515109,-0.085247375,0.088817425,-0.015392126,-0.09250811,-0.10034913,-0.5055107,-0.07230574,-0.25120306,-0.48365733,0.08858655,-0.20043069,-0.60925776,-1.8818438,0.07703283,-0.074241124,-0.034998238,0.027686968,-0.31235415,-0.054282233,-0.014223108,-0.30683935,-0.115562625,0.00060508953,0.07161711,0.15287209,-0.10560328,-0.03922244,0.09203375,-0.5876347,-0.13401034,-0.031132344,-0.1302121,0.038491845,0.010808239,-0.100714065,-0.035665505,-0.22210321,-0.015991148,-0.015778614,0.091525026,-0.07583417,0.080001354,0.2721485,-0.2059229,-0.03808499,-0.08651619,-0.015523973,-0.16096431,0.06512708,0.22849624,-0.56512487,-0.027813382,0.07183789,-0.06499538,-0.027989626,0.07375351,-7.0954914
-0.016055053,-0.1942115,0.04505427,0.18540902,-0.13939403,-0.054495417,0.15443191,-0.09500083,-0.039794404,0.29415473,0.046591833,-0.32680714,-0.4286183,0.17362648,-0.14778093,-0.6859059,-1.8126622,0.095940635,-0.009017594,0.030902937,-0.16589762,-0.08449215,-0.08015367,0.024499105,0.07036554,-0.040067676,0.00060508953,-0.04598971,-0.7102212,0.037121117,-0.07076577,-0.101054,0.32455587,0.24129584,-0.0224358,0.09504997,-0.08649767,0.0002161488,0.0094626155,0.041606992,0.067112066,-0.0016271621,-0.07980549,0.09591438,0.07037745,0.07713088,-0.06263085,-0.14715828,0.038347766,0.007436805,0.04577218,-0.085107855,-0.030602405,-0.8719417,-0.2246225,-0.28010356,0.062473986,-0.10607463,-0.032616727,-0.67091656,-5.615071
-0.018993337,-0.28941792,-0.04498115,-0.58825636,-0.034432597,-0.06385648,0.1823493,-0.030787742,0.024581255,0.2493389,-0.7137215,0.10183641,0.177333,-0.5122995,0.12089319,0.27384505,0.7728386,-0.034471255,-0.21988043,0.039257314,-0.11943261,0.067423254,-0.27269092,-0.032208756,0.098530516,0.018424321,0.0012740669,0.051810883,-1.1451236,-0.11981796,-0.0703042,-0.025701527,0.24030247,-0.07929734,-0.055663608,0.07941094,0.08944305,-0.0029578744,0.06603549,-0.0056781713,0.061916567,0.011889811,0.0017925324,0.107872054,-0.04574708,-0.21035144,-0.043334667,-0.10819845,-0.04743799,-0.03717652,-0.071105585,-0.103729494,0.04357207,-1.6728446,-0.54197,0.38406765,-0.07644297,-0.14427158,-0.026425192,0.31358856,-4.029383
-0.04010525,-0.48289308,0.00982536,0.18633698,-0.081525885,-0.27235228,-0.027967295,-0.028249707,0.19580023,-0.31461814,0.27835292,-0.33410305,-0.43795305,0.20454682,-0.18714291,-0.004262142,-2.008933,0.08341311,0.028437488,0.054336444,-0.065097265,0.03966121,-0.06645034,-0.015536798,-0.22393014,0.11716974,0.0014251124,0.0069150776,0.19765964,-0.09940035,-0.05419064,-0.010259528,0.08389112,-0.29072157,0.0011462336,-0.2018705,-0.2607787,0.008596218,0.03243832,-0.14522272,-0.40219197,-0.00096254144,-0.05944392,0.21742178,-0.052085318,0.0068783034,-0.049250267,0.26438144,-0.004728619,0.0935853,-0.0024476205,-0.1105289,-0.025661884,0.21095754,-0.12691684,-0.12889373,0.12849121,0.3095434,-0.005956675,0.05993163,-3.8014903
-0.0043365066,-0.4240255,-0.0038483292,0.16023698,-0.07385016,0.0743673,0.009865759,0.00066621974,-0.0767269,0.7913908,0.16779749,-0.31743252,-0.38404685,0.3683883,-0.13038054,0.08860471,-1.6465867,0.12104406,-0.049456835,0.06326383,-0.2199793,-0.27080858,-0.13917221,-0.01940373,0.077822536,-0.027261566,0.0013852336,-0.08444688,-0.7592161,0.23388499,-0.13473098,-0.20018113,0.21074969,0.3079625,-0.069321215,0.09200468,-0.06328276,-0.0027826536,0.011157392,0.015165344,0.06338077,-0.012450231,-0.10415413,-0.14482966,0.054509774,0.08950767,0.018140526,0.19807142,-0.10722459,0.007356395,-0.014374301,0.13069694,-0.020673284,0.19206971,-0.17022072,-0.26067287,-0.0058938693,-0.07838246,-0.027152019,-0.939975,-3.4377902
-0.0043365066,-0.4240255,-0.016535597,0.17034553,-0.121405445,0.0743673,0.015861481,0.00066621974,-0.05804147,0.7862795,0.17067702,-0.31743252,-0.382183,0.3866773,-0.123817675,0.094416805,-1.6701236,0.16898787,-0.049456835,0.06326383,-0.2167346,-0.25994352,-0.13572559,-0.01917725,0.077822536,-0.027261566,0.0013852336,-0.09436098,-0.7608208,0.23388499,-0.13473098,-0.20018113,0.23616192,0.29612765,-0.06985547,0.09200468,-0.06328276,-0.0027826536,0.011157392,0.015165344,0.06390207,-0.012450231,-0.10415413,-0.14482966,0.054509774,0.08950767,0.018140526,0.19513911,-0.10722459,0.007356395,-0.014374301,0.13069694,-0.020673284,0.19739297,-0.17022072,-0.26067287,-0.0058938693,-0.07816943,-0.027152019,-0.939975,-3.3861074
-0.014314624,-0.1578675,0.0014811633,-0.5036566,0.0025407132,-0.019071586,-0.04393898,-0.048761323,-0.09260985,0.49065697,-0.19821388,0.15000361,0.26228946,0.16697733,-0.06644572,-0.6929281,0.95057607,0.088284515,-0.014882572,0.03155279,-0.18059567,-0.06448859,-0.0413659,0.0059290924,0.08183405,-0.021477971,0.00060508953,-0.074021205,-0.97383785,0.039977923,-0.08369225,-0.11524606,0.41218323,0.32288113,-0.08485536,0.062054195,-0.041155383,-0.001512351,0.04458358,0.03314107,0.10857934,0.0019153744,-0.12742777,0.18561266,0.043393306,-0.051545933,-0.038455106,-0.109035686,-0.086307004,0.019347878,-0.03974893,0.08121011,0.022584453,0.22877961,-0.028289977,-0.11741773,0.08155,-0.10308865,-0.035765365,-1.4260924,-1.7775891
-0.032049607,-0.19351225,-0.034702517,-0.6518315,-0.43724853,0.0005890643,-0.40497434,-0.03391996,-0.113649994,-0.51909375,0.13737054,0.08218753,0.17415729,-0.25502694,-0.046669625,-0.21329474,0.5772008,0.0051676044,0.053832673,-0.19349046,-0.069072984,-0.40105376,0.12999232,-0.04483743,0.055872057,-0.14862296,0.0013852336,-0.037936125,-1.3365867,0.13431613,-0.22745906,-0.16686718,-0.54025954,-0.18254045,-0.07988976,0.12909678,0.081252374,-0.10071084,-0.4272259,0.055056915,0.13480394,-0.06326655,-0.031880405,-0.18753366,0.07337038,0.063515365,-0.015703036,0.20423074,-0.028699327,-0.064548865,-0.066311024,-0.13628285,-0.034424257,0.35752988,0.54113036,0.4009059,-0.061891653,-0.15468961,-0.021969866,0.34192234,-4.024842
-0.053919036,-0.38638538,0.0015547983,0.20365436,-0.10069383,-0.06570349,-0.4790065,-0.13252325,-0.064234264,-0.5783627,-0.041032445,-0.0043246252,0.17894986,-0.3352831,0.117714554,0.022016078,0.5067537,-0.016660199,-0.05067171,0.0366431,-0.04025719,-0.04779127,-0.14556682,0.064952224,0.07521196,-0.031090494,0.003930341,0.06904728,-1.3055022,-0.023157332,0.13647017,-0.013680691,0.28599623,0.13604985,-0.039642222,0.06519551,0.083336815,-0.124537185,-0.4938847,0.069168516,0.058868825,-0.079642355,0.012383986,-0.14083153,0.006142173,0.087496534,-0.036340684,0.23196016,-0.23939317,-0.057854056,-0.033124648,0.3413872,-0.024424735,0.3333699,0.5383672,-0.48188582,-0.0018938873,0.04638598,-0.01735405,0.42982793,-1.5438204
-0.063781545,-0.5145798,0.09268935,0.35423768,-0.13160333,0.2174668,-0.16477606,0.042281397,-0.039380558,-0.4562157,0.24209891,0.018686924,0.24345963,-0.20295703,-0.019268941,0.5538847,0.79010284,0.05128475,-0.06499214,-0.08894086,0.039047755,-0.47611678,-0.070925154,-0.045531992,-0.32155377,-0.11947078,0.001021414,0.05321853,0.1888647,-0.08537981,-0.073699914,-0.00024871156,-0.5371778,-0.2126007,-0.20427741,-0.14173044,0.101635404,0.009250964,-0.1265691,-0.022133632,-0.40866473,-0.009492226,-0.0032067792,-0.16931051,-0.08554791,-0.0047084633,-0.06390275,-0.17129853,-0.18026668,-0.1171893,-0.06157081,-0.16493939,-0.046501588,-1.3439107,-0.7609443,-0.007818934,-0.044239305,-0.111913465,-0.016048638,0.36062494,-4.595531
0.08547772,-0.20078519,-0.055407926,-0.5527292,0.04079651,-0.16096675,-0.062334374,0.062275793,0.22212124,-0.27595118,0.17800938,-0.22367497,-0.4132768,0.31964558,-0.049582597,0.08693764,-1.5990169,0.023073189,0.033631947,0.10356426,-0.064316966,-0.19652833,0.0015236158,0.004994543,0.111029625,0.11794703,-0.0018057512,0.09034462,-0.8059755,0.24173042,0.00393614,-0.104610436,-0.32733384,0.2775116,-0.03337686,0.08542377,-0.020397954,-0.002727895,0.046708483,0.09540197,0.09585938,0.00014664326,0.046278074,0.11413033,0.041571304,0.081768736,-0.03539849,0.26097006,-0.07453918,-0.04153173,-0.02907976,-0.02981187,-0.023452625,-0.066120476,-0.37712243,-0.07357665,-0.0054812804,0.12999518,-0.028194968,-0.83245546,-3.7647593
0.0069875624,-0.21568064,-0.07167572,-0.4834915,-0.00524435,-0.047002275,0.19965419,-0.019871477,0.0020739278,0.10695532,-0.5828134,0.0058503402,-0.33427724,0.2604859,0.16493149,-0.6788611,-1.5647514,0.1119541,-0.0414316,0.027535304,0.15998133,0.22762048,-0.124088414,0.16055323,0.0751272,0.005177226,0.0012740669,0.028496468,-0.8577125,0.027585268,-0.040133394,-0.025352616,0.2801729,0.24022764,-0.011180431,0.07137358,0.045569018,-0.04287891,-0.09757154,0.044092223,0.018092923,-0.04018671,0.005550767,0.029478678,-0.044194333,-0.0245964,-0.063210726,-0.12485651,0.036293663,0.05817917,-0.0215258,-0.0767127,0.008073462,-0.92374927,-0.1772819,-0.2368082,0.07208519,-0.10014422,-0.022158604,0.38260192,-4.2354097
-0.041053575,-0.28046083,-0.012323134,-0.6253728,-0.018621402,-0.06162822,0.17550556,-0.07333814,-0.1288897,0.43094397,0.12824619,-0.2909715,0.25972727,-0.2708326,-0.18103205,0.17730999,1.2005295,-0.085724846,0.001859827,0.025273688,-0.20968817,-0.10017763,-0.09378487,-0.016880024,0.09184929,-0.004128675,0.00060508953,-0.20064086,-1.451571,0.021425363,-0.24859677,-0.21758643,0.38018987,0.30915868,-0.099658474,0.088835806,-0.070375,0.0056854812,0.06436265,0.03828512,0.16946164,0.0016400781,-0.107850105,-0.113773495,0.07709049,0.0107723735,-0.049348246,-0.11931058,0.049387634,-0.004244644,-0.081148766,-0.09663032,-0.041487128,0.101668626,-0.23222204,-0.26899305,0.010666216,-0.109417126,-0.033953026,0.19220458,-2.0290306
-0.042795002,-0.3159599,-0.095823035,0.091555536,-0.09353114,-0.061485223,0.02826846,-0.010269042,-0.15912804,0.3043651,-0.5560617,-0.2419622,-0.45269784,0.16816047,-0.08815586,-0.7095204,-0.5371599,0.07215421,-0.0085574575,0.052585933,-0.090155564,-0.04956554,-0.12276194,-0.01099249,0.08642513,-0.04016924,0.0013852336,-0.078611374,-0.89409494,0.09769267,-0.13581213,-0.110137664,0.33572125,0.32011902,-0.07573734,0.0883142,-0.07077389,0.005826735,0.01049356,0.029674081,0.095445305,-0.0037035714,-0.08711402,-0.14036039,0.07153741,0.10281856,-0.0029161442,0.22397274,-0.09243601,-0.048186496,-0.032938316,-0.020635415,-0.022461077,0.21075116,-0.45344353,0.03978605,-0.0010599643,-0.08459807,-0.028322108,-0.65251964,-4.285561
-0.012787327,-0.31190944,-0.06510611,-0.66832876,-0.04558876,-0.070694976,0.20157291,-0.029864637,-0.016148813,0.34945488,0.13763703,0.10784832,0.09866662,-0.30534422,0.11875805,0.30029744,0.22781831,-0.024415292,-0.2086059,0.02369475,-0.19472285,0.11409238,-0.282086,-0.04041367,0.06647344,0.0056327265,0.001021414,0.031243425,-1.3782197,-0.11377625,-0.08379784,-0.020413972,0.14448538,-0.11637388,-0.05071547,0.05593276,0.103186764,-0.00061858795,0.06509759,-0.003329008,0.027007442,0.012394059,0.0017925324,0.041344684,-0.04651595,-0.2293837,-0.051544648,-0.09264168,-0.0142204985,0.09396668,-0.050810006,-0.11037601,0.06417295,-1.6480179,-0.2102185,-0.1659452,-0.078666076,-0.12496394,-0.021713572,0.3018795,-4.192807
0.004223197,0.4475845,0.035120443,0.22027703,-0.059181817,0.005761087,0.13269459,0.04850448,0.0049569113,0.40141395,0.09355088,-0.2178411,-0.49613857,0.042191975,-0.20029241,-0.7612923,-2.0400543,0.06337321,-0.077461265,0.020331718,0.036906697,-0.2729604,-0.019069795,-0.015097542,-0.30020767,-0.094223276,0.001021414,0.035300694,0.18036853,-0.11058741,-0.046235263,0.107244074,-0.6128309,-0.12754978,-0.091942646,-0.13891476,0.08431085,0.008596218,-0.074440524,-0.038236387,-0.19333461,-0.001189928,-0.0012361896,0.1681636,0.12973386,0.014681505,-0.028637009,-0.14895807,-0.1187082,-0.08195286,0.0074321353,-0.081106946,0.03530876,0.06335696,-0.52287155,-0.1602458,0.045577586,-0.10246866,0.0027559847,-0.043008476,-4.837533
-0.0148469545,-0.44787353,0.0033897962,0.23325668,-0.110767804,-0.048698895,-0.29507232,0.035485957,-0.046744674,-0.57315487,0.1381247,-0.22238739,0.06880386,0.24576657,-0.12133447,-0.41762492,0.39041328,0.086823,-0.020800363,0.03943835,0.02113378,-0.16492026,0.120777994,0.0010273019,0.13970816,-0.03502536,0.001021414,0.024651106,0.20285876,-0.11722284,0.013884531,0.13664812,-0.49858144,-0.005605912,0.14302118,-0.1398029,0.047910333,0.024964705,-0.08131857,-0.043869585,-0.31187475,-0.0058728936,-0.039725885,-0.087634966,-0.064985245,-0.16336739,-0.07853136,-0.15080467,-0.16430676,-0.024595447,-0.09060221,-0.1671775,-0.04446293,-1.0567201,-0.50951284,0.008362618,-0.072989054,-0.08581954,0.004493644,-0.4449196,-4.83759
-0.022954186,-0.25952512,-0.043203592,-0.5726687,-0.22617613,-0.0072898874,-0.36551666,-0.11401728,-0.06967315,-0.39649066,0.034719512,0.04103941,0.08081876,-0.2837153,-0.016898075,0.38120577,0.58814764,0.009757731,0.049416646,-0.11381566,-0.075920366,-0.41111064,0.11211626,-0.059041057,0.05660142,-0.13613962,0.00060508953,-0.093627244,-1.1290401,0.1476642,-0.20916855,-0.16686718,-0.35856557,-0.21032079,-0.08147228,0.12381763,0.058467858,-0.032209937,-0.20883057,0.0103796795,0.07244629,-0.06432423,-0.0149332555,-0.16199724,-0.045839947,-0.18237464,-0.039280668,-0.124185115,0.07105665,-0.05559819,0.08875452,0.35408938,-0.054486334,-0.99506205,0.49793842,0.96503955,-0.03961479,-0.14250791,0.24776694,0.3396469,-3.2529664
-0.05104483,-0.22885142,-0.035621256,0.22267321,-0.14487655,0.050830968,-0.3292754,-0.11142418,-0.010747515,-0.52701074,-0.10122143,-0.267717,-0.56568754,0.36797902,-0.14189094,0.055507153,-1.8819157,-0.09188837,-0.037433363,0.01870396,-0.04650268,0.030832106,-0.082782604,-0.015011441,0.11006311,-0.035257403,0.001021414,0.04732849,-0.55977553,0.00026248768,0.13670151,-0.009490015,0.17009594,0.12616074,-0.02282177,0.107782274,0.057396628,-0.0051141353,-0.18411963,0.10288274,0.045993675,-0.026660189,0.012997653,-0.10914745,0.014463092,-0.09839564,-0.045094877,-0.1717252,0.05041679,0.09746059,0.028063038,0.2669068,-0.031937107,0.32339984,-0.16259085,-0.074437015,-0.07748392,-0.10683003,-0.029472595,0.44957748,-3.5257556
-0.049813066,-0.34016085,-0.043216154,-0.582391,-0.41560274,0.115362674,-0.027971676,-0.096936405,-0.092973344,0.31576782,0.09058677,-0.045370426,0.200384,-0.45314777,-0.05480443,-0.048085444,0.61885554,-0.24432321,0.046129197,-0.1494261,-0.11953128,-0.32209593,0.039921515,-0.029123195,-0.25180528,-0.05957345,-0.0023636157,-0.0010889377,0.25058293,0.03182573,0.031242758,-0.100903496,-0.59630644,-0.43455383,0.06764221,0.071090356,-0.05190197,0.004672668,0.11865212,0.09007414,0.1407752,-0.022809187,-0.009360524,0.095347464,-0.13519107,-0.024669938,0.18141891,-0.25938672,-0.27076277,-0.1419917,-0.030419005,-0.083417244,-0.026296321,0.2949044,-0.68701035,-0.55057013,-0.100239106,0.37368897,-0.020664882,0.36634928,-3.4309845
-0.058759052,-0.23382856,-0.022119712,-0.47499773,-0.030772096,-0.03291419,-0.011219226,-0.12947045,-0.054580636,0.31761098,0.020496693,-0.2689237,0.18451416,-0.49153695,-0.06365203,0.065734684,0.7933543,-0.24449581,-0.008576841,0.031991076,-0.14832726,-0.066843554,-0.06651457,-0.025928486,0.070676126,0.0032420075,0.00060508953,-0.1159002,-0.9457596,0.039575264,-0.12112056,-0.15602636,0.2609942,0.3669693,-0.09308612,0.073860265,-0.07039368,0.000585912,0.022325085,0.034780398,0.08742745,-0.0027247323,-0.104666546,0.06816169,-0.029040592,-0.021347057,-0.052271817,-0.12510073,-0.04775162,0.05961103,-0.050883055,-0.078708135,0.053603653,-1.3640429,-0.42336997,-0.28799912,0.09550509,-0.13024811,-0.034548096,-1.1748284,-5.2116547
-0.067365214,-0.45837498,-0.09265423,-0.38814142,-0.13391057,-0.06181107,-0.14609994,0.04503291,0.062030744,-0.49694285,0.32713246,-0.5072787,0.18649301,0.36883745,-0.13961959,-0.6827661,0.3717009,0.014153395,-0.08648874,0.046961643,-0.052238677,0.19139072,0.05627422,-0.03236722,0.069168255,0.09900195,0.001021414,0.0082199,0.23959428,-0.15261492,0.042168647,0.07047803,0.36249635,0.15100048,0.09006346,0.122020274,0.06957363,-0.009592064,0.028282493,-0.043667473,0.048117157,0.020210842,-0.014632233,0.066653654,-0.18490495,-0.061915837,-0.0338622,-0.18701895,-0.105517924,0.014844174,0.0062585757,-0.017553749,-0.051379796,-0.19405329,-0.22414495,0.12150285,0.05350073,-0.10106304,-0.017924545,-1.0904227,-2.482143
0.022386137,-0.2157211,-0.037191384,-0.5643595,-0.0145785585,0.13589063,0.004611384,0.047053255,-0.071867995,0.49475065,-1.1132066,0.030614391,0.31065857,0.037525177,-0.18904826,-0.8481691,1.0063477,0.077332355,0.0017622393,0.060840927,-0.06280496,-0.24056363,0.10074389,-0.0036583133,0.08436,0.16249584,0.001021414,0.04088417,0.26996887,-0.101590164,-0.082369484,0.13071883,-0.6880955,0.16503552,0.05024481,-0.13740644,-0.11019599,-0.049393196,-0.24277802,-0.030637601,-0.28916603,-0.031544764,0.006646989,-0.06978779,0.06523965,0.006508017,-0.050869673,-0.118494004,0.04794623,0.008561799,0.003095476,-0.14703898,-0.038046826,0.07243245,-0.20918679,-0.14749847,0.015191401,-0.09583279,-0.007855684,0.21485364,-2.3332353
0.050178807,0.39990526,-0.021961844,0.20392965,0.1372326,0.0907863,0.035553165,0.069780834,-0.09170952,0.32348567,-0.7281162,-0.21185245,-0.42241174,0.27555728,-0.11418871,0.013633339,-1.8027068,0.07473184,0.035004243,0.08675292,-0.025650416,0.43098256,-0.070364356,-0.020197025,-0.20863494,0.10405564,0.001021414,0.046139374,0.2128423,0.03833426,0.12522592,-0.024999235,-0.38645905,-0.29053578,0.12217336,-0.14879408,-0.1847589,0.0084338095,0.07637539,-0.019518834,-0.28371695,0.004817048,-0.04775853,-0.16139366,0.016326454,0.029982308,-0.05270949,-0.12855397,-0.14001065,-0.07340151,-0.055800162,-0.10457039,-0.022143602,-0.65239537,-0.3930938,-0.018695991,0.088691905,-0.07987344,-0.0026112609,0.10137147,-3.7862833
0.03680057,0.1457478,-0.025349576,0.27278176,0.22697161,-0.28513816,-0.20853296,-0.021719042,-0.060743086,-0.35805336,0.24368389,0.08896628,-0.09746448,-0.36679217,0.1626445,0.35977924,0.41248032,-0.07347213,-0.02032311,-0.15205467,0.11001429,-0.075056195,-0.12231508,-0.008694558,-0.2285207,-0.21551056,0.001824351,-0.052784607,0.28438115,-0.070758834,-0.008489711,0.0054372884,-0.058106426,-0.27526075,0.1313784,-0.18035945,-0.36758995,0.007982973,0.011770467,-0.12282708,-0.665542,0.009077104,-0.03981702,-0.26960474,0.07734917,-0.0033348873,-0.08991258,0.21614525,0.06776603,-0.00915258,-0.05753175,0.021809036,-0.022508385,0.17063951,-0.24558647,-0.48822078,0.018623594,0.24492183,0.0025410918,0.43134826,-1.5842619
-0.039352678,0.6034623,-0.07116749,-0.39258972,-0.058385342,-0.15978247,0.14849234,-0.06629826,0.073652536,0.117334105,-1.0669587,0.09459072,-0.06741567,-0.13056636,-0.0032087993,-0.3736797,0.6749326,-0.12864698,-0.030146023,0.06735759,-0.037795965,-0.0881321,0.052104943,-0.0023269565,0.031608887,0.1511445,0.0006166729,0.047747537,0.24498576,-0.08990678,-0.09844035,0.08022234,-0.4234505,0.13205104,0.07203085,-0.16930099,-0.14482649,-0.04899965,-0.18337484,-0.011085762,-0.28532413,-0.0057861865,-0.013379386,0.1180842,0.04635948,-0.04235635,0.03483241,-0.1103638,-0.047867104,-0.11401446,0.008699596,-0.1745401,-0.04966236,-0.13375321,-0.048611466,0.14706668,0.07682745,-0.121620566,-0.0053327396,0.424562,-1.5896838
0.07856851,0.6367028,-0.13521661,-0.2920677,0.04878607,-0.108321846,-0.46311808,-0.16509543,-0.1610136,-0.6504028,-0.03889701,-0.027833112,0.19190012,-0.46905017,-0.106595784,0.31669974,0.7627239,-0.32553,-0.11721441,0.05183352,0.038020067,0.07701428,0.11004817,-0.009506658,0.18314007,0.038040742,0.001021414,0.03959013,0.24776223,-0.05693313,-0.06938103,0.13807379,0.24391772,-0.08784295,-0.08066332,0.09183462,0.011091676,0.0056854812,0.07411868,0.025886435,0.16256931,0.012590496,-0.037062276,-0.11046359,-0.015708223,0.03638321,-0.049301296,-0.1364595,-0.074821465,-0.06650779,-0.05397878,-0.1173263,-0.023314867,0.2374845,-0.6700308,-0.00019177468,-0.02534156,-0.099730596,-0.024394399,-1.0940607,-2.1018896
-0.03740279,-0.48511702,0.02191965,0.21346976,-0.16478464,0.078372866,-0.14618853,0.06682984,-0.13282244,-0.4299725,0.28180444,-0.029673532,0.20642383,0.35296774,-0.093721755,0.58016795,0.58014464,0.05996669,-0.08266373,-0.20729569,-0.03286839,-0.4433835,-0.08872397,-0.058446273,-0.31845143,-0.11298144,0.001021414,0.016094092,0.19808017,-0.11082219,-0.03760977,0.0066771954,-0.6704257,-0.26128763,-0.181937,-0.20247199,0.105305634,0.008833582,-0.14797899,-0.020332454,-0.36614248,-0.030427791,0.0069232946,-0.14363219,-0.058347218,-0.21808094,-0.059598014,-0.15726684,-0.091155395,0.07694865,0.00025349483,-0.16918314,-0.0479096,0.35294825,-0.25086436,-0.17011434,0.09252167,-0.099492066,-0.015421109,-1.9132448,-4.980569
-0.023015786,-0.24009484,-0.03357227,-0.63732064,-0.011012344,-0.049122453,0.032533005,0.008028246,0.08232594,0.28532535,0.21574883,0.105954245,0.20587285,0.3918832,0.1439228,-0.34095845,0.6731094,0.043901954,-0.18220097,0.025546314,-0.19177103,0.043776646,-0.30802065,-0.04041367,0.0716345,-0.009187178,0.001021414,0.030676862,-1.380676,-0.110612676,-0.109394856,-0.031514116,0.26539758,-0.14769499,-0.065148145,0.074447535,0.09822513,-0.00061858795,0.07748779,-0.004944492,0.044190638,0.01300678,-0.0028274795,0.015474545,-0.045796223,-0.2293837,-0.04951901,-0.102134466,-0.016153295,0.06390681,-0.055622343,-0.111535415,0.0768264,-1.6823759,-0.26012695,-0.16466928,-0.078666076,-0.09517525,-0.013247093,0.2952701,-3.4390316
-0.0043365066,-0.4240255,-0.017778682,0.16827977,-0.121405445,0.0743673,0.009865759,0.00066621974,-0.05804147,0.7862795,0.16623205,-0.31743252,-0.38404685,0.3683883,-0.13038054,0.08860471,-1.6701236,0.12104406,-0.049456835,0.06326383,-0.22477739,-0.27056184,-0.13917221,-0.01940373,0.077822536,-0.027261566,0.0013852336,-0.08444688,-0.7592161,0.23388499,-0.13473098,-0.20018113,0.21074969,0.3079625,-0.069321215,0.09200468,-0.06328276,-0.0027826536,0.011157392,0.015165344,0.06390207,-0.012450231,-0.10415413,-0.14482966,0.054509774,0.08950767,0.018140526,0.19807142,-0.10722459,0.007356395,-0.014374301,0.13069694,-0.020673284,0.19370955,-0.17022072,-0.26067287,-0.0058938693,-0.07838246,-0.027152019,-0.939975,-3.5051513
0.005864341,-0.21820833,-0.055219978,-0.41967845,-0.023516363,0.086367674,0.0069291107,-0.040057294,-0.0030789971,0.23584816,-0.76186454,-0.22990488,-0.47840217,0.16967878,-0.20073554,-0.710087,-2.0230498,0.11000735,-0.04208993,0.040423874,-0.14816423,0.08963567,-0.008854173,-0.030624732,0.17557022,-0.0072131352,0.001021414,0.08059164,0.27237937,-0.11647182,-0.033114683,-0.021773294,0.3142629,-0.06403795,-0.050493844,0.069812365,-0.21399598,-0.0050593764,0.08919166,-0.028439509,0.14030732,0.012521681,-0.059058122,0.07780277,0.064136595,0.041761637,-0.042893223,-0.19003417,-0.22534955,-0.07807765,0.0028244318,0.24121264,-0.024158688,0.2726053,-0.36907068,-0.17063397,0.006970175,-0.08827187,0.14248167,0.4571763,-3.9742985
-0.01641667,-0.19403535,-0.04066632,-0.42514008,-0.03727504,0.16304663,0.19340643,0.019432165,-0.072508335,0.5383254,0.15782996,0.11055555,-0.13316338,0.21600562,0.13849492,-0.54668856,0.3003521,0.06429427,-0.018587643,-0.14217843,-0.16905156,-0.46846724,-0.03334368,-0.062400196,0.0576497,-0.15326878,0.00060508953,-0.12105659,-1.3907839,0.19311449,-0.17333567,-0.17985271,-0.47369397,0.3494947,-0.05233031,0.10296752,-0.0296834,0.00083796354,0.041003235,0.03467662,0.10475557,-0.06269399,-0.021829031,0.22373188,-0.055091128,-0.016301997,-0.05604157,-0.10798031,-0.023026638,0.054916814,-0.10302087,-0.10456343,0.0351507,-1.5023087,0.45079055,-0.034997266,0.06538509,-0.12746826,-0.013547879,0.27778342,-3.2681928
-0.0132953,-0.49546692,0.028696407,0.18772373,-0.13827287,-0.07270495,0.16524473,-0.10666068,0.07529017,0.3247458,0.1369641,0.115633845,0.15649337,-0.2146129,0.10563239,0.32019866,0.6551752,-0.11099005,-0.0630174,0.03724126,-0.2191602,-0.00093573146,-0.1708097,-0.03496108,0.11959857,-0.021253645,0.001021414,0.008147385,0.328835,-0.108793184,-0.07036571,-0.0032514073,0.26810816,-0.17926718,-0.065359846,0.06415164,-0.4106233,-0.0022264973,0.054719627,-0.006679586,0.1535596,0.012394059,-0.055897124,0.10511221,-0.010607185,0.033404153,-0.053293798,-0.147055,0.039487403,0.09490978,0.042893454,-0.113880076,-0.043646727,-1.4964417,-0.22985326,-0.029519014,-0.10806288,-0.122709945,-0.019581322,-2.015288,-3.3191624
-0.07810004,-0.44666207,-0.040873554,-0.37009192,-0.13331214,-0.32538697,0.08045648,-0.062779374,0.2897262,-0.29280806,-0.028528612,0.11877528,-0.11200974,-0.5009409,0.09921724,0.12502289,0.25270605,-0.23057725,-0.020956408,-0.112384275,0.011224788,-0.015407137,-0.09761329,-0.0038490468,0.044304274,-0.15644816,0.001824351,-0.026409104,0.28155455,-0.08208716,0.15883325,-0.015064012,-0.08257002,-0.228041,0.16851093,-0.1404583,-0.43109623,0.010524181,0.024184566,-0.028505137,-0.22227018,0.008464383,-0.034344587,-0.23731633,-0.028571043,0.0061982386,-0.08899267,0.19813532,-0.023217898,0.08811764,-0.048005354,0.26348975,-0.050571933,0.35151595,-0.20881487,-0.540569,-0.20793575,0.24215475,-0.005882998,0.3051677,-2.629344
0.06857363,0.48344082,0.0293795,0.2821127,0.27128354,0.049257137,0.0005313698,-0.10541451,-0.12641172,-0.49695346,-0.03764157,0.017999023,0.28098336,0.1435952,-0.10132643,-0.7225806,0.80429214,0.06967909,-0.10133689,0.027761173,0.037063047,-0.35256946,-0.03241074,0.042287346,-0.34323066,-0.06612609,0.00060508953,0.052977767,0.17132929,-0.11482307,-0.076026104,0.12280232,-0.6552135,-0.20892638,-0.12950619,-0.16264394,0.10370071,0.008833582,-0.11322519,-0.029920941,-0.34597787,0.005226246,0.020705424,0.10268644,0.08569026,0.060631365,-0.05611109,-0.23658676,-0.14715575,0.008867926,-0.004787986,-0.09646888,0.04542749,-0.09982802,-0.7073652,-0.15132837,-0.06606066,-0.07555227,-0.0856704,-1.8766354,-4.5280933
0.055197913,0.07429598,-0.021900699,0.19406185,0.18640101,0.053797454,-0.12419098,-0.030002337,-0.041256584,-0.46451917,0.28100577,-0.3246504,0.26803938,0.068465635,-0.15840289,-0.7048599,-1.9939289,0.044791207,-0.10805137,-0.014615075,-0.0011114655,-0.30734327,-0.112990394,-0.024964685,-0.3553271,-0.100088865,0.00060508953,0.03637308,0.2234725,-0.08825352,-0.05093953,0.094675735,-0.5314797,-0.15987115,-0.071436614,-0.17035562,0.0920269,0.008454965,-0.12623437,-0.046154276,-0.30068028,-0.015378427,0.0032013454,-0.1294247,0.031116268,0.0062191533,-0.071001895,-0.1716313,0.019057771,0.0018558321,-0.0068784896,-0.15053868,-0.021799928,0.0067093354,-0.15872678,-0.1620067,-0.054655053,-0.09035211,-0.014321638,0.06703507,-5.663466
0.034476433,0.29426333,-0.037173666,0.16313839,0.19049421,0.035985485,0.1322177,0.042972796,-0.035542727,0.34330887,-0.2864457,-0.22073181,-0.5319352,0.027574884,-0.18793148,-0.75650734,-2.0020716,0.049865585,-0.09205232,-0.0035774745,0.076390944,-0.37487692,-0.10500564,-0.055963904,-0.35617027,-0.042238846,0.00060508953,0.050716955,0.2219433,-0.07631764,-0.049394026,0.09662077,-0.6098052,-0.15202458,-0.074994974,-0.14002997,0.12016376,0.008596218,-0.1102817,-0.03084748,-0.20390336,-0.016495395,-0.0013355189,-0.11788094,0.038312227,0.01208963,-0.0595188,-0.13465513,0.028258981,0.017952561,-0.008081757,-0.13869746,-0.020790396,0.02522715,-0.093932435,-0.15894891,-0.035834238,-0.09267724,-0.016013905,0.09327014,-5.3262405
-0.023187025,-0.2658932,-0.04504613,-0.6850252,-0.23343645,-0.0072898874,-0.3621699,-0.107265696,-0.07119943,-0.41021353,0.058864597,0.028422773,0.08081876,-0.28585124,-0.016898075,0.30713478,0.5820004,-0.025825428,0.04845132,-0.12851733,-0.075920366,-0.41111064,0.11211626,-0.060764026,0.058380716,-0.13758476,0.00060508953,-0.08030878,-1.1369227,0.1476642,-0.19614506,-0.16686718,-0.37284678,-0.21032079,-0.08147228,0.10504655,0.058467858,-0.032209937,-0.20735016,0.010169812,0.07244629,-0.06432423,-0.0149332555,-0.16199724,-0.045421883,-0.18237464,-0.039280668,-0.124185115,0.07105665,-0.056465227,0.08875452,0.35408938,-0.054486334,-0.99657184,0.5075224,0.9635299,-0.02440478,-0.14250791,0.2552477,0.33979562,-3.4940095
-0.013882915,-0.22611982,-0.03725899,-0.46384168,-0.07204097,0.065252006,-0.2767168,-0.10277924,-0.04311286,-0.51276463,-0.079782665,-0.23653628,-0.27816635,0.22470343,-0.14853677,-0.59683144,-1.0594499,0.063531764,-0.071964934,-0.04291812,-0.08650078,-0.2113216,0.09343825,0.12147099,0.09966368,-0.06709184,0.0013852336,0.06731622,-0.672618,0.18770711,-0.14330533,-0.17299257,0.046074938,-0.21904813,-0.048070055,0.09763248,0.05824983,-0.040130723,-0.20328298,0.06785846,0.04804355,0.0011633122,-0.071863934,-0.14075533,-0.06076025,-0.18157804,-0.054543864,0.18991251,-0.1103112,-0.048652895,0.02316915,-0.11555268,0.108621985,0.28292885,-0.21413459,-0.13829255,-0.039391637,0.080523804,-0.030069403,-0.88278216,-6.287107
-0.087553225,-0.2307942,-0.12695809,0.18354502,-0.12823467,-0.11150466,0.13717999,0.03937932,0.0016057785,0.26698646,0.14280853,-0.25602204,-0.5104554,0.2039083,-0.16920072,0.043326758,-1.8392632,0.028542219,-0.06718968,-0.10466917,0.10296191,-0.28862906,-0.122575805,-0.037503205,-0.32690665,-0.2074405,0.0013852336,0.060759872,0.188995,-0.1053323,-0.032592013,0.08118825,-0.61366826,-0.14173615,-0.08861079,-0.1594651,0.09679806,0.010919336,-0.08054268,-0.04812166,-0.23286699,-0.016495395,-0.02546152,-0.15299244,-0.062695295,-0.021303698,-0.00021229684,0.20581627,-0.0664643,-0.08672091,-0.011442045,-0.12907124,-0.024995996,0.26757792,-0.47259155,-0.17958337,-0.06795344,0.39304608,0.00089142844,0.40310112,-4.5750976
-0.0090678185,-0.17905542,-0.07715307,-0.4118089,-0.09312015,0.06375444,-0.012690342,-0.09124102,-0.10713315,-0.528182,-0.061720222,-0.25258642,-0.3774459,0.08895918,-0.17262995,-0.5966026,-1.2577798,0.087636255,-0.07458091,-0.01917313,0.02362255,-0.2733681,-0.055205874,-0.025958516,-0.28355443,-0.09022656,0.00060508953,0.053436816,0.15243746,-0.10186477,-0.025612894,0.09203375,-0.49943867,-0.1566433,-0.03925741,-0.14380404,0.041211925,0.0076816995,-0.086395636,-0.035665505,-0.16025658,-0.010562271,0.006252143,0.14866106,0.10478088,0.07307804,-0.06733198,-0.22284713,-0.061596565,-0.085595,-0.01606454,-0.0769072,0.088592775,-0.08094854,-0.52666974,-0.0131250415,0.04669593,-0.09372424,-0.018168345,-1.0437881,-7.537112
0.06662131,-0.23223352,-0.03565539,0.34806806,-0.018616762,0.0988233,-0.02150607,0.0347945,-0.03257948,-0.19715582,-0.022453953,-0.059468683,-0.31640205,0.2707824,-0.024872474,0.051313348,-0.29925212,0.12668341,-0.0779333,-0.05226223,0.021745745,-0.47646964,-0.12577187,-0.04894293,-0.35232872,-0.096073896,0.00060508953,0.04979954,0.27235547,-0.09131235,-0.034708686,0.09721194,-0.7318707,-0.20819677,-0.15934081,-0.16804327,0.13063349,0.012663323,-0.12729861,-0.02787256,-0.45302874,-0.030427791,-0.023692219,-0.124111965,0.042726114,0.002418328,-0.06102916,-0.15193945,0.01987623,-0.0068824477,-0.012048308,-0.17360757,-0.023017487,0.024545958,-0.17289457,-0.17247161,-0.033769336,-0.08958557,-0.020354563,0.16353136,-3.7522845
-0.0475611,-0.5140876,-0.044580232,0.3065559,-0.415877,0.12998267,-0.41935977,0.028206829,-0.061226323,-0.50821453,0.24461953,0.041234244,0.24339505,-0.17614459,-0.05900584,0.566416,0.8660965,0.049701575,-0.08131243,-0.14067511,0.00012688711,-0.4804442,-0.12989375,-0.0729819,-0.3351842,-0.14041136,0.001021414,0.04299313,0.2493224,-0.09216708,-0.034120522,0.0016441718,-0.6678307,-0.2181598,-0.21344401,-0.17884669,0.123078905,0.012522072,-0.17398667,-0.03211505,-0.5525447,-0.01062494,-0.009982665,-0.1754116,0.03592144,-0.015262818,-0.059563242,-0.14399694,0.025273291,-0.007245496,0.0027068164,-0.18394017,-0.02660719,-0.0056616496,-0.26153138,-0.15609303,-0.0042578354,-0.11619557,-0.014754346,0.16727132,-3.8432143
0.028286558,0.06413757,-0.035036374,0.2003511,0.19574577,0.101631165,-0.27314436,-0.06541018,0.009784927,-0.67528117,-0.022644982,-0.22135653,-0.52779174,0.088097274,-0.1601862,-0.7572556,-1.9091907,0.03952919,-0.11196358,0.038177732,-0.001822642,-0.13320641,0.10696781,-0.038541555,0.12220471,-0.043532833,0.001021414,0.092174694,0.23449086,-0.08869352,-0.06744096,0.14146495,-0.4802443,0.08287714,0.07520461,-0.11116869,0.073499024,0.021261401,-0.09920385,-0.03682494,-0.18723406,-0.011036567,-0.012855275,-0.096768126,0.060637422,0.0060746763,-0.07311362,-0.16086037,0.04578355,0.0025423658,-0.0067717824,-0.14108506,-0.020461297,0.03469275,-0.16597106,-0.16505152,-0.010037962,-0.09906646,-0.024758626,0.098246746,-5.070128
-0.039870393,-0.27289554,-0.044602804,-0.57313216,-0.2460303,0.01381231,-0.36812595,-0.071170256,-0.06921751,-0.45044884,-0.0021049343,0.051096957,0.11529689,-0.46862805,0.011048723,0.13721898,0.48270002,-0.28405336,0.036029357,-0.13363174,-0.036777154,-0.41980287,0.13735798,-0.035902288,0.05476307,-0.13525116,0.0013852336,-0.047966283,-1.2400874,0.17121981,-0.22395253,-0.14581655,-0.40304273,-0.2087977,-0.08260362,0.08577941,0.068322115,-0.071894065,-0.21793509,0.07924937,0.060852863,-0.022572963,-0.00694744,-0.18446992,-0.070247814,0.09685351,-0.018053181,0.21222177,0.039565273,0.034255758,-0.032378614,0.14628275,-0.049491778,-1.011313,-0.5032132,-0.3254762,-0.031484187,-0.16762432,-0.030666232,0.08009998,-6.6322684
-0.10912765,-0.09654585,0.105927825,0.2832096,-0.13904782,-0.2345722,0.19629309,-0.038085893,-0.021987839,0.21871647,-0.7709349,0.037722867,-0.0017369855,-0.29698238,0.094991274,0.58202845,0.4960722,-0.14283566,-0.07098157,0.0369725,0.05071991,-0.44119123,0.039448317,0.044717845,-0.26993918,-0.1903009,0.00072236126,0.024134897,0.2330276,-0.1446743,-0.08563413,0.12324475,-0.48766384,-0.19367369,-0.1534324,-0.18538801,0.14705937,0.0014173356,-0.11590387,-0.0062044933,-0.34839574,0.0073192446,0.025858132,0.24149187,-0.037792116,-0.16155793,-0.067565486,-0.10325231,0.0673942,0.061426766,-0.054978978,-0.17528479,-0.049931668,-1.4665034,0.30657145,0.06897175,-0.103913434,-0.14643988,-0.034253918,0.21298908,-3.238265
0.08395231,-0.18131438,-0.043749567,-0.65380955,-0.07239629,-0.1840469,-0.018355265,0.053546764,-0.056969978,-0.35115469,0.21258159,0.010564208,0.2112695,0.14119248,0.034171168,0.37331834,0.91104037,-0.007078916,-0.04489319,0.0650558,0.013192072,-0.06581727,0.030739404,-0.032447774,0.19289604,0.15584911,0.0006166729,0.03152246,0.33968487,-0.14405975,-0.10454812,0.12232028,0.3289272,-0.13442102,-0.09031827,0.018045813,0.10934156,-0.002105833,-0.06920992,0.009043639,0.21764465,0.004959564,0.010139262,0.061864607,-0.024788924,-0.044555753,-0.040395107,-0.14431514,0.020915773,0.058909908,0.04342151,-0.110003784,-0.061340794,-1.6652638,-0.6054869,-0.015229622,-0.08219047,-0.1283972,-0.030247167,-0.977091,-2.3192756
-0.058652196,-0.26570663,-0.010164127,-0.6037885,-0.3909123,0.02090694,-0.44239295,-0.121383846,-0.11360708,-0.49059293,0.04723813,0.03605958,0.18596339,-0.41784143,-0.04834554,0.3931678,0.5835084,-0.15294828,0.04907628,-0.13518292,-0.06408392,-0.43239698,0.12999232,-0.02098886,0.0662549,-0.14582783,0.00060508953,-0.098956004,-1.4161062,0.14503005,-0.20609586,-0.17059077,-0.44240353,-0.19057097,-0.083424285,0.13045385,0.08565838,-0.13850105,-0.4590703,0.027222224,0.1233133,-0.06326655,0.0050143646,-0.16665886,-0.06723505,0.11341961,-0.015703036,-0.14132196,-0.042255122,0.05362802,-0.07826337,-0.13568412,-0.03903015,0.34763366,0.47030833,0.081994854,-0.063668035,-0.14971954,-0.005751547,0.32643926,-4.6662045
-0.048098072,-0.31281507,-0.08912687,-0.5870484,-0.09752088,0.08553618,-0.021138415,-0.08358237,-0.079084575,-0.60474515,-0.07013953,-0.054782137,-0.4736232,-0.24592587,-0.10812317,0.41440338,-2.171655,-0.13941982,-0.013419863,-0.06450537,-0.045653395,-0.15302223,-0.119882375,-0.04269734,-0.32859695,-0.17459944,0.001021414,0.09007011,0.23517543,-0.05809498,-0.012962776,0.112586685,-0.5027639,-0.27272278,-0.011782415,-0.16030124,-0.09316925,0.008596218,0.030858137,-0.055989906,-0.3693563,-0.00037914654,-0.05862923,-0.17249691,0.038775414,-0.019486193,-0.09356944,-0.19578944,0.016633058,-0.013010405,-0.0073479433,-0.16155562,-0.043344554,0.011906495,-0.13239698,-0.20040978,0.003971071,-0.123186775,-0.02787298,0.12049768,-7.745794
0.009531031,0.5667875,0.065622985,-0.3844344,-0.039723918,0.002660499,0.13316408,-0.09885397,0.08306804,0.22408026,-0.94270694,0.068593115,0.22870567,0.14523442,-0.008652556,-0.7390536,0.7836531,0.06472936,-0.07935456,0.005651653,0.025358036,-0.4401198,-0.03916037,-0.04850081,-0.29567143,-0.10462278,0.0013852336,0.035093814,0.19449551,-0.102948435,-0.095290534,0.04909189,-0.699305,-0.14362948,-0.19142452,-0.13603003,0.09860284,0.012915619,-0.21873075,-0.03388816,-0.46102518,-0.031544764,0.0130680315,0.08338148,0.058611527,-0.06290527,0.11901007,0.18346368,-0.074554026,-0.055287216,-0.015107281,0.07916768,-0.015364842,0.2523967,-0.6074761,0.0383066,-0.016709758,0.046881974,0.009534501,0.3843285,-2.115501
0.01897658,0.52750814,0.093293875,0.23548986,0.04639144,-0.13911042,-0.36137283,-0.13255902,-0.15705599,-0.5504327,-0.033127636,-0.19675626,0.26151654,0.016342482,-0.2032907,-0.64536285,0.8765478,0.04777512,-0.0397773,-0.056188636,-0.024263842,-0.09382978,-0.09329036,-0.011242932,-0.3427138,-0.059587404,0.001021414,0.015016933,0.16879837,-0.06973481,-0.04813073,0.08172624,-0.47735107,-0.27057317,0.016496565,-0.14175689,-0.091261484,0.014845191,0.011712576,-0.07187443,-0.6430335,0.0054226825,-0.04303675,0.21552771,0.07213255,0.04234053,-0.047512736,-0.29541653,-0.17954136,-0.08120048,0.0064731557,-0.11200632,0.048853423,0.2025436,-0.6760149,-0.028898083,-0.034060635,-0.07797517,-0.17772704,-0.99895126,-4.6792674
-0.013020165,-0.31190944,-0.06510611,-0.66982865,-0.0527262,-0.06640797,0.21208797,-0.03758529,-0.016148813,0.34945488,0.07657332,0.10784832,0.09866662,-0.35020036,0.1163146,0.37517112,0.23569247,-0.03520246,-0.2162741,0.03428031,-0.19472285,0.11409238,-0.2835859,-0.04041367,0.06825274,0.0056327265,0.001021414,0.031243425,-1.387513,-0.11377625,-0.08379784,-0.020413972,0.14448538,-0.11637388,-0.05071547,0.05593276,0.103186764,-0.00061858795,0.06764582,-0.003329008,0.027007442,0.012394059,0.0017925324,0.041344684,-0.046097882,-0.2293837,-0.051544648,-0.09264168,-0.0142204985,0.07134607,-0.050810006,-0.11037601,0.06417295,-1.6495178,-0.2208793,-0.1659452,-0.078666076,-0.12496394,-0.026225027,0.3018795,-4.2734213
-0.017414834,-0.20694482,-0.060596455,-0.5821029,-0.044480935,0.05447359,0.04683652,-0.038260065,-0.009217549,0.58846444,0.12627512,0.098098606,-0.06985164,-0.5519553,0.057919525,0.02981133,0.366445,-0.28858063,-0.20709954,0.05388986,-0.11828324,0.19557658,0.080174886,-0.041425757,0.04507448,-0.009065632,0.001021414,0.040109277,-0.4081178,0.018392794,-0.0032187803,0.026083365,0.2087017,-0.11100525,-0.057155296,0.08083337,0.10515826,-0.0003477796,0.031073224,0.032744505,0.07173867,0.01927678,0.01482593,-0.118700475,-0.081405185,-0.24301901,-0.04995347,-0.12643193,0.055465095,0.04073336,-0.057510138,-0.10632639,-0.051959164,-1.6773753,0.5204259,-0.10030354,0.13054137,-0.10983622,-0.024773207,0.23828778,-2.1942651
0.009061768,0.44202298,0.016914975,0.19045562,-0.057090282,-0.012468616,0.09167438,0.024247851,0.15079524,0.362314,0.13665253,0.013473775,0.098840006,0.050620146,0.17503855,-0.64408535,0.54580927,0.08608676,-0.037602425,-0.15584818,0.054124407,-0.14297499,-0.08231735,-0.017450668,-0.30325514,-0.10906668,0.0012740669,-0.050666668,0.17758477,-0.062451035,-0.038093798,0.0022021635,-0.3338903,-0.2522394,-0.0041719135,-0.10827647,-0.29585162,0.0057528606,0.007904186,-0.09334919,-0.70822585,0.009469638,-0.08438047,0.1524952,-0.08580561,0.05552542,0.0018367702,-0.27723902,-0.16961297,-0.106437944,-0.013722096,-0.117865756,0.042608384,0.23396604,-0.6894668,-0.001881741,-9.1671944e-05,-0.06787094,-0.16262713,-0.88815325,-3.0357797
-0.0025297254,-0.20974576,-0.07090913,-0.40708745,-0.096362405,0.07940585,-0.006955848,-0.08792494,-0.12587951,-0.47252592,-0.0679716,-0.25769877,-0.39356288,0.09129004,-0.18734714,-0.60731995,-1.5997123,0.06977265,-0.06839896,-0.03872998,0.020201243,-0.21995512,-0.055844694,-0.011321697,-0.26332942,-0.09022656,0.0013852336,0.06017202,0.14727578,-0.0991565,-0.054249264,0.09203375,-0.48541924,-0.13746497,-0.037471104,-0.12877622,0.033466414,0.01086292,-0.08761984,-0.035665505,-0.16923419,-0.015991148,-0.0018752567,0.1667309,0.06548237,0.07434404,0.2721485,0.24148257,-0.062588364,-0.08203812,-0.012468966,-0.11085501,0.050880924,0.23368268,-0.5894922,-0.009579511,0.06814789,-0.09937545,-0.018168345,-0.6899317,-6.4899955
0.07737719,-0.1704643,-0.05750248,-0.4795206,0.018985037,0.040931344,0.10936422,-0.0052597355,-0.020295534,0.22179055,-0.4872294,-0.16241056,-0.28488913,0.3348281,-0.07316721,0.13008153,-0.3617232,0.14961357,0.023735162,-0.3354345,-0.15558699,-0.18942714,-0.034579255,-0.013283705,0.008585148,-0.11162883,-0.0023636157,0.12697934,0.283162,0.23136756,-0.029513512,-0.14421158,0.24918422,0.29660675,-0.04717516,0.07510521,-0.030474514,-0.0016508678,0.049569912,0.084453866,0.08866682,-0.02284678,0.018161418,-0.10537955,0.07945218,0.09167135,-0.04520752,-0.17395872,0.042609327,0.0037038494,0.02863266,-0.068950124,-0.04746384,-0.9413004,-0.27522317,-0.23767641,0.11310142,-0.09861455,-0.025191918,-1.6607975,-3.9226823
0.053376876,-0.10332546,-0.061976723,0.18091433,0.12725534,0.036213227,0.02785803,0.008346505,-0.020041132,0.22261795,-0.6897679,-0.15499805,-0.41314188,0.29906723,0.06846338,0.052251972,-1.7528344,0.13670976,-0.07355433,-0.026755195,-0.113174394,-0.31164292,-0.14653417,-0.03662802,0.12729688,-0.046999972,0.00070763525,-0.12705812,-0.9712277,0.22971748,-0.16362931,-0.1472934,-0.40656334,0.29297626,-0.07768676,-0.13015321,-0.06780582,-0.0019746944,-0.13343945,-0.023312483,-0.3124987,-0.018861994,0.0498055,-0.13226646,0.039181694,0.0054776007,-0.065450765,-0.12931155,0.020878796,0.009501757,-0.022052702,-0.102543525,-0.023973597,0.08344166,-0.07184678,-0.23559467,-0.031240929,-0.09750143,-0.027139023,0.07854065,-5.3212
0.051563125,0.7218141,-0.11258842,-0.1509079,0.1841495,-0.26519814,0.119354315,-0.0124918725,0.041165203,-0.1916478,-0.20877674,-0.26945633,-0.3591446,0.24614511,-0.13811657,-0.010738224,-0.9759754,0.110977806,-0.0045689847,-0.20572281,0.13361552,-0.010791582,-0.09313357,-0.036380336,-0.3084479,-0.21558313,0.0014251124,-0.011955433,0.23920836,-0.08134468,-0.014614502,-0.004227251,0.17413472,-0.30281982,0.078524165,-0.1634801,-0.15030989,0.012663323,-0.0058819493,-0.07711897,-0.44593415,0.0027261428,-0.069871575,-0.16461068,-0.029585851,0.010206671,-0.04025781,0.17664845,0.041999012,0.09208011,0.022682523,-0.09980889,-0.01840057,0.12852034,-0.4801217,-0.14671199,0.1582177,0.31883204,-0.09164751,0.102772824,-2.7989478
0.07681885,-0.2384712,-0.059897028,0.34352323,0.14514822,0.07265975,-0.0383387,-0.10045667,-0.119021505,-0.495582,-0.06356941,-0.023519687,-0.5621995,-0.23275812,-0.055415444,0.45703185,-2.094828,-0.12080112,0.023680124,0.033851087,-0.028082967,-0.28287637,0.033068035,-0.037980787,0.10318076,-0.058491487,-0.0014002146,-0.18043041,-1.0893568,0.18008184,-0.16132112,-0.1587586,-0.3834605,0.2516922,-0.088451326,0.11712512,-0.014680325,-0.0016784987,0.016690655,0.03369405,0.09641213,-0.0006310204,0.04789598,-0.17199865,0.03175564,-0.0045808647,-0.056272097,-0.15546164,0.046085864,0.008874611,-0.030890867,-0.09367338,-0.029127676,0.04187779,-0.08980875,-0.23779243,-0.017228294,-0.1307958,-0.03385038,0.059381224,-5.5234103
-0.06042732,-0.5675766,0.04039836,0.28268772,-0.13656338,-0.07121901,-0.029293666,-0.077433884,-0.08629951,-0.10351972,-0.030820668,-0.36264378,-0.32306018,0.124212116,-0.15611777,0.3309042,0.39462432,0.015855726,0.046989024,-0.25291294,-0.08283765,-0.26106843,0.081658095,-0.01731739,-0.2500223,-0.030437063,-0.009095056,-0.035840534,0.35973173,0.0580263,0.04588116,-0.089592725,-0.5982198,-0.4231769,0.062479876,0.09536751,0.0058382303,0.0052583045,0.099766284,0.046062037,0.17990384,-0.016453966,-0.018426199,0.09165081,-0.08551945,0.07215657,-0.040123425,0.26824343,0.024627564,-0.12117596,-0.01589928,-0.0975232,-0.029051432,0.24544863,-0.17795478,-0.1659754,-0.06410283,0.27900305,-0.13850497,0.5020436,-1.2673888
-0.05183674,-0.38659987,-0.0990607,0.21572283,-0.13462101,0.08125815,-0.024023645,-0.09552941,-0.16942303,-0.3375629,-0.096093535,-0.28945154,-0.28204048,0.3051906,-0.086087644,0.05663974,-1.1532291,0.06784767,-0.07937161,-0.016861144,-0.120427266,-0.17341378,0.12541923,0.09040552,0.07577171,-0.0782076,0.0013852336,0.06363338,-0.7170064,0.22521725,-0.13469315,-0.13799882,0.09139426,-0.20882607,-0.08714926,0.1137653,0.06635651,-0.036749035,-0.14250037,0.08087209,0.006968595,0.0010810597,-0.05919996,0.16091281,0.06209688,0.08861196,-0.05520694,0.26169008,0.038663443,0.054211043,-0.019609656,-0.098401114,-0.027516348,-0.7573921,-0.38862732,-0.26073155,-0.040287092,0.3023603,-0.020815156,-1.0204386,-5.2495146
-0.053881466,-0.49843034,-0.01599325,-0.41609192,-0.07510566,-0.25292,-0.085941836,-0.04337851,-0.08278966,-0.33934423,0.22632079,0.11290224,0.20644158,-0.4508422,-0.022834953,0.44293964,0.78821087,-0.12599446,0.019669812,0.05580939,0.004607733,-0.0822909,-0.00771627,-0.0030490574,-0.25941214,0.110420585,0.0014251124,-0.03300584,0.20042622,-0.071379155,-0.025973368,-0.023853682,-0.042989995,-0.35665062,0.008136867,-0.17490683,-0.36968553,0.014752183,0.0035186624,-0.11037727,-0.75187254,0.0049473136,-0.043609887,0.30105773,0.116968535,0.041649632,-0.05631466,0.2400072,-0.23029488,0.16250473,-0.081038006,-0.1595711,-0.02646115,-0.08682366,-0.7508493,0.013301482,-0.014383994,0.2871696,-0.21693279,0.40697473,-2.6728282
0.04761824,0.06369074,-0.0051523894,0.25320113,-0.063176125,-0.09217253,0.04250827,-0.0019206014,-0.10661971,0.28131762,-1.0625257,0.06739563,0.1400621,0.3819333,0.102150865,0.006952917,0.6822563,-0.006814077,-0.036808178,-0.18676865,0.025744531,-0.03936591,-0.098085776,-0.030568376,0.029393476,-0.19657068,0.0012740669,-0.009219177,0.27668032,-0.09907109,0.12890893,0.09955852,0.034569595,-0.29554313,0.11668619,-0.13781707,-0.11643814,0.0077475663,0.042252984,-0.03693839,-0.33828822,0.008352669,-0.07842717,-0.15982263,0.06264874,0.014161884,-0.08292245,-0.18509004,0.023379473,0.01313097,0.00038467487,-0.18027356,-0.028831776,0.11356563,-0.13661104,-0.13008705,0.009065287,-0.07917632,0.0070119966,0.25318307,-0.684318
-0.057303067,-0.3217536,-0.065756604,-0.59398705,-0.100248985,0.0704353,-0.041149884,-0.12013778,-0.119578466,-0.53128797,-0.069017276,-0.042131294,-0.5026912,-0.27083784,-0.073117584,0.42130566,-2.039098,-0.14043649,0.038271178,0.067017466,-0.027364291,-0.29628232,0.024346502,0.01352114,0.10205779,-0.015321627,-0.0014002146,-0.1791909,-1.0880519,0.17775638,0.005381884,-0.17040186,-0.45568046,0.26349595,-0.06288436,0.09897938,-0.01627374,-0.0016784987,0.017900815,0.029949613,0.09645305,-0.0006310204,0.043554015,-0.16250092,0.031621873,-0.0045808647,-0.059781246,-0.15521759,0.04182835,-0.0033354908,-0.030890867,-0.098988116,-0.045922812,0.027363392,-0.12193246,-0.2681817,-0.0015457701,-0.13654,-0.03824469,0.07407023,-6.886047
-0.013020165,-0.32537705,-0.066948645,-0.66994774,-0.042033136,-0.059082583,0.16603123,0.018493041,0.13241209,0.3034267,0.09310595,0.09788859,0.09822097,-0.31756043,0.11149946,0.2845611,0.1908677,-0.074501455,-0.21539068,0.02369475,-0.19472285,0.09640721,-0.2837964,-0.04041367,0.060679186,0.0091100205,0.001021414,0.031243425,-1.376477,-0.110612676,-0.09190626,-0.031514116,0.16152087,-0.12701309,-0.06409836,0.09309384,0.096707165,-0.00061858795,0.06509759,-0.0004978436,0.036416594,0.01300678,0.0017925324,0.03712348,-0.046097882,-0.2293837,-0.051544648,-0.100749046,-0.0140705295,0.09396668,-0.04418367,-0.10726274,0.06417295,-1.6621407,-0.2577982,-0.16943493,-0.078666076,-0.12496394,-0.021920573,0.27421555,-4.3579726
0.04607379,0.40057456,-0.003022138,0.17517069,-0.014030087,0.032501273,0.0009457711,-0.14088427,-0.14151448,-0.46704093,-0.057887502,-0.27523905,0.069774255,-0.013871254,-0.15764898,-0.72145826,0.41626495,0.06190485,-0.09146469,-0.020805512,0.036880404,-0.39595678,-0.033291884,-0.038083944,-0.33295944,-0.0070784446,0.00060508953,0.07031521,0.18447755,-0.11388248,-0.047709227,0.10469912,-0.6544838,-0.20962226,-0.13351242,-0.15921763,0.09116233,0.008833582,-0.09169077,-0.029920941,-0.32745466,-0.010839086,-0.006306664,0.11970601,0.08301026,0.07129513,-0.056149535,-0.23566635,-0.14862813,0.006897173,-0.0046472773,-0.09731454,0.041630935,-0.07163303,-0.62565434,-0.14873117,-0.058223397,-0.08103054,-0.08232127,-1.8668242,-6.150978
-0.058652196,-0.26570663,-0.010164127,-0.54074,-0.40422916,0.02090694,-0.44239295,-0.11789186,-0.11360708,-0.49059293,0.04723813,0.04348113,0.18596339,-0.41830862,-0.04834554,0.3931678,0.57573557,-0.15294828,0.04907628,-0.13256377,-0.080202445,-0.43239698,0.12999232,-0.044840284,0.0662549,-0.14582783,0.00060508953,-0.09928115,-1.4161062,0.14503005,-0.20609586,-0.17059077,-0.44240353,-0.19057097,-0.083424285,0.13045385,0.09114386,-0.13850105,-0.45953745,0.027222224,0.1233133,-0.06326655,0.0050143646,-0.16665886,-0.06723505,0.11341961,-0.015703036,-0.14132196,-0.042305257,0.05362802,-0.07826337,-0.13568412,-0.030998759,0.34763366,0.47030833,0.081994854,-0.063668035,-0.14956829,-0.005751547,0.32643926,-4.638324
-0.009940229,-0.21133995,-0.069260694,-0.53841174,-0.037453778,0.19588345,0.055281945,0.053209715,-0.073368855,0.33120242,-0.826554,0.08331012,0.07966462,0.40177646,0.14012492,-0.6880178,0.21457568,0.15337278,-0.17265059,0.039196245,-0.14459677,0.13651004,-0.25380328,-0.04041367,0.060078215,-0.029714044,0.0012740669,0.027849065,-1.2343802,-0.11720392,-0.09640423,-0.014561959,0.2070773,-0.10020192,-0.044457085,0.0758279,0.083361074,-0.00061858795,0.05705291,0.020550258,0.03177846,0.011497276,-0.00036035758,0.1073531,-0.033636287,-0.027856456,-0.05289464,-0.10112159,0.028888091,0.055181254,-0.10428935,-0.11382574,-0.05495919,-1.6270874,-0.21383558,-0.15067601,-0.08447909,-0.11217296,-0.0058668996,0.46892145,-4.2656164
-0.05147728,-0.55366844,0.07890961,0.30284438,-0.17524898,-0.015440281,-0.49440113,-0.109157234,-0.061957538,-0.72131664,-0.07470626,-0.05815113,0.27740583,-0.23942727,-0.10323724,0.12076492,0.8415613,-0.30838716,-0.09911039,-0.19079423,-0.043939732,-0.44429827,0.15949789,0.024144594,0.15406707,-0.18082683,0.00060508953,-0.017480765,0.30751896,-0.016839493,-0.23851717,-0.16362244,-0.4959322,0.32264152,-0.18105137,0.05499442,-0.43135825,-0.007252777,0.008443506,-0.01427998,0.043397658,-0.0017941566,0.011347816,-0.1473435,0.057241052,-0.0064168405,-0.081547275,-0.16137335,0.051744588,0.0082317535,0.00048687495,-0.11762213,-0.025308732,0.09763253,-0.24757086,-0.17481706,0.006090617,-0.12593786,-0.023786673,0.035991885,-3.6398351
-0.047098916,-0.27164885,-0.02233648,-0.62272465,-0.40713227,0.0053978553,-0.42526755,-0.094294116,-0.12166263,-0.4611352,0.03647442,0.014627175,0.087413035,-0.30291313,-0.07533261,0.46872416,0.5407071,0.011192411,0.06435645,-0.1791679,-0.08468133,-0.43910944,0.12397787,-0.04715446,0.05243503,-0.13613962,0.0013852336,-0.08993375,-1.3178514,0.14291827,-0.26651457,-0.16686718,-0.3804865,-0.21884406,-0.08346626,0.12770517,0.07421477,-0.10071084,-0.44176087,0.010169812,0.11660989,-0.06326655,-0.004696089,-0.17508481,-0.06907688,-0.14929615,-0.05527739,0.1646453,-0.05829058,-0.066509165,-0.07291068,-0.14820783,0.002906371,0.31249005,0.44800845,0.9495142,-0.061891653,-0.07378121,-0.030197255,0.3369116,-3.7399359
-0.092222996,0.061077625,0.07612352,0.15341838,-0.16709495,-0.14967558,0.18312642,-0.07826142,0.23751895,0.21957621,-1.2109866,-0.0589442,-0.036723457,-0.21288906,-0.15682441,-0.5795871,0.23806676,-0.15238011,-0.10751725,0.05455129,-0.07430375,0.21949446,0.066264704,-0.03650969,0.055240516,0.12726344,0.0006166729,-0.003328681,0.27146837,-0.14295578,0.16445631,0.083646834,0.3059972,0.14620218,0.07764308,0.0092033325,0.07950591,-0.050231006,0.010824543,-0.022471396,0.07976311,0.016712818,-0.00018842146,0.05472905,-0.17667864,-0.09075681,-0.032405257,-0.10903397,-0.080678895,0.04078695,0.01992557,-0.015029742,-0.054662134,-0.15991181,-0.20575903,0.09709345,0.06606561,-0.096410364,-0.03319683,-1.2874992,-2.4587553
-0.009867322,0.6824762,0.067254186,-0.4945308,-0.06761544,0.048418358,-0.019257287,-0.13047558,-0.08019203,-0.3961763,-0.03943936,0.0020482177,0.16239561,0.31866327,-0.08462563,0.029041544,0.77112955,0.10193027,0.08162871,0.058311775,0.023512864,-0.0813061,-0.12997754,-0.01001988,-0.33039564,0.11800663,0.001021414,-0.057312712,0.21315356,-0.045351654,-0.08593179,-0.012641273,-0.5018381,-0.38731804,-0.14965837,-0.19209015,-0.39497995,0.012522072,-0.004924734,-0.10536563,-0.8327374,0.0053491057,-0.041125283,0.21913281,-0.07795794,0.029895099,-0.06195022,-0.29657865,0.07949187,-0.10767363,-0.014530452,-0.14485453,-0.025619656,0.2139822,-0.61565727,-0.06492963,-0.17558643,0.2785036,-0.16223966,0.49030858,-2.4245546
0.033160515,0.62407726,-0.013534343,0.1762708,0.096101046,-0.03173726,-0.016650945,-0.03216666,0.0337781,0.18445295,-0.7160367,-0.27203244,-0.38221198,0.15156886,-0.09769238,-0.7751692,-1.9258502,0.10967672,0.02323245,0.027320217,-0.08689901,-0.06361465,-0.0906847,0.025890063,0.08069796,-0.017708648,0.00060508953,-0.14293557,-0.7456034,0.0400705,-0.040479757,-0.07922081,0.31659213,0.18853636,-0.020336885,0.07770764,-0.08715972,0.0002161488,0.025429515,0.02735167,0.07084799,-0.0021314109,-0.08369589,0.05398137,0.003865756,0.037238505,-0.057848815,-0.12988667,-0.009045064,0.018133307,0.012387594,-0.07627257,0.031435635,-0.8378967,-0.37488917,-0.25279194,0.043607146,-0.10353021,-0.015898103,0.26475406,-4.8026247
0.041209035,0.016762549,-0.03398983,0.18813035,0.07017841,0.06086725,-0.27664194,-0.04984182,-0.05623044,-0.5353484,-0.061088715,-0.25989056,-0.51199263,0.23586883,-0.12285169,-0.7048184,-2.0677319,0.09824753,0.014303556,0.02555959,-0.076589815,-0.078887865,-0.12986936,0.06134903,0.10025462,-0.033339277,0.00060508953,-0.12355262,-0.7195886,-0.0016302001,-0.104908176,-0.10848896,0.3208444,0.22541916,-0.040188294,0.103736244,0.006532062,-0.0017888907,0.018069109,0.01587395,0.09797298,-0.0015449091,-0.109792635,-0.13856211,-0.04554988,0.09656803,-0.058891818,-0.1272071,-0.21499874,-0.06815156,0.024202572,-0.11256924,-0.02257022,0.10431385,-0.5141111,-0.2709679,0.00079334807,-0.09863019,-0.02840709,0.15474099,-5.82881
-0.092970364,-0.2901832,0.07041912,0.17820577,-0.20840894,0.1107871,0.14600846,-0.08886844,0.0058929184,0.31667852,0.10318545,0.108853,0.04504934,-0.4253348,0.03909483,0.066645294,0.18768881,-0.15495068,0.030106626,-0.07154618,-0.16865604,-0.32459232,-0.08214791,-0.03627112,0.056184053,-0.15897132,0.0013852336,0.08958411,-1.0562637,0.19401135,-0.14262278,-0.14192227,-0.37059453,-0.19192496,-0.0855699,0.07511822,-0.042601436,-0.00077337027,-0.21881944,0.03472826,0.053016335,-0.06346299,-0.017060813,-0.2047896,0.06459907,0.0909757,-0.019738264,0.17863737,0.016361952,0.07422227,0.013529555,-0.043789983,-0.043042123,-1.1600873,0.39428887,-0.2762613,-0.05035534,-0.15810561,-0.0040020924,-1.0912606,-4.7406926
-0.0027044602,-0.2084039,-0.067270026,-0.4515109,-0.085247375,0.088817425,-0.015392126,-0.09250811,-0.10034913,-0.5055107,-0.07230574,-0.25120306,-0.48365733,0.08858655,-0.20043069,-0.60925776,-1.8818438,0.07703283,-0.074241124,-0.034998238,0.027686968,-0.31235415,-0.054282233,-0.014223108,-0.30683935,-0.115562625,0.00060508953,0.07161711,0.15287209,-0.10560328,-0.03922244,0.09203375,-0.5876347,-0.13401034,-0.031132344,-0.1302121,0.038491845,0.010808239,-0.100714065,-0.035665505,-0.22210321,-0.015991148,-0.015778614,0.091525026,-0.07583417,0.080001354,0.2721485,-0.2059229,-0.03808499,-0.08651619,-0.015523973,-0.16096431,0.06512708,0.22849624,-0.56512487,-0.027813382,0.07183789,-0.06499538,-0.027989626,0.07375351,-7.0954914
-0.00030111568,-0.20852809,-0.028226098,0.3073878,0.01986696,0.14990903,0.030708604,0.059698403,-0.15653901,0.8039834,0.12313462,-0.3155117,-0.3521035,0.18410778,-0.12038878,-0.7147786,-2.0436716,0.1170996,-0.0011950042,0.042269614,-0.18251045,-0.12071502,-0.13905348,0.04387154,0.09378746,-0.029071413,0.00060508953,-0.063424215,-0.92754537,-0.0034458544,-0.15566666,-0.12347345,0.36128405,0.26780713,-0.12074742,0.09334019,-0.083598696,0.0006235095,0.025735898,0.039981477,0.0940196,-0.012450231,-0.10834347,-0.11981473,0.06723552,0.007611507,-0.059821527,-0.11604584,0.049607605,0.004741533,-0.023265941,-0.0815933,-0.024354925,0.07694455,-0.12127663,-0.2511565,-0.0032262169,-0.089973286,-0.027176859,0.19407724,-3.6695552
-0.00090372935,-0.21423654,-0.014805606,-0.6190338,-0.076539196,0.13487363,-0.2948738,0.08135698,-0.1283913,-0.4685725,0.30824086,0.053367857,0.25289744,0.41436517,-0.09762927,-0.43398032,0.7332684,0.059215102,0.059391707,0.039567202,-0.024184555,-0.30438498,0.08244561,-0.034648683,-0.22620781,0.09931206,-0.009095056,-0.007405523,0.23213251,0.015478697,-0.100373216,-0.012154877,-0.60110295,-0.43695363,-0.08445595,0.07236385,0.02236279,0.0028173793,0.115299284,0.09735191,0.19869861,-0.023839906,0.05889646,0.109746695,0.059664622,0.08170481,-0.022907827,0.29184964,-0.049305946,-0.049813136,-0.01404522,-0.06967603,0.101911046,0.048360825,-0.6114198,-0.2165153,0.09547445,-0.115090944,-0.07637189,-1.9771519,-3.4936554
-0.015409492,-0.47538722,0.052920453,0.25001165,-0.13699709,-0.03987609,-0.035835445,0.021185923,-0.06493221,0.056135997,0.0012141401,0.12753326,-0.085684024,-0.4552248,0.09140643,0.031356066,0.48627838,-0.15882257,0.05634763,0.07071516,-0.01889885,-0.061038855,-0.05578203,-0.0056715324,-0.24654448,0.095477596,0.00569626,-0.050133593,0.18840581,-0.08640027,-0.09100737,-0.025642753,-0.3216666,-0.48795325,-0.2091677,-0.16904226,-0.3683229,0.0063877325,0.00249697,-0.11577872,-0.64870274,0.008559073,-0.04163643,-0.20050861,-0.0501942,-0.27020353,0.27728853,0.1906368,0.026844513,-0.12206163,-0.04121998,0.26042432,-0.025356317,0.28720134,-0.10838163,0.4697659,-0.14247936,0.15757659,0.008114101,-1.1421998,-3.3441837
0.01340397,-0.15785116,-0.11340684,0.24236658,0.09905188,-0.06528793,-0.17509426,-0.1103606,-0.060141318,-0.3974327,0.2324146,0.13157943,0.17682827,-0.19651908,0.14720878,-0.4660246,0.7247138,-0.023428164,0.01779193,0.055384584,0.0113706235,-0.04985256,-0.13866258,-0.0036603701,-0.26493293,0.112940304,0.003930341,-0.07667668,0.29974425,-0.06319162,-0.12073863,-0.026860796,-0.34780025,-0.4547034,0.04871971,-0.1645195,-0.2041395,0.008485695,0.034739166,-0.11865654,-0.795522,0.005961826,-0.013330068,-0.22807543,0.09623422,-0.116720274,0.23587154,0.238256,0.08309841,-0.06924531,-0.057145916,-0.20744494,-0.019628383,0.14477102,-0.2479551,-0.5252817,0.18571243,0.07967989,-0.015458232,0.43986335,-2.2256267
-0.07488733,-0.5571024,0.016481705,0.294739,-0.14819005,-0.26516402,-0.013329729,-0.09958838,-0.01513073,-0.50033563,-0.06812449,0.06952077,0.25209498,-0.19825923,-0.05119784,0.4228199,0.90838027,-0.12822045,-0.06984314,0.058059555,0.03655605,-0.2081698,-0.01927161,-0.025517264,0.07151301,-0.14748606,0.0014251124,0.038453516,0.24497558,-0.09753589,-0.07705393,0.16758591,-0.67429346,0.12182529,-0.16972426,-0.18580052,-0.12747484,0.025096813,-0.15931243,-0.018661449,-0.53733134,0.005226246,-0.004598233,-0.18588755,0.04313388,0.059943695,-0.084068365,0.22765586,-0.17919831,-0.11100167,0.025669478,-0.11807032,-0.020840963,-0.029977432,-0.3076035,-0.46267596,0.03912661,-0.0371964,-0.05421003,0.06419056,-3.037861
-0.004071541,-0.2301528,-0.036962308,-0.6487336,-0.061769016,0.10538753,0.1452556,0.05059824,-0.08328141,0.3432515,-0.9944098,0.11222933,0.20783076,0.083373226,-0.1556066,-0.6501523,0.8864435,0.103704326,-0.04126488,0.017814714,0.0035000509,-0.5716294,-0.08300078,-0.068235815,-0.354235,-0.061469078,0.00060508953,0.03466504,0.24415076,-0.08292562,-0.051541522,0.10233172,-0.80935425,-0.21833418,-0.13125229,-0.13724923,0.13368294,0.014752183,-0.26364917,-0.030819865,-0.4808825,-0.031544764,0.01846831,-0.13542944,0.041825272,0.015598687,-0.04775539,-0.115257606,0.02699077,0.005429588,-0.01165279,-0.18342568,-0.04082215,0.067695476,-0.2291484,-0.1883413,-0.00029731635,-0.09887933,-0.015387647,0.22079371,-4.3625464
0.066754274,0.11615913,-0.025068646,0.19929443,0.18530601,-0.11366911,0.17705187,0.026917273,0.040502526,0.17091377,-0.8326372,-0.2769286,-0.55620337,0.33179194,-0.09225833,0.0386331,-2.293714,-0.01807794,0.049342155,-0.3156945,-0.063228324,-0.2525994,0.07120487,-0.051851757,-0.2982684,-0.033568874,-0.0023636157,0.0754617,0.2554316,0.031192504,0.09105321,-0.09042205,-0.5262571,-0.30302745,0.024983818,0.09698664,-0.04530547,0.0024674796,0.105746165,0.091236174,0.12354844,-0.019002073,0.0018262663,-0.1736751,0.028459273,0.022573907,-0.054854013,-0.15815164,0.020566102,0.03597933,-0.007832378,-0.09037286,-0.025752172,0.055695113,-0.030448534,-0.20458242,-0.029810969,-0.099704236,-0.009114556,0.10640855,-4.4509573
0.008117422,-0.39366972,0.007498292,0.21218884,-0.16810651,-0.03684356,0.16077828,0.021393381,-0.06977177,0.28092977,0.10316314,0.104076,-0.08626679,-0.2143414,0.16102424,0.26748985,0.7364532,-0.091755986,0.018853571,0.06008801,-0.04763656,-0.040015396,-0.061802395,-0.0056715324,-0.26402643,0.09463666,0.00569626,-0.04221343,0.18067992,-0.04481774,-0.123870425,-0.001204459,-0.4164057,-0.48433667,-0.19693176,-0.19087969,-0.38547167,0.0063877325,0.0006569037,-0.041302495,-0.6992132,0.0079463525,-0.04163643,-0.19272615,-0.06324026,-0.26469654,0.2179538,0.16764297,0.02892023,-0.12194503,-0.08809713,0.29530573,-0.023317246,0.2897469,-0.14087379,0.4663061,-0.12964094,0.15065292,0.010125194,-1.2829843,-2.3910017
-0.03178224,-0.3017269,-0.06269254,-0.76488435,-0.27529782,-0.06416249,-0.042858623,0.009697057,-0.039628193,-0.7825297,0.024453519,0.05749192,0.25527388,-0.20083484,-0.17938763,-0.3854817,0.18876669,-0.0011036079,-0.050467506,0.076393865,-0.045332808,0.0427224,0.07378419,-0.024071172,0.15290353,0.15781884,0.001021414,-0.05759272,0.30288222,-0.08000001,0.13836536,0.13717219,0.29943684,0.22275785,0.08638644,-0.17445847,0.079034775,-0.046160787,-0.18426843,-0.02401702,0.14555296,0.013413244,-0.0004470162,-0.12482725,-0.01815191,0.056740843,-0.062095653,-0.14455485,-0.07212404,-0.075878866,-0.045845456,-0.17041765,-0.049950328,0.3490608,0.6341483,-0.24699178,-0.09283372,-0.11481068,-0.027869377,0.42406315,-1.1361959
-0.039220843,-0.35458982,-0.04774926,0.19178054,-0.14902592,0.08151601,-0.3649248,-0.04798331,0.013473009,-0.6979878,-0.046936076,-0.28384006,-0.42213008,0.26454058,-0.15654588,-0.68670243,-1.7159111,0.13232765,0.050343364,0.019578455,0.15002711,0.32561067,0.061917596,0.102541074,0.10455205,-0.05518994,0.001021414,0.061247047,-0.8618288,-0.01676187,-0.012046476,-0.010458237,0.28158492,0.22922619,-0.030673746,0.112486094,0.048599653,-0.0546828,-0.17802857,0.070535466,0.07791008,-0.048048522,0.015779473,-0.094261624,0.068631835,0.0069703776,-0.063363135,-0.14068936,0.056274332,-0.012027215,-0.013401082,-0.108375594,-0.023980053,0.042767294,-0.19726528,-0.22739565,-0.005059544,-0.08705436,-0.019338218,0.1681938,-4.5340414
0.053651348,0.26939037,0.054996386,0.11680322,0.19391377,0.040560067,-0.067840524,-0.061334148,-0.030370727,0.19797441,-0.7102786,-0.19636367,-0.39490834,0.105065666,-0.063679606,-0.6778503,-1.4811083,0.07406442,-0.07957429,-0.021035373,-0.05037965,-0.22026673,-0.08639964,-0.0024510608,0.082722016,-0.031348415,0.00060508953,-0.12834567,-0.5514011,0.19772172,-0.112390645,-0.13239221,-0.325171,0.26926917,-0.053842843,0.080585435,-0.062125467,-0.0037064508,-0.007761999,0.02735167,0.04332029,-0.022080742,-0.033885065,-0.1594713,0.07500508,0.081354305,-0.05278327,-0.12159809,-0.084531076,-0.032815028,-0.047839433,-0.079474434,-0.02693168,-0.7596971,0.46955323,-0.27006346,-0.0073693786,-0.1033264,-0.018305903,-0.92059857,-5.8591895
0.018331517,-0.102440625,0.060637433,0.2394988,-0.07281938,0.0028281314,-0.21452016,0.008847743,-0.041337118,-0.76404995,0.28969344,0.02359812,0.24365588,-0.26749542,-0.08503929,-0.42510876,0.32277814,-0.10397102,0.0108828135,0.013671224,0.15637298,0.17149246,-0.14882272,0.09592794,0.09496944,-0.052281145,0.001021414,0.055305786,-1.3287641,0.008041639,-0.06206106,-0.019781414,0.30769727,0.22339045,-0.027759489,0.12048088,0.06513371,-0.13783534,-0.3308982,0.07442383,0.109357424,-0.030198036,0.0047345357,-0.13359183,0.07158642,0.03129625,-0.05825815,-0.14607748,0.046444654,-0.0079194065,-0.06718952,-0.11746005,-0.032084614,0.004694594,-0.2881681,-0.22759941,-0.02103902,-0.11414094,-0.03950665,0.17029616,-2.4211276
-0.041434765,-0.24147266,-0.019835679,-0.5253334,-0.045605663,-0.09483255,0.14744776,-0.008934462,0.18557543,-0.4888557,0.037022255,0.07383393,0.15776488,0.46081826,-0.010439811,0.2210694,0.72428334,0.096093684,-0.05431158,0.036151532,-0.17677724,-0.024783086,-0.17267376,-0.016710289,0.09155241,0.025302816,0.0006166729,0.04049162,0.26758182,-0.09435092,-0.104251124,-0.01718873,0.41131434,-0.20680264,-0.05737949,0.07719724,-0.39856288,-0.0039120056,0.07712524,-0.02199699,0.16557196,0.023256615,-0.055160746,-0.083459616,0.083325386,0.05271153,-0.09167062,-0.1457132,-0.087721005,0.05513835,-0.0041815257,-0.12645619,-0.05437233,-1.6053581,0.48370376,-0.23031613,-0.12877738,-0.074040934,-0.023999924,-1.4603257,-3.0030484
0.049819954,-0.26675406,-0.033883587,-0.7820997,-0.028674543,-0.286427,-0.03233193,-0.018355817,-0.052428126,-0.08937871,0.20992948,0.13497831,0.2329272,-0.42675108,0.09270667,0.19011202,0.75628066,-0.19627653,0.039832607,-0.18177001,-0.043584783,-0.323034,0.027369479,-0.0071288575,-0.2389126,-0.045226857,-0.003297801,-0.022705868,0.27849475,0.058185305,0.06996273,-0.08964265,-0.567408,-0.49856526,0.0699778,0.026172824,-0.018761871,0.006120038,0.13835102,0.02319602,0.19186598,-0.022912795,0.021712732,0.16097109,-0.111371756,-0.22576135,0.16658334,0.2334432,-0.013542281,-0.18616085,-0.037896007,-0.08616004,-0.028352594,0.057450384,-0.61983526,-0.5740197,-0.07763258,0.36144587,-0.021950647,0.12027625,-2.54083
0.050712828,0.6351143,-0.10555972,-0.3923165,-0.084788166,0.0011357907,-0.13547225,0.068588786,-0.088476464,-0.43770263,0.3538176,-0.48092735,0.08577257,0.2354927,-0.14442386,-0.89156234,0.13839002,0.03916013,-0.08281788,0.047832176,-0.061848935,0.08678226,0.050323956,-0.032152787,0.05326614,-0.012483237,0.001021414,0.009129629,0.2400951,-0.11820549,0.06459466,0.07047803,0.18574114,0.18797264,0.08275601,0.112102576,0.043541826,-0.0023914496,0.115006596,-0.0020174189,0.09166774,0.013667045,-0.012223856,0.06266031,-0.19122727,-0.06482154,-0.034196366,-0.18286037,-0.11360311,0.029700225,0.008665027,0.0015275134,-0.050029356,-0.1946952,-0.22880949,0.11013836,0.020304162,-0.09154099,-0.011154363,-1.2594653,-2.2106144
0.005864341,-0.21820833,-0.055219978,-0.41518283,-0.023516363,0.07910446,0.0069291107,-0.040057294,0.020006731,0.24473934,-0.76186454,-0.22711302,-0.47840217,0.16967878,-0.20073554,-0.710087,-2.0461287,0.09783881,0.04520213,0.05657333,-0.14816423,0.12522562,0.007226648,-0.030624732,0.17557022,0.006127488,0.001021414,0.08093394,0.27253795,-0.11625976,-0.033114683,-0.021773294,0.3196548,-0.06278684,-0.05001962,0.069812365,-0.21676396,-0.0050593764,0.08919166,-0.028439509,0.14030732,0.012521681,-0.059058122,0.062212765,0.064136595,0.041761637,-0.042893223,-0.19003417,-0.22534955,-0.07807765,0.0028244318,0.24121264,-0.024158688,0.2721835,-0.36907068,-0.17090864,0.0057682563,-0.08827187,0.14248167,0.43143877,-3.8472564
-0.026496409,-0.21805216,-0.027016042,-0.67762053,-0.38761598,0.026263371,-0.3690508,-0.040403157,-0.12125448,-0.42993337,0.061121497,0.082500234,0.10674981,-0.29047298,0.055050552,-0.17916256,0.3094599,-0.11137088,0.0637315,-0.1931343,0.0016863067,-0.37250954,0.11503671,-0.05687709,0.055459592,-0.14753203,0.0013852336,-0.07661529,-1.1562837,0.123306654,-0.2548404,-0.16686718,-0.38380542,-0.17451634,-0.078250274,0.09376397,0.05789244,-0.0885822,-0.40407246,0.0369497,0.08453237,-0.06326655,-0.04154175,-0.17326818,-0.04747813,-0.21499869,-0.02820983,0.1828552,-0.055785384,0.023857713,0.13136442,0.28483498,-0.040767677,0.31407535,0.59063476,0.94952905,-0.031477757,-0.15470979,0.21679088,0.3630022,-2.952005
0.015756011,0.50291586,0.05705588,0.26720607,-0.041533783,-0.23294188,0.16870207,-0.035841435,-0.057321243,0.20232637,-0.9691607,0.0965263,0.18260479,0.36440048,0.15581821,-0.5748289,0.7486501,0.07619845,0.045607716,0.069650166,-0.036294773,-0.06137993,-0.07360694,-0.005473538,-0.2759374,0.09963046,0.0014251124,-0.033751562,0.17542693,-0.031165749,-0.10408788,-0.022284914,-0.52041346,-0.38799676,-0.08952641,-0.12342867,-0.3807874,0.008727019,0.036738932,-0.068568535,-0.8081559,0.004844857,-0.06396731,-0.21648107,-0.07448445,0.036896456,0.19327697,0.12574437,0.024881776,0.07031808,-0.0149878375,-0.14312689,-0.018832551,0.20708042,-0.116622016,-0.51254755,-0.15735462,-0.0799385,0.015050571,0.17703024,-2.2023396
0.038227983,0.66140455,0.067254186,-0.51287293,0.2332519,0.050359912,-0.007811944,-0.11925006,-0.08011741,-0.27761787,-0.02334677,0.0015366627,0.16730462,0.2809895,0.06797059,-0.36893252,0.6070075,0.065712556,0.052978292,0.038931362,-0.043737844,-0.09489113,-0.12997754,-0.01001988,-0.3132845,0.11800663,0.001021414,-0.06604893,0.2382134,-0.045351654,-0.10215049,-0.012481619,-0.4833835,-0.39733237,-0.14965837,-0.16540352,-0.38088602,0.0057528606,-0.004924734,-0.10085019,-0.8327374,0.0053491057,-0.041125283,0.21913281,-0.077856734,0.021359501,-0.056692004,-0.31034058,0.082581684,-0.11919597,-0.014530452,-0.13470078,-0.021288535,0.2225891,-0.6035893,-0.044356927,-0.16420624,0.2924487,-0.15562417,0.47716916,-2.4500217
-0.05231095,-0.45452127,-0.12390317,0.20681456,-0.13978343,-0.06031754,0.18120565,-0.07556735,0.101850435,0.26578552,-1.0261469,0.016127056,0.21022871,-0.27129516,0.105065376,0.053407792,0.92469686,-0.040339213,-0.08728645,0.042901494,-0.17250301,-0.009826444,-0.17236538,-0.019373162,0.13093156,-0.019723333,0.001021414,0.047420535,0.28684017,-0.15453038,-0.07759129,-0.006202735,0.20246695,-0.112826355,-0.049359255,0.049728908,-0.45336446,0.0016471972,0.070424944,-0.03796532,0.12736458,0.02034349,-0.04091891,0.085740276,0.010466912,-0.0007727854,-0.05329432,-0.15390939,0.023889419,0.07880946,0.0082711205,-0.11315773,0.03187625,0.40780896,0.48712668,-0.02810115,-0.18885496,-0.13036522,-0.024406182,-2.1848686,-2.3554895
-0.017323459,-0.22637035,-0.054888286,-0.4033744,-0.07901441,0.04017041,-0.022022398,-0.12527029,-0.10016021,-0.39142317,-0.060281936,-0.24836123,-0.42651194,0.148781,-0.1423734,-0.6913808,-1.8886322,0.069068864,0.029916085,0.03504735,-0.056835093,-0.21799806,0.0197524,0.055528753,0.1575409,0.14572953,-0.0014002146,0.037754513,0.25235233,0.21929207,-0.023421999,-0.12283407,-0.41813174,0.3036167,-0.06974898,0.09897145,0.032079063,-0.0016237404,0.08376508,0.06723218,0.13290302,0.0010810597,0.083547674,0.23375978,0.016523834,-0.0024816897,-0.05496171,-0.22890358,-0.13785201,-0.028645245,-0.012286489,-0.10052462,0.08423715,-0.06566619,-0.45251766,-0.09571875,0.067109495,-0.10194122,-0.014273517,-0.6803425,-5.3497367
-0.10316453,0.008196436,0.10767241,0.2374783,-0.13143614,-0.17828442,0.15726821,0.006803265,0.055722795,0.28461832,0.11517004,0.04593103,-0.0263624,-0.39902195,0.029012222,0.28835872,0.51493335,-0.15754098,-0.01479405,0.096191116,0.008452317,-0.2267912,0.045499243,0.020938735,-0.0032698065,-0.16246751,0.0012740669,0.040934905,0.21548624,-0.13404176,-0.0361355,0.12085946,-0.40295854,0.03964795,-0.16004018,-0.1949666,-0.1453931,0.0034120409,-0.11249531,-0.0035504848,-0.36590326,0.007823493,-0.014413483,0.20539457,-0.032772705,-0.19983353,-0.08470499,-0.15220791,0.060730897,0.064615,-0.07479937,-0.1568836,-0.051665835,-1.5380396,0.27611884,0.074596085,-0.0780686,-0.16176039,-0.025379201,0.20020433,-2.195802
0.057653677,-0.06725805,-0.054630216,0.23533387,0.113591045,0.13294312,0.023116939,0.04062643,-0.04793582,0.31557098,-0.88777435,-0.023045048,0.22759286,-0.21992417,-0.092676625,0.27675876,0.83751404,-0.16564392,-0.0141541865,-0.17719664,0.09222535,0.01402879,-0.14196844,-0.029319465,-0.3171214,-0.1923916,0.003930341,-0.0486028,0.22966816,-0.05155357,-0.04251211,-0.00075654313,-0.3632257,-0.27106076,0.04469601,-0.12001639,-0.36791605,0.014845191,0.0018311003,-0.053435124,-0.64528847,0.008352669,-0.039450906,-0.16178422,-0.061157078,0.0032401867,-0.031053882,0.22152086,0.023733668,-0.09098353,0.03651476,0.21558985,-0.021638013,0.2406468,-0.6169331,-0.47332314,-0.12330168,0.3330931,-0.12921508,0.35697612,-2.042653
-0.035046674,-0.35234112,0.09818808,0.25815493,-0.1318166,-0.17553335,0.15587713,-0.064264834,0.2715391,-0.17894033,0.06829573,0.12840787,0.18243022,0.13664247,-0.010428549,-0.3419579,0.39048672,-0.0043428466,-0.022602564,-0.15859653,-0.1201839,-0.38730428,-0.07737777,-0.062569164,0.06280626,-0.14560787,0.00042938802,-0.14418343,-1.3671502,0.17290758,-0.19952048,-0.18919502,-0.42982036,0.32411557,-0.10389646,0.1260428,-0.013032755,0.0013031706,0.047040604,0.027878623,0.10902233,-0.06346299,-0.024212025,-0.2286997,-0.04475116,-0.008024663,-0.052941818,-0.10166359,-0.057132944,-0.03179258,-0.081902124,-0.09944011,-0.051233035,-1.4313552,0.4775491,-0.09571355,-0.05655074,-0.097829595,-0.016782096,0.039424192,-4.1806593
-0.0027044602,-0.2084039,-0.067270026,-0.4515109,-0.085247375,0.088817425,-0.015392126,-0.09250811,-0.10034913,-0.5055107,-0.07230574,-0.25120306,-0.48365733,0.08858655,-0.20043069,-0.60925776,-1.8818438,0.07703283,-0.074241124,-0.034998238,0.027686968,-0.31235415,-0.054282233,-0.014223108,-0.30683935,-0.115562625,0.00060508953,0.07161711,0.15287209,-0.10560328,-0.03922244,0.09203375,-0.5876347,-0.13401034,-0.031132344,-0.1302121,0.038491845,0.010808239,-0.100714065,-0.035665505,-0.22210321,-0.015991148,-0.015778614,0.091525026,-0.07583417,0.080001354,0.2721485,-0.2059229,-0.03808499,-0.08651619,-0.015523973,-0.16096431,0.06512708,0.22849624,-0.56512487,-0.027813382,0.07183789,-0.06499538,-0.027989626,0.07375351,-7.0954914
-0.023187025,-0.23421396,-0.04504613,-0.5917741,-0.24169709,-0.031534355,-0.32528594,-0.1191854,-0.06612689,-0.45635614,0.05104409,0.08691929,0.16354358,-0.2635064,-0.029697651,-0.19059542,0.561306,-0.0849275,0.04845132,-0.12690482,-0.06415438,-0.42543298,0.121696234,-0.059041057,0.06062887,-0.14223835,0.00060508953,-0.07779832,-1.1680158,0.14602603,-0.17732103,-0.16686718,-0.43466535,-0.19421679,-0.03477447,0.08961223,0.058467858,-0.032209937,-0.2048397,0.053480364,0.0753961,-0.06432423,-0.014982364,-0.16280809,-0.051324096,-0.034162305,-0.039280668,-0.124185115,-0.14251223,-0.055119533,0.050392807,0.3231181,-0.054486334,-1.0586946,0.56378394,0.9890772,-0.05716399,-0.14192432,0.00037367782,0.34103918,-4.22762
-0.014525486,-0.21258767,-0.050082654,-0.42717332,-0.047899943,0.029787749,-0.0052407747,-0.111410856,-0.13451448,-0.414897,-0.09118447,-0.27538306,-0.25125682,0.21803106,-0.13665701,-0.5728423,-1.1457185,0.04971073,0.00180603,-0.032635275,-0.07778777,0.033296674,-0.052970804,0.11730229,0.07342957,-0.053958755,0.00060508953,-0.043107145,-0.7099938,0.21829867,-0.02669882,-0.13476594,0.2041935,-0.25680748,-0.05100519,0.075136475,0.009447433,-0.03037853,-0.13167909,0.051076904,0.017156009,-0.014451077,-0.046604555,0.08056475,-0.023375526,0.060392857,0.007917,-0.14923604,-0.05841531,0.06904995,0.019407492,-0.10501593,0.024567837,-0.68789774,-0.37726283,-0.12984079,0.06682386,-0.060374763,-0.029055899,-0.97877306,-6.7254643
-0.006992355,-0.32963938,-0.0018494288,0.16422506,-0.13474825,0.039750166,-0.02680275,-0.036088273,-0.10453731,0.2728615,-1.1695598,-0.45400155,0.17052224,0.068431556,-0.17422368,-0.76055926,0.6923716,0.13981058,-0.041826755,0.057557065,0.016196052,0.17368138,0.091856875,-0.036449403,0.09869551,0.007562599,0.001021414,-0.003637176,0.33898968,-0.15872711,0.0026477044,0.114208065,0.4001494,0.16531827,0.09710063,0.10301539,0.085115515,-0.00021793041,0.07734366,-0.027357826,0.07806317,0.012550076,-0.10294654,0.024025239,-0.19880739,0.030101007,-0.014625598,-0.13144222,0.045016155,0.049233295,0.00889386,-0.06279489,0.02026578,-0.270773,0.25830865,-0.09811244,0.070223644,-0.098287985,0.00701485,-1.2249428,-1.6878237
-0.03585418,-0.24056672,-0.09066014,-0.38614044,-0.08544285,0.06025455,-0.044009335,-0.10169579,-0.09897287,-0.49442694,-0.02454999,-0.26096666,-0.42600942,0.22440653,-0.1649431,-0.044114083,-1.7206444,0.09335299,0.029187322,0.07674932,-0.018643444,0.4500646,-0.05929727,-0.0032960214,-0.22378537,0.107715964,0.001021414,0.059662253,0.23003896,0.01588789,0.103717975,-0.00548961,-0.4540235,-0.33240992,0.11542209,-0.1438854,-0.18735793,0.00811031,0.068645105,-0.05884975,-0.27940854,0.0058908947,-0.06327227,-0.15249066,0.053002603,0.017025284,-0.0890851,-0.15395662,0.0031120628,-0.030917574,0.020901818,-0.16421065,-0.029623307,-0.65396696,0.4278529,-0.058662064,0.109537825,-0.085319,-0.024933431,-0.34599054,-5.556311
0.06067888,-0.091379955,-0.05550584,0.21863459,0.11166486,-0.03699763,0.0057619885,-0.015594756,-0.027417269,0.2880514,-0.8781352,-0.021749249,0.22738323,-0.40266848,-0.08990516,0.24404213,0.8180499,-0.29104072,-0.023571635,-0.17778094,0.045534983,-0.09829514,-0.14196844,-0.029319465,-0.3171214,-0.1923916,0.003930341,-0.07016771,0.22153421,-0.058841646,-0.04251211,-0.003501514,-0.3778301,-0.26390284,0.04469601,-0.11943542,-0.36837968,0.014845191,0.0018311003,-0.053435124,-0.6468795,0.008352669,-0.039339818,-0.17639993,-0.07439199,-0.00609049,-0.031053882,0.22152086,0.023733668,-0.09098353,0.020854339,0.21861506,-0.023677085,0.24465922,-0.6329206,-0.47944397,-0.13586645,0.333822,-0.098462015,0.34223092,-2.9639306
-0.058652196,-0.27654594,-0.010071419,-0.5632764,-0.4113639,-0.0008781636,-0.44239295,-0.11702348,-0.10999142,-0.53092176,0.04723813,0.056359548,0.11287641,-0.42083448,-0.07178297,0.46799773,0.59423697,-0.15294828,0.035652805,-0.17381361,-0.098966576,-0.4397055,0.12519372,-0.057491448,0.06560079,-0.14582783,0.00060508953,-0.09650168,-1.3777946,0.14397907,-0.20609586,-0.175604,-0.44430894,-0.19809783,-0.083424285,0.10166371,0.090612315,-0.13850105,-0.45824525,0.027222224,0.09910415,-0.06326655,0.0050143646,-0.19536878,-0.06210164,0.10776229,-0.035881076,-0.1074778,-0.044368833,0.0485504,-0.056100495,-0.13339652,-0.030998759,0.3555842,0.45440915,-0.29651642,-0.0747837,-0.1534658,-0.007983623,0.32148314,-5.261626
0.03051892,0.3095021,-0.05506585,0.16866402,0.09770615,-0.0047913073,0.19378132,-0.016964663,0.17931686,-0.32351062,-0.67696154,-0.21548276,-0.5435342,0.26179644,0.112815455,0.12480777,-2.2878015,0.10350869,-0.033460118,0.06030787,-0.09652654,0.06836988,0.14374831,-0.014165141,0.08867771,-0.0002975464,0.0012740669,0.04151494,-0.52181536,0.039975338,-0.0116166705,-0.004415229,0.26247144,-0.055507418,-0.0844164,0.07839456,0.09401382,0.0015512942,-0.02545609,0.036307886,0.044079795,0.008933644,0.024047062,-0.090302534,0.0663082,0.014177936,-0.060477044,-0.14598311,0.054019712,0.0117685385,0.005373825,-0.1043247,-0.021395339,0.06728646,-0.06913689,-0.22603688,-0.022926698,-0.07391141,-0.016892314,0.12910295,-2.8790529
-0.03755782,-0.24849142,-0.0538197,-0.35399356,-0.15572198,0.12907279,0.04213237,0.03061481,-0.09702635,0.751584,0.1284547,-0.22693092,-0.43013877,0.27061948,-0.18646216,0.037064906,-2.1687891,0.023327924,0.023636796,-0.27541018,-0.14934777,-0.23933502,0.096468836,-0.003570512,0.08729674,0.1554509,-0.009095056,0.012849567,0.34456286,0.00056474283,0.14333192,-0.1101466,-0.5285276,-0.3698161,-0.055633157,0.08412947,-0.035743497,0.0006782678,0.044737272,0.08998047,0.08040288,-0.019002073,0.011341121,-0.16139002,-0.06276206,0.07277438,0.00859279,0.24169374,0.09586492,0.016527934,0.0033774804,-0.092444785,-0.024195261,0.14992733,-0.3735235,-0.21671818,-0.06758813,0.38772976,-0.078055,0.1622127,-3.1042325
-0.035848893,-0.22684646,-0.040466726,-0.5719467,-0.004596865,-0.061550148,-0.1592937,-0.005837787,0.05387234,0.21126485,0.2180538,0.09555181,0.1225159,0.27658054,0.0121732745,-0.669561,0.5576012,0.1551591,0.094463065,-0.059912443,0.16961513,0.3351323,-0.19776127,0.14448366,0.083688065,0.0047636926,0.00060508953,0.079180926,-1.1432186,0.19814636,-0.09054148,0.017260332,0.38066247,0.317427,-0.03133599,0.10832416,0.061075374,-0.070807084,0.11744252,0.047412165,0.078663334,-0.033828706,0.063186,0.042390537,-0.018467067,-0.21312854,-0.04799463,-0.09084675,0.025097452,0.06970403,-0.07775573,-0.09761879,-0.061914947,-1.6848577,-0.32545885,-0.16300619,-0.11613972,-0.10833,-0.014015054,0.22840317,-2.0529883
-0.044848453,-0.27040806,-0.04867047,-0.5692765,-0.06086903,0.06415085,-0.3004206,-0.077730946,0.012545951,-0.6280871,-0.065429494,-0.18808778,-0.37607318,0.29080907,-0.118280254,0.11879843,-1.4097387,0.094895095,0.035004962,-0.0467412,-0.071581736,-0.30340672,0.15348075,0.06638263,0.10126264,-0.06329264,0.00060508953,-0.121943936,-0.9756747,0.2142783,-0.16417393,-0.17962982,-0.39282748,0.21227525,-0.055123474,0.097724825,0.05845809,-0.057335008,-0.19536264,0.09779391,0.07591984,-0.017836656,-0.0138300015,-0.11291012,0.031747185,-0.014708171,-0.058793083,-0.12419262,0.04165323,-0.0020388337,-0.022983197,-0.09943382,-0.028027052,0.02718358,-0.122109145,-0.2953422,-0.009310458,-0.106182046,-0.031086538,0.072053,-5.9767747
0.043301016,0.45206952,-0.042240422,0.22731009,0.21413717,-0.05270651,0.020202091,0.038387712,0.0007768683,0.282104,0.06592885,-0.23433788,-0.54824394,0.03827799,-0.16718167,-0.70100635,-1.9684002,0.057580404,-0.101086386,-0.0076636123,0.072907254,-0.3537113,-0.07434033,-0.055963904,-0.34236476,-0.07507696,0.00060508953,0.049088214,0.20639367,-0.071558714,-0.050910167,0.09882386,-0.6238405,-0.15052295,-0.09804958,-0.15358803,0.124664836,0.008596218,-0.11345981,-0.018081414,-0.22649531,-0.015378427,-0.011468435,-0.121891186,0.050795548,0.00012859982,-0.06139601,-0.13426857,0.024264757,0.012672763,-0.006759612,-0.14087303,-0.017937139,0.002036253,-0.13069381,-0.15828896,-0.03543563,-0.09175142,-0.017046383,0.053349048,-5.029618
-0.021433868,-0.3667407,0.01722609,0.2394218,-0.103342004,0.026860949,-0.32593825,-0.06590239,-0.038579877,-0.5307188,-0.09683691,0.10886985,-0.44279465,-0.4857682,0.12748826,-0.05408731,-1.9684912,-0.23011443,-0.030032208,0.009577881,-0.013584444,0.047807187,-0.1056177,-0.024549501,0.11728387,-0.0072651096,0.0012740669,0.044442568,-0.42077732,0.013855066,0.11559199,-0.005143117,0.16485284,0.13283357,-0.04592038,0.0846394,0.061006248,-0.001525824,-0.17836371,0.089057446,0.0770481,-0.026353657,0.0069390363,-0.13693634,-0.011427532,-0.17096604,-0.05682669,-0.13321838,-0.21283802,-0.07795423,-0.012191391,-0.11669562,-0.02790568,0.30129734,-0.5660487,0.2963732,0.08681826,-0.11745794,-0.02739251,0.43079656,-4.6563787
-0.041375753,-0.24673752,-0.05929555,-0.53517115,-0.05498193,0.044428557,-0.02372066,-0.10201815,-0.13134086,-0.42260915,-0.09262118,-0.03840492,-0.36693594,-0.28435445,-0.0660675,0.40072018,-1.3499235,-0.079306744,-0.038407825,-0.049703095,-0.072500296,0.01163253,-0.09311238,0.13243042,0.09409028,-0.03992596,0.0013852336,-0.09860769,-0.87883455,0.19981848,-0.02155831,-0.1459208,0.2737503,-0.32735783,-0.056814525,0.08096767,0.018288245,-0.03395886,-0.20275846,0.029949613,0.017411254,-0.016676076,-0.061845988,-0.15933095,-0.016146556,0.08190183,-0.057814863,0.17949761,0.038262174,0.123521775,0.024501773,-0.109356865,0.017463464,0.041184522,-0.40767226,-0.2935631,0.09216519,0.04626304,-0.036466323,-0.993001,-6.156565
-0.011743538,-0.35916847,0.03126171,0.14527479,-0.1036882,-0.095521584,-0.18337342,0.012737408,0.111948594,-0.075690314,0.29186141,-0.34027773,-0.565513,0.16129889,-0.13607617,-0.6935324,-2.149182,0.09691814,-0.019081302,0.03887033,-0.0141657,0.09649316,0.028660115,-0.04359136,0.08931094,0.02632606,0.001021414,0.04473031,0.25441334,-0.040637016,-0.02632679,0.108761154,0.22349913,-0.09005885,-0.06216652,0.0860014,0.04332886,0.00067819003,0.08317427,0.048976354,0.12642112,0.006153371,-0.024070349,0.09697558,-0.0881537,0.062418927,0.0144348815,-0.16305904,0.03779326,0.07619644,-0.0014822413,-0.04310759,0.07039049,-0.19200455,-0.17322956,-0.14361903,0.047761712,-0.09081893,-0.07852347,0.1259048,-3.3178666
-0.0080058165,-0.15691523,-0.03857599,0.23065276,-0.10089936,0.075664096,0.14227042,-0.053178966,-0.08089672,0.563849,0.20326833,-0.017100528,-0.39786413,0.10410115,0.18728696,-0.63326615,-0.22319649,0.09726985,-0.07445865,-0.02867125,0.08427669,-0.40558404,-0.05837768,-0.0229219,-0.28502172,-0.044247143,0.00070763525,0.062239494,0.20449902,-0.11046127,-0.02398508,0.09240871,-0.6479076,-0.23624665,-0.12548894,-0.12485404,0.0904013,0.0022056242,-0.08036435,-0.03631281,-0.30854157,-0.010104947,-0.00762648,0.11596676,0.12704657,0.085321814,-0.061440617,-0.14429243,-0.086168475,-0.023458777,-0.015643878,-0.10186289,0.0709946,-0.09739007,-0.54528004,-0.17564884,0.08400366,-0.086617306,-0.051329732,-1.6909126,-4.7966866
-0.03879318,-0.25772622,-0.04794503,-0.7474707,-0.08484901,-0.09471094,-0.100334086,0.032423258,-0.016041078,-0.42461726,0.26917267,0.11280945,0.21772994,-0.59127015,0.09080469,0.056044757,0.85587686,-0.2764561,0.013657337,-0.061597943,0.11380563,0.30017567,-0.21792941,0.079507984,0.07329805,0.043436293,0.00070763525,0.07174181,-1.2035805,0.11278049,-0.05413989,-0.027652618,0.25211737,0.28856072,-0.028242372,0.098541476,0.06879496,-0.02588225,0.12269889,0.12554203,0.077821985,-0.031231461,0.003013556,0.15153275,0.049912043,-0.18713443,-0.05599356,-0.16583559,0.011851195,0.07039103,-0.08233201,-0.12205639,-0.06446024,-1.7971855,-0.00797686,0.28302664,-0.123266205,-0.14840561,-0.028805345,0.3131035,-2.7530413
0.080852345,-0.24668366,-0.056558657,-0.3336411,-0.033347283,-0.0620573,0.025401367,-0.012600664,-0.022998638,0.4504731,0.07885809,0.0025296696,0.27362198,0.24688384,-0.16058987,-0.7607117,0.83468676,0.0687031,0.00749536,0.0705032,-0.0020064702,-0.21286792,0.08112231,0.017887115,0.05327388,0.13750666,0.001021414,0.023145124,0.2428233,-0.11821483,-0.019845603,0.11294131,-0.5789856,0.21291468,-0.004204789,-0.16278432,-0.17492697,-0.047292627,-0.19178002,-0.024932437,-0.27895635,-0.004669217,-0.002809939,0.0812694,-0.06986244,-0.20139848,-0.06722314,-0.11516082,0.04481811,0.084226936,0.0049843327,-0.1487862,0.042750932,-1.2033486,-0.08191152,-0.042036623,-0.047273844,-0.121774696,-0.0143487975,0.19054154,-2.155355
-0.035116427,-0.46941668,0.100538656,0.22367266,-0.14121014,0.049786642,-0.25806823,-0.10090044,-0.06396,-0.63141286,-0.056844614,-0.32446092,-0.1601926,0.27734923,-0.14426121,-0.02848433,0.11495775,0.06077025,-0.06000281,-0.069084436,0.037766747,-0.08562538,-0.118272245,-0.006952245,-0.25701028,-0.13320847,0.003930341,-0.01708423,0.21439312,-0.0759187,0.11791176,0.090289555,-0.30968508,-0.24922633,0.11111261,-0.14084165,-0.02529403,0.009029516,0.005232091,-0.0408206,-0.30258152,0.0036308635,-0.034556884,0.16105701,-0.0056029446,0.033026926,-0.051587276,0.34784275,-0.1767865,-0.04691126,-0.012059102,-0.10002491,0.053213812,-0.08872591,-0.44654027,0.000637779,0.081931725,-0.08839727,-0.16595125,-2.0233605,-5.4483585
-0.058652196,-0.27654594,-0.010071419,-0.6263249,-0.4113639,-0.0008781636,-0.44239295,-0.120515466,-0.10999142,-0.53092176,0.04723813,0.048938,0.11287641,-0.4203673,-0.07178297,0.46799773,0.5888212,-0.15294828,0.035652805,-0.17381361,-0.08284805,-0.4397055,0.12519372,-0.057491448,0.06560079,-0.14582783,0.00060508953,-0.09603451,-1.3777946,0.14397907,-0.20609586,-0.175604,-0.44430894,-0.19809783,-0.083424285,0.10166371,0.085126825,-0.13850105,-0.4577781,0.027222224,0.09910415,-0.06326655,0.0050143646,-0.19536878,-0.06210164,0.10776229,-0.035881076,-0.1074778,-0.044368833,0.0485504,-0.056100495,-0.13339652,-0.03903015,0.3555842,0.45440915,-0.29651642,-0.0747837,-0.1534658,-0.007983623,0.32148314,-5.3370004
-0.057303067,-0.3217536,-0.065756604,-0.5993472,-0.100248985,0.070323326,-0.0412613,-0.12013778,-0.119578466,-0.53128797,-0.06982793,-0.042131294,-0.5026912,-0.26812816,-0.073117584,0.41677213,-1.9898903,-0.14999282,0.038271178,-0.009119745,0.017302185,-0.29628232,0.01709543,0.01352114,0.107984535,-0.025600538,-0.0014002146,-0.1791909,-1.0843543,0.17775638,-0.15516983,-0.17040186,-0.43902564,0.25162092,-0.059475545,0.10815473,-0.01627374,-0.0016784987,0.017938392,0.029949613,0.1300945,-0.0006310204,0.043554015,-0.16250092,0.031621873,-0.0045808647,-0.059781246,-0.15521759,0.04323794,-0.0036112852,-0.030890867,-0.098988116,-0.045922812,0.0242648,-0.12192191,-0.26209614,-0.0015457701,-0.13654,-0.03824469,0.059647776,-7.01379
-0.057303067,-0.3217536,-0.065756604,-0.5993472,-0.100248985,0.070323326,-0.0412613,-0.12013778,-0.119578466,-0.53128797,-0.06982793,-0.042131294,-0.5026912,-0.26812816,-0.073117584,0.41677213,-1.9898903,-0.14999282,0.038271178,-0.009119745,0.017302185,-0.29628232,0.01709543,0.01352114,0.107984535,-0.025600538,-0.0014002146,-0.1791909,-1.0843543,0.17775638,-0.15516983,-0.17040186,-0.43902564,0.25162092,-0.059475545,0.10815473,-0.01627374,-0.0016784987,0.017938392,0.029949613,0.1300945,-0.0006310204,0.043554015,-0.16250092,0.031621873,-0.0045808647,-0.059781246,-0.15521759,0.04323794,-0.0036112852,-0.030890867,-0.098988116,-0.045922812,0.0242648,-0.12192191,-0.26209614,-0.0015457701,-0.13654,-0.03824469,0.059647776,-7.01379
-0.057303067,-0.3217536,-0.065756604,-0.5993472,-0.100248985,0.070323326,-0.0412613,-0.12013778,-0.119578466,-0.53128797,-0.06982793,-0.042131294,-0.5026912,-0.26812816,-0.073117584,0.41677213,-1.9898903,-0.14999282,0.038271178,-0.009119745,0.017302185,-0.29628232,0.01709543,0.01352114,0.107984535,-0.025600538,-0.0014002146,-0.1791909,-1.0843543,0.17775638,-0.15516983,-0.17040186,-0.43902564,0.25162092,-0.059475545,0.10815473,-0.01627374,-0.0016784987,0.017938392,0.029949613,0.1300945,-0.0006310204,0.043554015,-0.16250092,0.031621873,-0.0045808647,-0.059781246,-0.15521759,0.04323794,-0.0036112852,-0.030890867,-0.098988116,-0.045922812,0.0242648,-0.12192191,-0.26209614,-0.0015457701,-0.13654,-0.03824469,0.059647776,-7.01379
-0.057303067,-0.3217536,-0.065756604,-0.5993472,-0.100248985,0.070323326,-0.0412613,-0.12013778,-0.119578466,-0.53128797,-0.06982793,-0.042131294,-0.5026912,-0.26812816,-0.073117584,0.41677213,-1.9898903,-0.14999282,0.038271178,-0.009119745,0.017302185,-0.29628232,0.01709543,0.01352114,0.107984535,-0.025600538,-0.0014002146,-0.1791909,-1.0843543,0.17775638,-0.15516983,-0.17040186,-0.43902564,0.25162092,-0.059475545,0.10815473,-0.01627374,-0.0016784987,0.017938392,0.029949613,0.1300945,-0.0006310204,0.043554015,-0.16250092,0.031621873,-0.0045808647,-0.059781246,-0.15521759,0.04323794,-0.0036112852,-0.030890867,-0.098988116,-0.045922812,0.0242648,-0.12192191,-0.26209614,-0.0015457701,-0.13654,-0.03824469,0.059647776,-7.01379
-0.057303067,-0.3217536,-0.065756604,-0.5993472,-0.100248985,0.070323326,-0.0412613,-0.12013778,-0.119578466,-0.53128797,-0.06982793,-0.042131294,-0.5026912,-0.26812816,-0.073117584,0.41677213,-1.9898903,-0.14999282,0.038271178,-0.009119745,0.017302185,-0.29628232,0.01709543,0.01352114,0.107984535,-0.025600538,-0.0014002146,-0.1791909,-1.0843543,0.17775638,-0.15516983,-0.17040186,-0.43902564,0.25162092,-0.059475545,0.10815473,-0.01627374,-0.0016784987,0.017938392,0.029949613,0.1300945,-0.0006310204,0.043554015,-0.16250092,0.031621873,-0.0045808647,-0.059781246,-0.15521759,0.04323794,-0.0036112852,-0.030890867,-0.098988116,-0.045922812,0.0242648,-0.12192191,-0.26209614,-0.0015457701,-0.13654,-0.03824469,0.059647776,-7.01379
-0.057303067,-0.3217536,-0.065756604,-0.5993472,-0.100248985,0.070323326,-0.0412613,-0.12013778,-0.119578466,-0.53128797,-0.06982793,-0.042131294,-0.5026912,-0.26812816,-0.073117584,0.41677213,-1.9898903,-0.14999282,0.038271178,-0.009119745,0.017302185,-0.29628232,0.01709543,0.01352114,0.107984535,-0.025600538,-0.0014002146,-0.1791909,-1.0843543,0.17775638,-0.15516983,-0.17040186,-0.43902564,0.25162092,-0.059475545,0.10815473,-0.01627374,-0.0016784987,0.017938392,0.029949613,0.1300945,-0.0006310204,0.043554015,-0.16250092,0.031621873,-0.0045808647,-0.059781246,-0.15521759,0.04323794,-0.0036112852,-0.030890867,-0.098988116,-0.045922812,0.0242648,-0.12192191,-0.26209614,-0.0015457701,-0.13654,-0.03824469,0.059647776,-7.01379
-0.057303067,-0.3217536,-0.065756604,-0.5993472,-0.100248985,0.070323326,-0.0412613,-0.12013778,-0.119578466,-0.53128797,-0.06982793,-0.042131294,-0.5026912,-0.26812816,-0.073117584,0.41677213,-1.9898903,-0.14999282,0.038271178,-0.009119745,0.017302185,-0.29628232,0.01709543,0.01352114,0.107984535,-0.025600538,-0.0014002146,-0.1791909,-1.0843543,0.17775638,-0.15516983,-0.17040186,-0.43902564,0.25162092,-0.059475545,0.10815473,-0.01627374,-0.0016784987,0.017938392,0.029949613,0.1300945,-0.0006310204,0.043554015,-0.16250092,0.031621873,-0.0045808647,-0.059781246,-0.15521759,0.04323794,-0.0036112852,-0.030890867,-0.098988116,-0.045922812,0.0242648,-0.12192191,-0.26209614,-0.0015457701,-0.13654,-0.03824469,0.059647776,-7.01379
-0.057303067,-0.3217536,-0.065756604,-0.5993472,-0.100248985,0.070323326,-0.0412613,-0.12013778,-0.119578466,-0.53128797,-0.06982793,-0.042131294,-0.5026912,-0.26812816,-0.073117584,0.41677213,-1.9898903,-0.14999282,0.038271178,-0.009119745,0.017302185,-0.29628232,0.01709543,0.01352114,0.107984535,-0.025600538,-0.0014002146,-0.1791909,-1.0843543,0.17775638,-0.15516983,-0.17040186,-0.43902564,0.25162092,-0.059475545,0.10815473,-0.01627374,-0.0016784987,0.017938392,0.029949613,0.1300945,-0.0006310204,0.043554015,-0.16250092,0.031621873,-0.0045808647,-0.059781246,-0.15521759,0.04323794,-0.0036112852,-0.030890867,-0.098988116,-0.045922812,0.0242648,-0.12192191,-0.26209614,-0.0015457701,-0.13654,-0.03824469,0.059647776,-7.01379
-0.057303067,-0.32253975,-0.065756604,-0.59548223,-0.100248985,0.070323326,-0.041149884,-0.12013778,-0.119578466,-0.5322972,-0.069017276,-0.042131294,-0.5120276,-0.27083784,-0.073117584,0.41677213,-2.0249228,-0.14999282,0.038271178,0.02847039,-0.027911909,-0.29628232,0.01709543,-0.037980787,0.10205779,-0.025600538,-0.0014002146,-0.1791909,-1.0831025,0.17775638,-0.15516983,-0.17040186,-0.43902564,0.26349595,-0.06288436,0.099378206,-0.01627374,-0.0016784987,0.017900815,0.029949613,0.095668904,-0.0006310204,0.043554015,-0.16250092,0.031621873,-0.0045808647,-0.059781246,-0.15521759,0.04323794,-0.0036112852,-0.030890867,-0.098988116,-0.045922812,0.024482409,-0.12162642,-0.26935577,-0.0015457701,-0.13616553,-0.03824469,0.059640013,-7.1628313
-0.057303067,-0.32253975,-0.065756604,-0.59548223,-0.100248985,0.070323326,-0.041149884,-0.12013778,-0.119578466,-0.5322972,-0.069017276,-0.042131294,-0.5120276,-0.27083784,-0.073117584,0.41677213,-2.0249228,-0.14999282,0.038271178,0.02847039,-0.027911909,-0.29628232,0.01709543,-0.037980787,0.10205779,-0.025600538,-0.0014002146,-0.1791909,-1.0831025,0.17775638,-0.15516983,-0.17040186,-0.43902564,0.26349595,-0.06288436,0.099378206,-0.01627374,-0.0016784987,0.017900815,0.029949613,0.095668904,-0.0006310204,0.043554015,-0.16250092,0.031621873,-0.0045808647,-0.059781246,-0.15521759,0.04323794,-0.0036112852,-0.030890867,-0.098988116,-0.045922812,0.024482409,-0.12162642,-0.26935577,-0.0015457701,-0.13616553,-0.03824469,0.059640013,-7.1628313
-0.057303067,-0.32253975,-0.065756604,-0.59548223,-0.100248985,0.070323326,-0.041149884,-0.12013778,-0.119578466,-0.5322972,-0.069017276,-0.042131294,-0.5120276,-0.27083784,-0.073117584,0.41677213,-2.0249228,-0.14999282,0.038271178,0.02847039,-0.027911909,-0.29628232,0.01709543,-0.037980787,0.10205779,-0.025600538,-0.0014002146,-0.1791909,-1.0831025,0.17775638,-0.15516983,-0.17040186,-0.43902564,0.26349595,-0.06288436,0.099378206,-0.01627374,-0.0016784987,0.017900815,0.029949613,0.095668904,-0.0006310204,0.043554015,-0.16250092,0.031621873,-0.0045808647,-0.059781246,-0.15521759,0.04323794,-0.0036112852,-0.030890867,-0.098988116,-0.045922812,0.024482409,-0.12162642,-0.26935577,-0.0015457701,-0.13616553,-0.03824469,0.059640013,-7.1628313
-0.057303067,-0.32253975,-0.065756604,-0.59548223,-0.100248985,0.070323326,-0.041149884,-0.12013778,-0.119578466,-0.5322972,-0.069017276,-0.042131294,-0.5120276,-0.27083784,-0.073117584,0.41677213,-2.0249228,-0.14999282,0.038271178,0.02847039,-0.027911909,-0.29628232,0.01709543,-0.037980787,0.10205779,-0.025600538,-0.0014002146,-0.1791909,-1.0831025,0.17775638,-0.15516983,-0.17040186,-0.43902564,0.26349595,-0.06288436,0.099378206,-0.01627374,-0.0016784987,0.017900815,0.029949613,0.095668904,-0.0006310204,0.043554015,-0.16250092,0.031621873,-0.0045808647,-0.059781246,-0.15521759,0.04323794,-0.0036112852,-0.030890867,-0.098988116,-0.045922812,0.024482409,-0.12162642,-0.26935577,-0.0015457701,-0.13616553,-0.03824469,0.059640013,-7.1628313
-0.057303067,-0.32253975,-0.065756604,-0.59548223,-0.100248985,0.070323326,-0.041149884,-0.12013778,-0.119578466,-0.5322972,-0.069017276,-0.042131294,-0.5120276,-0.27083784,-0.073117584,0.41677213,-2.0249228,-0.14999282,0.038271178,0.02847039,-0.027911909,-0.29628232,0.01709543,-0.037980787,0.10205779,-0.025600538,-0.0014002146,-0.1791909,-1.0831025,0.17775638,-0.15516983,-0.17040186,-0.43902564,0.25092623,-0.06288436,0.10815473,-0.01627374,-0.0016784987,0.017900815,0.029949613,0.1300945,-0.0006310204,0.043554015,-0.16250092,0.031621873,-0.0045808647,-0.059781246,-0.15521759,0.04323794,-0.0036112852,-0.030890867,-0.098988116,-0.045922812,0.024482409,-0.12162642,-0.26209614,-0.0015457701,-0.13616553,-0.03824469,0.059640013,-7.124939
-0.057303067,-0.32253975,-0.065756604,-0.59548223,-0.100248985,0.070323326,-0.041149884,-0.12013778,-0.119578466,-0.5322972,-0.069017276,-0.042131294,-0.5120276,-0.27083784,-0.073117584,0.41677213,-2.0249228,-0.14999282,0.038271178,0.02847039,-0.027911909,-0.29628232,0.01709543,-0.037980787,0.10205779,-0.025600538,-0.0014002146,-0.1791909,-1.0831025,0.17775638,-0.15516983,-0.17040186,-0.43902564,0.26349595,-0.06288436,0.099378206,-0.01627374,-0.0016784987,0.017900815,0.029949613,0.095668904,-0.0006310204,0.043554015,-0.16250092,0.031621873,-0.0045808647,-0.059781246,-0.15521759,0.04323794,-0.0036112852,-0.030890867,-0.098988116,-0.045922812,0.024482409,-0.12162642,-0.26935577,-0.0015457701,-0.13616553,-0.03824469,0.059640013,-7.1628313
-0.057303067,-0.32253975,-0.065756604,-0.59548223,-0.100248985,0.070323326,-0.041149884,-0.12013778,-0.119578466,-0.5322972,-0.069017276,-0.042131294,-0.5120276,-0.27083784,-0.073117584,0.41677213,-2.0249228,-0.14999282,0.038271178,0.02847039,-0.027911909,-0.29628232,0.01709543,-0.037980787,0.10205779,-0.025600538,-0.0014002146,-0.1791909,-1.0831025,0.17775638,-0.15516983,-0.17040186,-0.43902564,0.26349595,-0.06288436,0.099378206,-0.01627374,-0.0016784987,0.017900815,0.029949613,0.095668904,-0.0006310204,0.043554015,-0.16250092,0.031621873,-0.0045808647,-0.059781246,-0.15521759,0.04323794,-0.0036112852,-0.030890867,-0.098988116,-0.045922812,0.024482409,-0.12162642,-0.26935577,-0.0015457701,-0.13616553,-0.03824469,0.059640013,-7.1628313
-0.057303067,-0.32253975,-0.065756604,-0.59548223,-0.100248985,0.070323326,-0.041149884,-0.12013778,-0.119578466,-0.5322972,-0.069017276,-0.042131294,-0.5120276,-0.27083784,-0.073117584,0.41677213,-2.0249228,-0.14999282,0.038271178,0.02847039,-0.027911909,-0.29628232,0.01709543,-0.037980787,0.10205779,-0.025600538,-0.0014002146,-0.1791909,-1.0831025,0.17775638,-0.15516983,-0.17040186,-0.43902564,0.26349595,-0.06288436,0.099378206,-0.01627374,-0.0016784987,0.017900815,0.029949613,0.095668904,-0.0006310204,0.043554015,-0.16250092,0.031621873,-0.0045808647,-0.059781246,-0.15521759,0.04323794,-0.0036112852,-0.030890867,-0.098988116,-0.045922812,0.024482409,-0.12162642,-0.26935577,-0.0015457701,-0.13616553,-0.03824469,0.059640013,-7.1628313
0.07681885,-0.07147117,-0.059897028,0.22896183,0.20375815,0.0676722,-0.0383387,-0.10743356,-0.113151446,-0.49271795,-0.06356941,-0.033020377,-0.5300429,-0.23275812,-0.054165535,0.46083373,-2.0956352,-0.12080112,0.03786418,0.033851087,-0.028082967,-0.25954613,0.033068035,-0.037980787,0.11726404,-0.057630364,-0.0014002146,-0.18043041,-1.1126466,0.18008184,-0.17047502,-0.1587586,-0.36822724,0.2516922,-0.09967905,0.11712512,-0.014144002,-0.0016784987,0.08099123,0.03369405,0.10702896,-0.0006310204,0.057253864,-0.15969788,0.03856647,-0.0045808647,-0.056272097,-0.15546164,0.046085864,0.010089924,-0.030890867,-0.09367338,-0.029127676,0.04187779,-0.08860758,-0.22013278,-0.025938999,-0.1307958,-0.03385038,0.05234649,-5.2564178
0.07681885,0.0774258,-0.059897028,0.21152481,0.20375815,0.0676722,-0.028949536,-0.10743356,-0.113151446,-0.49271795,-0.058462713,-0.02710161,-0.5562548,-0.20557664,-0.054165535,0.45971972,-2.1324704,-0.12080112,0.03786418,0.033851087,-0.028082967,-0.25954613,0.033068035,-0.037980787,0.11726404,-0.058491487,-0.0014002146,-0.18043041,-1.1018672,0.18008184,-0.17047502,-0.1587586,-0.36822724,0.2415105,-0.09967905,0.11712512,-0.014680325,-0.0016784987,0.05004912,0.03369405,0.10702896,-0.0006310204,0.057253864,-0.15969788,0.03856647,-0.0045808647,-0.056272097,-0.15546164,0.046085864,0.010089924,-0.018830203,-0.09367338,-0.029127676,0.04187779,-0.08286072,-0.22013278,-0.025938999,-0.1307958,-0.03099585,0.054620832,-5.150328
0.07681885,0.11885617,-0.059897028,0.21152481,0.20375815,0.07445304,-0.028949536,-0.10743356,-0.113151446,-0.49271795,-0.058462713,-0.02710161,-0.5562548,-0.20557664,-0.054165535,0.45971972,-2.1324704,-0.12080112,0.03786418,0.033851087,-0.028082967,-0.25954613,0.033068035,-0.037980787,0.11726404,-0.058491487,-0.0014002146,-0.18043041,-1.1018672,0.18008184,-0.17047502,-0.1587586,-0.36822724,0.2415105,-0.09967905,0.11712512,-0.014680325,-0.0016784987,0.05004912,0.03369405,0.10702896,-0.0006310204,0.057253864,-0.15969788,0.03856647,-0.0045808647,-0.056272097,-0.15546164,0.046085864,0.010089924,-0.018830203,-0.09367338,-0.029127676,0.04883088,-0.08286072,-0.21545522,-0.025938999,-0.1307958,-0.03099585,0.054620832,-5.0904865
0.07681885,0.11885617,-0.059897028,0.21152481,0.20375815,0.07445304,-0.028949536,-0.10743356,-0.113151446,-0.49271795,-0.058462713,-0.02710161,-0.5562548,-0.20557664,-0.054165535,0.45971972,-2.1324704,-0.12080112,0.03786418,0.033851087,-0.028082967,-0.25954613,0.033068035,-0.037980787,0.11726404,-0.058491487,-0.0014002146,-0.18043041,-1.1018672,0.18008184,-0.17047502,-0.1587586,-0.36822724,0.2415105,-0.09967905,0.11712512,-0.014680325,-0.0016784987,0.05004912,0.03369405,0.10702896,-0.0006310204,0.057253864,-0.15969788,0.03856647,-0.0045808647,-0.056272097,-0.15546164,0.046085864,0.010089924,-0.018830203,-0.09367338,-0.029127676,0.04883088,-0.08286072,-0.21545522,-0.025938999,-0.1307958,-0.03099585,0.054620832,-5.0904865
0.07681885,-0.07147117,-0.059897028,0.22896183,0.20375815,0.0676722,-0.0383387,-0.10743356,-0.113151446,-0.49271795,-0.06356941,-0.033020377,-0.5445689,-0.23275812,-0.054165535,0.45971972,-2.0956352,-0.12080112,0.03786418,0.033851087,-0.028082967,-0.25954613,0.033068035,-0.037980787,0.11726404,-0.058491487,-0.0014002146,-0.18043041,-1.1018672,0.18008184,-0.17047502,-0.1587586,-0.36822724,0.2516922,-0.09967905,0.11712512,-0.014680325,-0.0016784987,0.05004912,0.03369405,0.10702896,-0.0006310204,0.057253864,-0.15969788,0.03856647,-0.0045808647,-0.056272097,-0.15546164,0.046085864,0.010089924,-0.030890867,-0.09367338,-0.029127676,0.04187779,-0.08860758,-0.22013278,-0.025938999,-0.1307958,-0.03385038,0.05234649,-5.2936177
0.07681885,-0.03942056,-0.059897028,0.22896183,0.20375815,0.0676722,-0.028949536,-0.10743356,-0.113151446,-0.49271795,-0.06356941,-0.02710161,-0.5445689,-0.23275812,-0.054165535,0.45971972,-2.0956352,-0.12080112,0.03786418,0.033851087,-0.028082967,-0.25954613,0.033068035,-0.037980787,0.11726404,-0.058491487,-0.0014002146,-0.18043041,-1.1018672,0.18008184,-0.17047502,-0.1587586,-0.36822724,0.2516922,-0.09967905,0.11712512,-0.014680325,-0.0016784987,0.05004912,0.03369405,0.10702896,-0.0006310204,0.057253864,-0.15969788,0.03856647,-0.0045808647,-0.056272097,-0.15546164,0.046085864,0.010089924,-0.030890867,-0.09367338,-0.029127676,0.04187779,-0.08860758,-0.22013278,-0.025938999,-0.1307958,-0.03385038,0.05234649,-5.246259
0.07681885,-0.11869203,-0.059897028,0.3458521,0.14514822,0.07265975,-0.0383387,-0.10045667,-0.113151446,-0.49271795,-0.06356941,-0.023519687,-0.5445689,-0.23275812,-0.054165535,0.45703185,-2.0956352,-0.12080112,0.03786418,0.033851087,-0.028082967,-0.25954613,0.033068035,-0.037980787,0.11726404,-0.058491487,-0.0014002146,-0.18043041,-1.1018672,0.18008184,-0.16894141,-0.1587586,-0.3834605,0.2516922,-0.088451326,0.11712512,-0.014680325,-0.0016784987,0.05004912,0.03369405,0.10702896,-0.0006310204,0.057253864,-0.17199865,0.03856647,-0.0045808647,-0.056272097,-0.15546164,0.046085864,0.010089924,-0.030890867,-0.09367338,-0.029127676,0.04187779,-0.08860758,-0.2244038,-0.017228294,-0.1307958,-0.03385038,0.06581356,-5.2606463
0.07681885,-0.11869203,-0.059897028,0.3458521,0.14514822,0.07265975,-0.0383387,-0.10045667,-0.113151446,-0.49271795,-0.06356941,-0.023519687,-0.5445689,-0.23275812,-0.054165535,0.45703185,-2.0956352,-0.12080112,0.03786418,0.033851087,-0.028082967,-0.25954613,0.033068035,-0.037980787,0.11726404,-0.058491487,-0.0014002146,-0.18043041,-1.1018672,0.18008184,-0.16894141,-0.1587586,-0.3834605,0.2516922,-0.088451326,0.11712512,-0.014680325,-0.0016784987,0.05004912,0.03369405,0.10702896,-0.0006310204,0.057253864,-0.17199865,0.03856647,-0.0045808647,-0.056272097,-0.15546164,0.046085864,0.010089924,-0.030890867,-0.09367338,-0.029127676,0.04187779,-0.08860758,-0.2244038,-0.017228294,-0.1307958,-0.03385038,0.06581356,-5.2606463
-0.057303067,-0.3240155,-0.0575729,-0.608431,-0.100248985,0.070323326,-0.044584602,-0.12013778,-0.119578466,-0.5078066,-0.077316076,-0.042131294,-0.47053465,-0.26812816,-0.073117584,0.41788608,-2.0276227,-0.16572005,0.038271178,0.027562305,0.06984222,-0.30076137,0.01709543,0.01352114,0.107984535,-0.024739413,-0.0014002146,-0.1791909,-1.0938818,0.19037753,-0.16116957,-0.17925462,-0.44405243,0.26419067,-0.06288436,0.1105631,-0.015737418,-0.0016784987,0.08300875,0.029949613,0.095668904,-0.0006310204,0.0529119,-0.16250092,0.031621873,-0.009001156,-0.059781246,-0.15521759,0.04323794,-0.0036112852,-0.030890867,-0.098988116,-0.045922812,0.022152701,-0.11662337,-0.2660151,-0.0015457701,-0.13654,-0.03824469,0.059939697,-6.908405
-0.057303067,-0.3240155,-0.0575729,-0.608431,-0.100248985,0.070323326,-0.044584602,-0.12013778,-0.119578466,-0.5078066,-0.077316076,-0.042131294,-0.47053465,-0.26812816,-0.073117584,0.41788608,-2.0276227,-0.16572005,0.038271178,0.027562305,0.06984222,-0.30076137,0.01709543,0.01352114,0.107984535,-0.024739413,-0.0014002146,-0.1791909,-1.0938818,0.19037753,-0.16116957,-0.17925462,-0.44405243,0.26419067,-0.06288436,0.1105631,-0.015737418,-0.0016784987,0.08300875,0.029949613,0.095668904,-0.0006310204,0.0529119,-0.16250092,0.031621873,-0.009001156,-0.059781246,-0.15521759,0.04323794,-0.0036112852,-0.030890867,-0.098988116,-0.045922812,0.022152701,-0.11662337,-0.2660151,-0.0015457701,-0.13654,-0.03824469,0.059939697,-6.908405
-0.055621024,-0.22886194,-0.07389385,-0.4965074,-0.09406484,0.054575533,-0.036335506,-0.103422344,-0.102160886,-0.4187743,-0.08567287,-0.05278197,-0.41774374,-0.228782,-0.058929853,0.43353164,-1.5505426,-0.119476184,0.0431595,0.029648695,0.069419585,-0.1918464,0.017412575,0.050129525,0.10930018,-0.026787635,-0.003205517,-0.10932122,-0.8389768,0.2084279,-0.109822296,-0.12202418,-0.3712508,0.29971015,-0.06303735,0.09348118,-0.015428714,-0.0027279728,0.052343965,0.027600445,0.062470652,-0.0015725032,0.03601154,0.06866281,0.07007282,0.08788225,-0.052952223,0.3053954,-0.058904655,0.12817937,-0.027823526,0.0051376782,0.13947256,-0.04410109,-0.3378419,-0.12911747,0.08538012,-0.1417892,-0.018058307,-0.84303373,-5.155789
-0.055621024,-0.22886194,-0.07389385,-0.4965074,-0.09406484,0.054575533,-0.036335506,-0.103422344,-0.102160886,-0.4187743,-0.08567287,-0.05278197,-0.41774374,-0.228782,-0.058929853,0.43353164,-1.5505426,-0.119476184,0.0431595,0.029648695,0.069419585,-0.1918464,0.017412575,0.050129525,0.10930018,-0.026787635,-0.003205517,-0.10932122,-0.8389768,0.2084279,-0.109822296,-0.12202418,-0.3712508,0.29971015,-0.06303735,0.09348118,-0.015428714,-0.0027279728,0.052343965,0.027600445,0.062470652,-0.0015725032,0.03601154,0.06866281,0.07007282,0.08788225,-0.052952223,0.3053954,-0.058904655,0.12817937,-0.027823526,0.0051376782,0.13947256,-0.04410109,-0.3378419,-0.12911747,0.08538012,-0.1417892,-0.018058307,-0.84303373,-5.155789
-0.055621024,-0.22886194,-0.07389385,-0.4965074,-0.09406484,0.054575533,-0.036335506,-0.103422344,-0.102160886,-0.4187743,-0.08567287,-0.05278197,-0.41774374,-0.228782,-0.058929853,0.43353164,-1.5505426,-0.119476184,0.0431595,0.029648695,0.069419585,-0.1918464,0.017412575,0.050129525,0.10930018,-0.026787635,-0.003205517,-0.10932122,-0.8389768,0.2084279,-0.109822296,-0.12202418,-0.3712508,0.29971015,-0.06303735,0.09348118,-0.015428714,-0.0027279728,0.052343965,0.027600445,0.062470652,-0.0015725032,0.03601154,0.06866281,0.07007282,0.08788225,-0.052952223,0.3053954,-0.058904655,0.12817937,-0.027823526,0.0051376782,0.13947256,-0.04410109,-0.3378419,-0.12911747,0.08538012,-0.1417892,-0.018058307,-0.84303373,-5.155789
-0.057303067,-0.3240155,-0.0575729,-0.608431,-0.100248985,0.070323326,-0.044584602,-0.12013778,-0.119578466,-0.5078066,-0.077316076,-0.042131294,-0.47053465,-0.26812816,-0.073117584,0.41788608,-2.0276227,-0.16572005,0.038271178,0.027562305,0.06984222,-0.30076137,0.01709543,0.01352114,0.107984535,-0.024739413,-0.0014002146,-0.1791909,-1.0938818,0.19037753,-0.16116957,-0.17925462,-0.44405243,0.26419067,-0.06288436,0.1105631,-0.015737418,-0.0016784987,0.08300875,0.029949613,0.095668904,-0.0006310204,0.0529119,-0.16250092,0.031621873,-0.009001156,-0.059781246,-0.15521759,0.04323794,-0.0036112852,-0.030890867,-0.098988116,-0.045922812,0.022152701,-0.11662337,-0.2660151,-0.0015457701,-0.13654,-0.03824469,0.059939697,-6.908405
-0.057303067,-0.3240155,-0.0575729,-0.608431,-0.097447984,0.070323326,-0.044584602,-0.12013778,-0.119578466,-0.5078066,-0.077316076,-0.042131294,-0.47053465,-0.26812816,-0.073117584,0.41788608,-2.0276227,-0.16736755,0.038271178,0.027562305,0.06984222,-0.30057585,0.01709543,0.01352114,0.107984535,-0.024739413,-0.0014002146,-0.1791909,-1.0938818,0.19037753,-0.16116957,-0.17925462,-0.44569993,0.26419067,-0.06288436,0.1105631,-0.015737418,-0.0016784987,0.08300875,0.029949613,0.095668904,-0.0006310204,0.0529119,-0.16250092,0.031621873,-0.009001156,-0.059781246,-0.15521759,0.04323794,-0.0036112852,-0.030890867,-0.098988116,-0.045922812,0.022152701,-0.11662337,-0.2660151,-0.0015457701,-0.13654,-0.03824469,0.06024818,-6.908405
-0.057303067,-0.3240155,-0.0575729,-0.608431,-0.100248985,0.070323326,-0.044584602,-0.12013778,-0.119578466,-0.5078066,-0.077316076,-0.042131294,-0.47053465,-0.26812816,-0.073117584,0.41788608,-2.0276227,-0.16572005,0.038271178,0.027562305,0.06984222,-0.30076137,0.01709543,0.01352114,0.107984535,-0.024739413,-0.0014002146,-0.1791909,-1.0938818,0.19037753,-0.16116957,-0.17925462,-0.44405243,0.26419067,-0.06288436,0.1105631,-0.015737418,-0.0016784987,0.08300875,0.029949613,0.095668904,-0.0006310204,0.0529119,-0.16250092,0.031621873,-0.009001156,-0.059781246,-0.15521759,0.04323794,-0.0036112852,-0.030890867,-0.098988116,-0.045922812,0.022152701,-0.11662337,-0.2660151,-0.0015457701,-0.13654,-0.03824469,0.059939697,-6.908405
0.051423594,0.49931166,-0.06051145,0.1718953,0.20770986,0.023020491,-0.19740938,-0.11103368,-0.03756502,-0.44150403,-0.042817865,0.06303076,-0.38311672,-0.3685769,0.02402742,-0.034793004,-1.4122349,-0.14876121,-0.032790035,-0.04738661,-0.059916124,-0.25480753,-0.12934059,-0.041247077,0.099870235,-0.06933026,0.00070763525,-0.10328518,-0.9677006,0.16789474,-0.1635556,-0.13337749,-0.26463285,0.20088561,-0.13158494,-0.1438944,-0.0052184286,-0.0029484981,-0.087243065,-0.082660645,-0.2356407,-0.03158827,0.0482053,-0.18622644,-0.061956443,0.064607635,-0.066427216,-0.16642047,0.045601778,-0.050845698,-0.004467226,-0.13196148,0.04364612,-0.6994799,0.41368842,-0.091728,-0.027118916,-0.14387435,-0.021658277,0.41204318,-5.3410673
0.051060863,0.3916697,-0.11644076,0.12680215,-0.033069365,0.023020491,-0.20035285,-0.13453822,-0.07847654,-0.44198534,-0.044421617,0.044393927,-0.3743555,-0.36757016,0.03137885,-0.030358657,-1.4025575,-0.16663748,-0.032790035,-0.04738661,-0.060980596,-0.25480753,-0.12934059,-0.041247077,0.099870235,-0.06960623,0.00070763525,-0.10328518,-0.9585948,0.17660417,-0.1635556,-0.12747896,-0.29960942,0.22158888,-0.13158494,-0.1438944,-0.0052184286,-0.0029484981,-0.10805224,-0.082660645,-0.2356407,-0.03158827,0.0482053,-0.19307075,-0.061956443,0.064607635,-0.066427216,-0.16932301,0.045601778,-0.050785437,-0.004467226,-0.13196148,0.04364612,-0.69336396,0.41168585,-0.0964368,-0.027118916,-0.14387435,-0.026369056,0.38108432,-5.924261
0.051060863,0.46981654,-0.11644076,0.12539317,-0.033069365,0.023020491,-0.20035285,-0.1364053,-0.07877532,-0.44198534,-0.054889698,0.044393927,-0.3743555,-0.36757016,0.03137885,-0.030358657,-1.4064901,-0.15283269,-0.032790035,-0.04738661,-0.060980596,-0.25480753,-0.12934059,-0.041247077,0.099870235,-0.06960623,0.00070763525,-0.10328518,-0.9677006,0.17232907,-0.1635556,-0.13337749,-0.2926585,0.21802416,-0.13158494,-0.1438944,-0.0052184286,-0.0029484981,-0.087243065,-0.082660645,-0.2356407,-0.03158827,0.0482053,-0.17393973,-0.061956443,0.064607635,-0.066427216,-0.16932301,0.045601778,-0.050785437,-0.004467226,-0.13196148,0.04364612,-0.69336396,0.41036227,-0.09545238,-0.027118916,-0.14387435,-0.026369056,0.38108432,-5.826577
0.031723417,0.46958184,0.34981582,0.14728346,-0.086671494,0.023020491,-0.2047748,-0.13453822,-0.07877532,-0.43337366,-0.064247385,0.044393927,-0.32332492,-0.34847212,0.03137885,-0.030358657,-1.1544253,-0.15217686,-0.037009716,-0.04800845,-0.060980596,-0.25480753,-0.12934059,-0.041247077,0.09301615,-0.06960623,0.00070763525,-0.10328518,-0.96454465,0.17232907,-0.1631167,-0.14536406,-0.2926585,0.21802416,-0.13291845,-0.1438944,-0.0052184286,-0.0029484981,-0.087243065,-0.082660645,-0.2356407,-0.03158827,0.0482053,-0.17393973,-0.062011447,0.064607635,-0.06863988,-0.16932301,0.045990758,-0.050785437,-0.0046379934,-0.13216244,0.06627085,-0.6974825,0.41341904,-0.09577741,-0.029398436,-0.14438039,-0.026369056,0.37372205,-5.1046376
0.031723417,0.35329556,0.34981582,0.2252304,-0.086671494,0.023020491,-0.2047748,-0.13453822,-0.06357291,-0.43337366,-0.064247385,0.044393927,-0.32332492,-0.34847212,0.03137885,-0.030358657,-1.1504927,-0.15217686,-0.032790035,-0.04800845,-0.06202124,-0.25937057,-0.12934059,-0.041247077,0.09301615,-0.06960623,0.00070763525,-0.090875834,-0.96454465,0.17660417,-0.1631167,-0.14536406,-0.30398166,0.22158888,-0.13291845,-0.1438944,-0.0052184286,-0.0029484981,-0.10805224,-0.082660645,-0.2356407,-0.03158827,0.0482053,-0.19307075,-0.062011447,0.08823102,-0.06863988,-0.16932301,0.045990758,-0.050785437,-0.0046379934,-0.13216244,0.06627085,-0.6974825,0.41341904,-0.09676182,-0.029398436,-0.14438039,-0.026369056,0.38400495,-5.1233187
0.031723417,0.35329556,0.34981582,0.14869243,-0.086671494,0.023020491,-0.2047748,-0.13453822,-0.06357291,-0.43337366,-0.064247385,0.044393927,-0.32332492,-0.34847212,0.03137885,-0.030358657,-1.1504927,-0.15217686,-0.027560659,-0.04800845,-0.06202124,-0.25937057,-0.13406512,-0.041247077,0.09301615,-0.06960623,0.00070763525,-0.090875834,-0.96454465,0.17660417,-0.1631167,-0.14536406,-0.30398166,0.22158888,-0.13291845,-0.1438944,-0.0052184286,-0.0029484981,-0.10805224,-0.082660645,-0.2356407,-0.03158827,0.0482053,-0.19307075,-0.062011447,0.08823102,-0.06863988,-0.16932301,0.045990758,-0.050785437,-0.0046379934,-0.13216244,0.06627085,-0.6974825,0.41341904,-0.09676182,-0.029398436,-0.14438039,-0.026369056,0.3689975,-5.2143593
0.021380307,0.09797039,0.37376216,0.15008017,-0.07856991,0.03334175,-0.19449928,-0.11078808,-0.060568433,-0.47420698,-0.05796827,-0.01481422,-0.32332492,-0.25150245,0.03137885,-0.04728023,-1.1693206,-0.12725303,-0.027560659,-0.04800845,-0.067091204,-0.25937057,-0.13256207,-0.041247077,0.09327935,-0.06960623,0.00070763525,-0.10338032,-0.9728699,0.20494415,-0.15749057,-0.14536406,-0.3050145,0.22240591,-0.13291845,-0.14688556,-0.0052184286,-0.0029484981,-0.104405925,-0.08308746,-0.24283648,-0.03158827,0.0482053,-0.19307075,-0.062011447,0.09928766,-0.06967009,-0.16964152,0.051939853,-0.06505963,-0.015858207,-0.14117794,0.09619794,-0.6844938,0.42834976,-0.107012786,-0.028935326,-0.14438039,-0.026369056,0.3630745,-5.380927
0.021380307,0.06919292,0.37376216,0.15008017,-0.097424425,0.040445082,-0.19449928,-0.11078808,-0.060568433,-0.47420698,-0.05796827,-0.01481422,-0.32332492,-0.24256627,0.03137885,-0.04728023,-1.1900344,-0.11608805,-0.027560659,-0.04800845,-0.067091204,-0.25937057,-0.13256207,-0.041247077,0.09327935,-0.06960623,0.00070763525,-0.10338032,-0.9728699,0.20494415,-0.15749057,-0.14536406,-0.2995562,0.22240591,-0.13291845,-0.14688556,-0.004833225,-0.0029484981,-0.104405925,-0.08308746,-0.21610707,-0.03158827,0.04711917,-0.19307075,-0.062011447,0.09928766,-0.06967009,-0.16964152,0.051939853,-0.077836834,-0.015858207,-0.14117794,0.09619794,-0.6844938,0.42834976,-0.107012786,-0.028935326,-0.14438039,-0.037087455,0.36253566,-5.4146156
-0.08382938,-0.36949608,0.33754042,0.19506145,-0.1455228,-0.04534921,-0.08782949,0.104699194,0.016169112,-0.34015924,0.32274577,-0.2554777,-0.37889916,-0.24739116,-0.07841562,-0.06358947,-1.2893904,-0.07092214,-0.043718673,-0.04295301,-0.072240345,-0.25284272,-0.12843867,-0.03099732,0.09261078,-0.055009063,0.00060508953,-0.06097788,-0.68638265,0.22721367,-0.106251575,-0.100614965,-0.32738763,0.28216642,-0.076239206,-0.1819187,0.0073054656,-0.012559835,-0.09553033,-0.09100065,-0.26881072,-0.022842672,0.03559053,-0.18835683,-0.054614443,-0.16129456,-0.06389703,-0.150739,-0.0074530486,-0.086625874,-0.0062903557,-0.14254785,0.093452975,0.24295744,0.45175657,0.25304225,-0.0025837068,-0.12373779,-0.036196083,-0.746286,-5.2206936
-0.071827374,-0.36339438,0.33754042,0.20268513,-0.13902132,0.012329803,-0.08782949,0.104699194,-0.06273487,-0.33864316,0.32274577,-0.25366357,-0.37889916,-0.24739116,-0.09082644,-0.06358947,-1.2875202,-0.13607006,-0.043718673,-0.04295301,-0.072240345,-0.25222373,-0.12843867,-0.03099732,0.09261078,-0.055009063,0.00060508953,-0.060628083,-0.6948277,0.20611076,-0.106251575,-0.117287785,-0.32676864,0.2830632,-0.076239206,-0.20844433,0.005292017,-0.012559835,-0.09553033,-0.09100065,-0.26819173,-0.022842672,0.035535447,-0.18835683,-0.054614443,-0.16129456,-0.06389703,-0.150739,-0.0074530486,-0.086625874,-0.0062903557,-0.15213835,0.093452975,0.22778729,0.45175657,0.25304225,-0.0025837068,-0.12342556,-0.032941073,-0.7585463,-5.3872128
-0.055071335,-0.3526477,0.33754042,0.20280953,-0.13902132,0.0662584,-0.09580614,0.116609216,-0.1283026,-0.33864316,0.32274577,-0.25366357,-0.3788272,-0.2324433,-0.08344019,-0.06358947,-1.3115672,-0.13621396,-0.043718673,-0.04295301,-0.07363599,-0.26009336,-0.12843867,-0.03099732,0.08443625,-0.0638752,0.00060508953,-0.060628083,-0.6939628,0.20611076,-0.106251575,-0.11581278,-0.3314784,0.2830632,-0.078877695,-0.20844433,0.005292017,-0.012559835,-0.09553033,-0.09100065,-0.26819173,-0.022842672,0.03574338,-0.18835683,-0.054438222,-0.16743483,-0.06389703,-0.150739,-0.0074530486,-0.086625874,-0.006691484,-0.14943822,0.093452975,0.22778729,0.45346674,0.24857107,-0.0025837068,-0.12342556,-0.032941073,-0.7733286,-5.4213915
-0.043323863,-0.35142112,0.33754042,0.20280953,-0.125471,0.083571196,-0.09580614,0.116609216,-0.1334112,-0.33864316,0.32274577,-0.24000451,-0.3788272,0.09804749,-0.092004664,-0.03128549,-1.3118247,-0.13621396,-0.043718673,-0.03529605,-0.07363599,-0.26009336,-0.12843867,-0.03099732,0.08443625,-0.0638752,0.00060508953,-0.060628083,-0.6939628,0.20611076,-0.106251575,-0.11581278,-0.3407815,0.2830632,-0.078877695,-0.21260531,0.005292017,-0.012559835,-0.09553033,-0.09100065,-0.26819173,-0.022842672,0.03574338,-0.18835683,-0.054438222,-0.16743483,-0.06389703,-0.150739,-0.0074530486,-0.07694572,-0.006691484,-0.14943822,0.093452975,0.23250912,0.4532093,0.23526636,-0.0025837068,-0.11480409,-0.032941073,-0.8034312,-5.0414796
-0.041679826,-0.34037343,0.33754042,0.14157283,-0.12517375,0.083571196,-0.09525092,0.12464248,-0.12699029,-0.34367514,0.32274577,-0.25950116,-0.41822284,0.25745612,-0.092004664,-0.019928794,-1.3305718,-0.13621396,-0.058309726,-0.03507423,-0.07363599,-0.26009336,-0.12843867,-0.03099732,0.08443625,-0.0638752,0.00060508953,-0.060628083,-0.6939628,0.20611076,-0.106251575,-0.11581278,-0.3546111,0.2830632,-0.078877695,-0.21580087,0.0020964444,-0.012559835,-0.09553033,-0.09100065,-0.26848316,-0.022842672,0.03574338,-0.18835683,-0.054438222,-0.16743483,-0.06389703,-0.150739,-0.0074530486,-0.07694572,0.0044038948,-0.14943822,0.093452975,0.23250912,0.4532093,0.23571005,-0.0025837068,-0.11480409,-0.030369036,-0.8142181,-5.0181804
-0.041679826,-0.34037343,0.33754042,0.104824975,-0.11769094,0.083571196,-0.09528835,0.12464248,-0.13809015,-0.3434863,0.32274577,-0.25950116,-0.41822284,0.33734283,-0.092004664,-0.014413509,-1.351833,-0.08496663,-0.058309726,-0.03507423,-0.07363599,-0.2596665,-0.12843867,-0.03099732,0.08443625,-0.0638752,0.00060508953,-0.060628083,-0.677759,0.20611076,-0.106251575,-0.11581278,-0.3786853,0.2830632,-0.078877695,-0.21260531,0.005292017,-0.012559835,-0.09553033,-0.09100065,-0.26819173,-0.022842672,0.03574338,-0.18835683,-0.054438222,-0.16743483,-0.06389703,-0.150739,-0.0074530486,-0.06366281,0.0044038948,-0.14923726,0.093452975,0.23250912,0.4532093,0.23571005,-0.0025837068,-0.11480409,-0.021560626,-0.82214016,-4.9293976
-0.063349314,-0.3218472,0.083599776,0.12001134,-0.12205698,0.07392949,-0.1870931,0.1338222,-0.13318202,-0.40214333,0.32424664,-0.2667334,-0.36275417,0.35162985,-0.092004664,-0.014413509,-1.2632905,-0.05469199,-0.062613286,-0.034674216,-0.07363599,-0.25749478,-0.1407327,-0.03099732,0.08443625,-0.0638752,0.00060508953,-0.060628083,-0.6898831,0.20611076,-0.106251575,-0.10381077,-0.377311,0.28790534,-0.078877695,-0.20779829,0.0058776885,-0.012559835,-0.09553033,-0.09100065,-0.2750326,-0.023701899,0.03574338,-0.18835683,-0.054438222,-0.14047673,-0.065524526,-0.150739,-0.008448869,-0.063098416,0.004574666,-0.14923726,0.09382784,0.22432794,0.43705657,0.23826793,-0.0068251733,-0.11480409,-0.021560626,-0.815201,-5.1427073
-0.04108819,-0.33679923,0.042962443,0.15037315,-0.12079442,0.07392949,-0.19548783,0.1338222,-0.08273612,-0.40285823,0.3057397,-0.23373796,-0.37139267,0.35162985,-0.092004664,-0.014413509,-1.2935388,-0.05469199,-0.062613286,-0.034674216,-0.06877179,-0.25749478,-0.1407327,-0.03099732,0.08443625,-0.06359923,0.00060508953,-0.060628083,-0.6898831,0.20611076,-0.11071286,-0.11581278,-0.37680984,0.28790534,-0.078877695,-0.20779829,0.0058776885,-0.012559835,-0.09553033,-0.09100065,-0.2750326,-0.023701899,0.03574338,-0.18835683,-0.054438222,-0.14047673,-0.065524526,-0.150739,-0.008448869,-0.063098416,0.004574666,-0.14923726,0.09382784,0.22432794,0.43705657,0.2386648,-0.0068251733,-0.11429805,-0.021560626,-0.8216285,-5.1438193
-0.008320654,-0.22896157,-0.048766978,-0.4465902,-0.051623058,0.036039624,-0.0108463755,-0.11847305,-0.16216953,-0.39509952,-0.036613632,-0.2895618,-0.32959726,0.22753158,-0.15470694,-0.5323658,-1.2728635,0.047523126,-0.015685007,-0.037217554,-0.09486419,0.060971502,-0.07492554,0.14287418,0.100999214,-0.057315126,0.0013852336,-0.10823747,-0.8387192,0.17420511,-0.036997244,-0.1826868,0.2759069,-0.29565516,-0.040576722,0.06576437,-0.0051283557,-0.03409163,-0.19378889,0.053426072,0.014008664,-0.01895334,-0.06988092,-0.16475086,-0.024916485,-0.028757498,0.12457357,0.17223975,-0.03758257,0.07903178,0.021328617,-0.009633341,-0.029826136,0.017279373,0.5082815,-0.28109992,0.06610699,-0.06288499,-0.027919754,-1.0262274,-5.695405
-0.008320654,-0.22896157,-0.048766978,-0.4465902,-0.051623058,0.036039624,-0.0108463755,-0.11847305,-0.16216953,-0.39509952,-0.036613632,-0.2895618,-0.32959726,0.22753158,-0.15470694,-0.5323658,-1.2728635,0.047523126,-0.015685007,-0.037217554,-0.09486419,0.060971502,-0.07492554,0.14287418,0.100999214,-0.057315126,0.0013852336,-0.10823747,-0.8387192,0.17420511,-0.036997244,-0.1826868,0.2759069,-0.29565516,-0.040576722,0.06576437,-0.0051283557,-0.03409163,-0.19378889,0.053426072,0.014008664,-0.01895334,-0.06988092,-0.16475086,-0.024916485,-0.028757498,0.12457357,0.17223975,-0.03758257,0.07903178,0.021328617,-0.009633341,-0.029826136,0.017279373,0.5082815,-0.28109992,0.06610699,-0.06288499,-0.027919754,-1.0262274,-5.695405
-0.008320654,-0.22896157,-0.048766978,-0.4465902,-0.051623058,0.036039624,-0.0108463755,-0.11847305,-0.16216953,-0.39509952,-0.036613632,-0.2895618,-0.32959726,0.22753158,-0.15470694,-0.5323658,-1.2728635,0.047523126,-0.015685007,-0.037217554,-0.09486419,0.060971502,-0.07492554,0.14287418,0.100999214,-0.057315126,0.0013852336,-0.10823747,-0.8387192,0.17420511,-0.036997244,-0.1826868,0.2759069,-0.29565516,-0.040576722,0.06576437,-0.0051283557,-0.03409163,-0.19378889,0.053426072,0.014008664,-0.01895334,-0.06988092,-0.16475086,-0.024916485,-0.028757498,0.12457357,0.17223975,-0.03758257,0.07903178,0.021328617,-0.009633341,-0.029826136,0.017279373,0.5082815,-0.28109992,0.06610699,-0.06288499,-0.027919754,-1.0262274,-5.695405
-0.008320654,-0.22896157,-0.048766978,-0.4465902,-0.051623058,0.036039624,-0.0108463755,-0.11847305,-0.16216953,-0.39509952,-0.036613632,-0.2895618,-0.32959726,0.22753158,-0.15470694,-0.5323658,-1.2728635,0.047523126,-0.015685007,-0.037217554,-0.09486419,0.060971502,-0.07492554,0.14287418,0.100999214,-0.057315126,0.0013852336,-0.10823747,-0.8387192,0.17420511,-0.036997244,-0.1826868,0.2759069,-0.29565516,-0.040576722,0.06576437,-0.0051283557,-0.03409163,-0.19378889,0.053426072,0.014008664,-0.01895334,-0.06988092,-0.16475086,-0.024916485,-0.028757498,0.12457357,0.17223975,-0.03758257,0.07903178,0.021328617,-0.009633341,-0.029826136,0.017279373,0.5082815,-0.28109992,0.06610699,-0.06288499,-0.027919754,-1.0262274,-5.695405
-0.037088152,-0.24726863,-0.04326947,-0.5252292,-0.06437907,0.049409024,-0.0334875,-0.123742834,-0.115482375,-0.46918026,-0.09665975,-0.25884983,-0.34783673,-0.3076767,-0.11664118,-0.017407827,-1.6654462,-0.2204788,-0.014986742,-0.06848823,-0.11187781,0.13314071,-0.09120433,0.20276514,0.101333715,-0.036868088,0.00060508953,-0.15277407,-1.1039,0.2142062,-0.006862499,-0.19408348,0.2705297,-0.29145288,-0.03567374,0.07512139,0.026075033,-0.051597364,-0.21662593,0.0796276,0.044036157,-0.014022513,-0.05837769,-0.13640682,0.057129353,0.005230624,-0.056422506,-0.09786013,0.047025487,0.008671891,-0.009266226,-0.11621296,-0.029559737,0.027777376,-0.14076255,-0.29420927,0.0062133446,-0.11371547,-0.04021098,0.13364184,-6.6910076
-0.008320654,-0.22896157,-0.048766978,-0.4465902,-0.051623058,0.036039624,-0.0108463755,-0.11847305,-0.16216953,-0.39509952,-0.036613632,-0.2895618,-0.32959726,0.22753158,-0.15470694,-0.5323658,-1.2728635,0.047523126,-0.015685007,-0.037217554,-0.09486419,0.060971502,-0.07492554,0.14287418,0.100999214,-0.057315126,0.0013852336,-0.10823747,-0.8387192,0.17420511,-0.036997244,-0.1826868,0.2759069,-0.29565516,-0.040576722,0.06576437,-0.0051283557,-0.03409163,-0.19378889,0.053426072,0.014008664,-0.01895334,-0.06988092,-0.16475086,-0.024916485,-0.028757498,0.12457357,0.17223975,-0.03758257,0.07903178,0.021328617,-0.009633341,-0.029826136,0.017279373,0.5082815,-0.28109992,0.06610699,-0.06288499,-0.027919754,-1.0262274,-5.695405
-0.022294717,-0.20110428,-0.035417654,-0.4731869,-0.23851429,0.0816083,-0.039335318,-0.10792354,-0.1212243,-0.39885172,-0.07257807,-0.34859288,0.06700094,-0.23789491,-0.10663839,-0.2460461,0.36008486,-0.18660957,-0.08088684,-0.14653583,-0.086514935,0.03454864,-0.097263366,0.09788586,0.06948915,-0.1275823,0.0013852336,-0.056836545,-1.0410881,0.21429496,-0.0013572546,-0.18475105,0.21836947,-0.393397,-0.059418526,0.07491766,0.050019264,-0.05894404,-0.4271566,0.053390965,0.043509245,-0.027057942,-0.090173274,-0.1644115,-0.06595211,0.06798078,-0.050924513,0.13383497,-0.06168849,0.13950846,-0.012745023,-0.1146581,0.04421983,-0.009593168,-0.21837567,-0.28223675,0.088973925,0.054234542,-0.027799511,-1.3484157,-6.17672
-0.014634924,-0.25041628,-0.046210244,-0.5065598,-0.047692817,0.04928109,-0.010766208,-0.11387223,-0.13004108,-0.45760527,-0.07962321,-0.29336715,-0.39171568,0.22441407,-0.16078381,-0.6009411,-1.7179294,0.120250374,0.002463216,-0.060057193,-0.12165766,0.13930881,-0.08666587,0.20276514,0.10311301,-0.053946752,0.00060508953,-0.12068751,-0.9875483,0.2025368,-0.027157873,-0.18744624,0.32575154,-0.27273506,-0.031611886,0.08087314,0.02420961,-0.051597364,-0.20932904,0.053426072,0.046871185,-0.014022513,-0.05837769,-0.13241695,0.05754742,0.0077622286,-0.05878487,-0.10142489,0.044074282,-0.009267302,-0.0126830265,-0.1221993,-0.02896222,0.027054893,-0.1778043,-0.30219087,0.0003628917,-0.08008036,-0.0303589,0.15689452,-6.2916074
-0.041278902,-0.25023624,-0.050722636,-0.47684234,-0.07798774,0.035931196,-0.027750447,-0.11905119,-0.12901895,-0.3881237,-0.0999182,-0.26147062,-0.28073683,-0.43996936,-0.11086585,-0.012291245,-1.2647394,-0.15192601,-0.03742052,-0.0530684,-0.050779995,-0.0045943987,-0.091092974,0.13243042,0.08871377,-0.041386772,0.0013852336,-0.10668728,-0.8858812,0.21148787,-0.02228719,-0.1854477,0.2086617,-0.32735783,-0.05298054,0.074727744,0.01591256,-0.03395886,-0.20071843,0.0796276,0.015751127,-0.014022513,-0.061845988,-0.16165225,-0.021108627,0.071133465,-0.05875015,0.16311002,-0.011808411,0.09507291,0.025167288,-0.1087257,0.026515381,0.014003975,-0.13810621,-0.28504685,0.08663425,0.0696535,-0.041137584,-0.97904,-6.741916
-0.006711045,-0.20714049,-0.06395058,-0.441303,-0.059725948,0.041071177,-0.0077478206,-0.0960297,-0.14149651,-0.36667174,-0.0504192,-0.28822201,-0.2506425,0.21919517,-0.13406214,-0.5410039,-1.1510118,0.03183313,-0.023867976,-0.023774412,-0.09487273,0.05633546,-0.07130422,0.13888611,0.08528576,-0.056074966,0.0013852336,-0.06577953,-0.7532292,0.17623882,-0.047375247,-0.1824132,0.2583327,-0.2875771,-0.041621838,0.06576437,-0.0055201836,-0.030511301,-0.13744989,0.049541354,0.010000952,-0.019381903,-0.05296817,-0.1591283,-0.02677604,-0.16265103,0.2334294,0.17428972,0.016575903,0.05941818,0.031664055,-0.005509409,0.07221872,-0.69332373,0.24988759,-0.25172284,0.06524989,-0.061451208,0.14721334,-0.97364134,-5.8502474
-0.037519034,-0.22316413,-0.008175217,-0.5314388,-0.113161676,0.09343205,-0.026797023,-0.1271847,-0.12194666,-0.3926947,-0.07645531,-0.3523868,0.19127166,-0.23456469,-0.109175816,0.48495626,0.60461414,-0.20151852,-0.06252349,-0.13089593,-0.089509025,0.014086945,-0.08806501,0.09788586,0.072870925,-0.1114624,0.0013852336,-0.100211695,-1.0686216,0.21429496,0.008125675,-0.18475105,0.24208029,-0.393397,-0.064592525,0.07491766,0.05067642,-0.05894404,-0.428637,0.026922949,0.043509245,-0.027057942,-0.07337317,-0.16014348,-0.069836825,0.070105106,-0.04387139,0.13383497,-0.060799573,0.13950846,-0.012745023,-0.113784455,0.04421983,0.0094177965,-0.18305911,-0.2753875,0.088973925,0.054234542,-0.026851127,-1.3589418,-4.982321
-0.041278902,-0.25023624,-0.050722636,-0.47684234,-0.07798774,0.035931196,-0.028733779,-0.11905119,-0.12901895,-0.3881237,-0.10127972,-0.26147062,-0.28073683,-0.46373463,-0.11086585,-0.012291245,-1.2647394,-0.15192601,-0.03742052,-0.0530684,-0.050779995,-0.0045943987,-0.091092974,0.13243042,0.08871377,-0.041386772,0.0013852336,-0.10668728,-0.8858812,0.21148787,-0.02228719,-0.15728699,0.2086617,-0.32735783,-0.05298054,0.074727744,0.01591256,-0.03395886,-0.20071843,0.0796276,0.015751127,-0.014022513,-0.061845988,-0.16165225,-0.021108627,0.071133465,-0.05875015,0.16311002,-0.011808411,0.09507291,0.025167288,-0.1087257,0.026515381,0.014003975,-0.14015679,-0.28504685,0.08663425,0.0696535,-0.041137584,-0.97904,-6.7419167
-0.006711045,-0.20714049,-0.06395058,-0.441303,-0.059725948,0.041071177,-0.0077478206,-0.0960297,-0.14149651,-0.36667174,-0.0504192,-0.28822201,-0.2506425,0.21919517,-0.13406214,-0.5410039,-1.1510118,0.03183313,-0.023867976,-0.023774412,-0.09487273,0.05633546,-0.07130422,0.13888611,0.08528576,-0.056074966,0.0013852336,-0.06577953,-0.7532292,0.17623882,-0.047375247,-0.1824132,0.2583327,-0.2875771,-0.041621838,0.06576437,-0.0055201836,-0.030511301,-0.13744989,0.049541354,0.010000952,-0.019381903,-0.05296817,-0.1591283,-0.02677604,-0.16265103,0.2334294,0.17428972,0.016575903,0.05941818,0.031664055,-0.005509409,0.07221872,-0.69332373,0.24988759,-0.25172284,0.06524989,-0.061451208,0.14721334,-0.97364134,-5.8502474
-0.037519034,-0.22316413,-0.008175217,-0.5314388,-0.113161676,0.07968263,-0.033830304,-0.1271847,-0.12194666,-0.3926947,-0.07645531,-0.3523868,0.21416748,-0.2441794,-0.109175816,0.27905566,0.66806525,-0.20151852,-0.06252349,-0.13089593,-0.089509025,0.014086945,-0.08806501,0.09788586,0.07825599,-0.11110026,0.0013852336,-0.10307366,-1.0677711,0.21429496,0.011389672,-0.18609256,0.24737363,-0.4121324,-0.064592525,0.07491766,0.05067642,-0.05894404,-0.428637,0.026922949,0.043509245,-0.027057942,-0.07337317,-0.16014348,-0.069836825,0.070105106,-0.04387139,0.13383497,-0.060799573,0.13950846,-0.012745023,-0.113784455,0.04421983,0.0094177965,-0.16501947,-0.2753875,0.101708576,0.054234542,-0.026851127,-1.3267264,-5.0770655
-0.041098822,-0.25023624,-0.050722636,-0.47684234,-0.07773835,0.035931196,-0.028733779,-0.11905119,-0.12901895,-0.3881237,-0.10013197,-0.26147062,-0.21492518,-0.46373463,-0.11086585,-0.012291245,-1.2647394,-0.15192601,-0.03742052,-0.0530684,-0.050779995,-0.0045943987,-0.09078096,0.12754014,0.08871377,-0.041386772,0.0013852336,-0.10668728,-0.90069026,0.21148787,-0.020082828,-0.15728699,0.21470296,-0.32735783,-0.054498937,0.074727744,0.01591256,-0.03395886,-0.29282928,0.0796276,0.02163754,-0.014022513,-0.061845988,-0.16165225,-0.021108627,0.071133465,-0.05875015,0.16311002,-0.011808411,0.09507291,0.020559704,-0.1087257,0.026515381,0.015796063,-0.13957754,-0.2853736,0.08663425,0.0498294,-0.040929493,-0.99980766,-6.816358
-0.037519034,-0.2253003,-0.008175217,-0.52988374,-0.08290868,0.07968263,-0.029239759,-0.12760204,-0.118218616,-0.3926947,-0.07645531,-0.3492824,0.19567393,-0.27284274,-0.109175816,0.09126682,0.7050928,-0.20151852,-0.06252349,-0.13588318,-0.089509025,0.0012103189,-0.08806501,0.08302462,0.07825599,-0.11110026,0.0013852336,-0.10307366,-1.0694455,0.22596435,0.011699102,-0.18609256,0.24737363,-0.42967358,-0.06436953,0.07491766,0.05067642,-0.05894404,-0.428637,0.07660094,0.043663003,-0.027057942,-0.07337317,-0.16014348,-0.069836825,0.07326037,-0.04387139,0.14922698,-0.060799573,0.13950846,-0.012745023,-0.113784455,0.04421983,0.01707535,-0.16669391,-0.2740287,0.101708576,0.05432958,-0.026851127,-1.3920097,-5.263512
-0.017041834,-0.22169976,-0.06924834,-0.27188984,-0.13705367,0.04287993,-0.020865625,-0.13227849,-0.11867793,-0.42360756,-0.027678441,-0.22095133,-0.31449002,0.17708756,-0.10999522,-0.54924625,-1.3075018,0.054369852,0.006132505,0.05369985,-0.032851998,-0.25687823,-0.023120921,-0.03803492,0.066854656,-0.032357052,-0.0014002146,0.08680245,-0.77442676,-0.012598095,0.002308255,-0.15900518,-0.43141413,0.23686802,-0.063048914,0.097415105,-0.022328323,-0.0009710938,0.016040644,0.053426072,0.051759183,-0.022849735,0.034844957,-0.13312322,-0.054487247,0.09969653,-0.063899666,-0.1384341,-0.017595697,0.049077466,-0.0073055,-0.108135745,-0.037847634,-0.7579498,0.45835343,-0.20371777,0.057652645,-0.10544611,-0.0287144,-0.9221887,-6.7470884
-0.017041834,-0.22169976,-0.06924834,-0.27188984,-0.13705367,0.04287993,-0.020865625,-0.13227849,-0.11867793,-0.42360756,-0.027678441,-0.22095133,-0.31449002,0.17708756,-0.10999522,-0.54924625,-1.3075018,0.054369852,0.006132505,0.05369985,-0.032851998,-0.25687823,-0.023120921,-0.03803492,0.066854656,-0.032357052,-0.0014002146,0.08680245,-0.77442676,-0.012598095,0.002308255,-0.15900518,-0.43141413,0.23686802,-0.063048914,0.097415105,-0.022328323,-0.0009710938,0.016040644,0.053426072,0.051759183,-0.022849735,0.034844957,-0.13312322,-0.054487247,0.09969653,-0.063899666,-0.1384341,-0.017595697,0.049077466,-0.0073055,-0.108135745,-0.037847634,-0.7579498,0.45835343,-0.20371777,0.057652645,-0.10544611,-0.0287144,-0.9221887,-6.7470884
-0.018720163,-0.29921153,-0.051197566,-0.46394238,-0.0927126,0.061655164,-0.025467705,-0.117332205,-0.12478477,-0.42569566,-0.06459257,-0.24358933,-0.46343762,0.20140189,-0.14025335,-0.6222156,-2.024442,0.07389702,0.04039834,0.044567898,-0.069981895,-0.31631026,-0.11275308,-0.037980787,0.12175564,0.13122815,-0.0014002146,-0.1395453,-0.94291264,0.1903461,-0.019870872,-0.17261736,-0.4871334,0.28773797,-0.058620412,0.095675215,-0.014959094,-0.0016237404,0.064979486,0.053758845,0.099288076,0.002022542,0.0624212,-0.15866809,0.030180974,-0.015520232,-0.059781246,-0.13718718,0.025145937,-0.0050570737,-0.033419453,-0.10533552,-0.028401926,0.030390961,-0.16050701,-0.30029383,-0.006878469,-0.10629178,-0.029628228,0.091180034,-6.9922433
-0.018720163,-0.29921153,-0.051197566,-0.46394238,-0.0927126,0.061655164,-0.025467705,-0.117332205,-0.12478477,-0.42569566,-0.06459257,-0.24358933,-0.46343762,0.20140189,-0.14025335,-0.6222156,-2.024442,0.07389702,0.04039834,0.044567898,-0.069981895,-0.31631026,-0.11275308,-0.037980787,0.12175564,0.13122815,-0.0014002146,-0.1395453,-0.94291264,0.1903461,-0.019870872,-0.17261736,-0.4871334,0.28773797,-0.058620412,0.095675215,-0.014959094,-0.0016237404,0.064979486,0.053758845,0.099288076,0.002022542,0.0624212,-0.15866809,0.030180974,-0.015520232,-0.059781246,-0.13718718,0.025145937,-0.0050570737,-0.033419453,-0.10533552,-0.028401926,0.030390961,-0.16050701,-0.30029383,-0.006878469,-0.10629178,-0.029628228,0.091180034,-6.9922433
-0.057303067,-0.32354486,-0.0575729,-0.5522327,-0.10899352,0.07028046,-0.045804225,-0.12013778,-0.112604454,-0.46225566,-0.08912848,-0.039427184,-0.47739467,-0.27278227,-0.073117584,0.41526014,-2.068734,-0.14470334,0.049734272,0.064332545,-0.052313767,-0.3225054,-0.11238369,-0.037980787,0.12175564,0.14976762,-0.0014002146,-0.1791909,-1.0999256,0.1903461,-0.004773462,-0.17925462,-0.45190567,0.2704012,-0.06288436,0.11016427,-0.012379741,-0.0016237404,0.062759615,0.030282386,0.09645305,-0.0006310204,0.0624212,-0.17903866,0.030180974,-0.015174793,-0.059781246,-0.15521759,0.028097143,-0.0033354908,-0.030650508,-0.10373995,-0.03927195,0.02683376,-0.11556324,-0.2908246,-0.0015457701,-0.13663974,-0.038732514,0.0787138,-6.8366218
-0.057303067,-0.32354486,-0.0575729,-0.5522327,-0.10899352,0.07028046,-0.045804225,-0.12013778,-0.112604454,-0.46225566,-0.08912848,-0.039427184,-0.47739467,-0.27278227,-0.073117584,0.41526014,-2.068734,-0.14470334,0.049734272,0.064332545,-0.052313767,-0.3225054,-0.11238369,-0.037980787,0.12175564,0.14976762,-0.0014002146,-0.1791909,-1.0999256,0.1903461,-0.004773462,-0.17925462,-0.45190567,0.2704012,-0.06288436,0.11016427,-0.012379741,-0.0016237404,0.062759615,0.030282386,0.09645305,-0.0006310204,0.0624212,-0.17903866,0.030180974,-0.015174793,-0.059781246,-0.15521759,0.028097143,-0.0033354908,-0.030650508,-0.10373995,-0.03927195,0.02683376,-0.11556324,-0.2908246,-0.0015457701,-0.13663974,-0.038732514,0.0787138,-6.8366218
-0.057303067,-0.32354486,-0.0575729,-0.5522327,-0.10899352,0.07028046,-0.045804225,-0.12013778,-0.112604454,-0.46225566,-0.08912848,-0.039427184,-0.47739467,-0.27278227,-0.073117584,0.41526014,-2.068734,-0.14470334,0.049734272,0.064332545,-0.052313767,-0.3225054,-0.11238369,-0.037980787,0.12175564,0.14976762,-0.0014002146,-0.1791909,-1.0999256,0.1903461,-0.004773462,-0.17925462,-0.45190567,0.2704012,-0.06288436,0.11016427,-0.012379741,-0.0016237404,0.062759615,0.030282386,0.09645305,-0.0006310204,0.0624212,-0.17903866,0.030180974,-0.015174793,-0.059781246,-0.15521759,0.028097143,-0.0033354908,-0.030650508,-0.10373995,-0.03927195,0.02683376,-0.11556324,-0.2908246,-0.0015457701,-0.13663974,-0.038732514,0.0787138,-6.8366218
-0.057303067,-0.32354486,-0.0575729,-0.5522327,-0.10899352,0.07028046,-0.045804225,-0.12013778,-0.112604454,-0.46225566,-0.08912848,-0.039427184,-0.47739467,-0.27278227,-0.073117584,0.41526014,-2.068734,-0.14470334,0.049734272,0.064332545,-0.052313767,-0.3225054,-0.11238369,-0.037980787,0.12175564,0.14976762,-0.0014002146,-0.1791909,-1.0999256,0.1903461,-0.004773462,-0.17925462,-0.45190567,0.2704012,-0.06288436,0.11016427,-0.012379741,-0.0016237404,0.062759615,0.030282386,0.09645305,-0.0006310204,0.0624212,-0.17903866,0.030180974,-0.015174793,-0.059781246,-0.15521759,0.028097143,-0.0033354908,-0.030650508,-0.10373995,-0.03927195,0.02683376,-0.11556324,-0.2908246,-0.0015457701,-0.13663974,-0.038732514,0.0787138,-6.8366218
0.033505343,-0.17864108,-0.052496836,0.22945377,0.077070266,0.09120704,-0.017977746,0.018345475,-0.110963255,0.45751154,0.010464137,-0.2272755,-0.39946663,0.11650825,-0.10237219,-0.6921248,-1.3979166,0.015540913,-0.004813073,0.05207776,0.033539485,-0.24158213,-0.0071816295,-0.04286636,0.05516365,-0.065248,-0.0014002146,0.09014182,-0.71543074,-0.015633559,-0.007865468,-0.14708103,-0.32473993,0.23636441,-0.06348562,0.08390729,-0.08768988,-0.0007715821,0.0076383,0.04442008,0.03987681,-0.022080742,0.05133462,-0.12543458,0.05233232,0.08328888,-0.062354427,-0.118675895,0.020200703,0.036218025,0.005596067,-0.082438864,-0.027401013,-0.81224376,0.3591563,-0.23858751,0.04418025,-0.10121135,-0.027857032,-1.0282024,-5.2064676
0.033505343,-0.0616071,-0.051151864,0.1386501,0.13436536,0.12828478,-0.017977746,0.016572192,-0.105093196,0.59018356,0.010464137,-0.22372681,-0.3408574,0.11650825,-0.10188737,-0.68709356,-1.4184624,0.015540913,0.009370983,0.053058267,0.033539485,-0.22549951,-0.0071816295,-0.04286636,0.05516365,-0.06572662,-0.0014002146,0.09014182,-0.7180278,-0.015633559,-0.017371852,-0.14708103,-0.3095067,0.23636441,-0.06775747,0.08250238,-0.08768988,-0.0007715821,0.0076383,0.04442008,0.050493643,-0.0030807732,0.05133462,-0.113133796,0.05233232,0.08328888,-0.060492903,-0.118675895,0.020200703,0.036688797,0.0065970207,-0.08259617,-0.027401013,-0.81224376,0.36107427,-0.22030763,0.035469547,-0.10121135,-0.027857032,-1.0062532,-4.7938714
0.033505343,-0.17864108,-0.052496836,0.2279906,0.077070266,0.09120704,-0.017977746,0.018345475,-0.110963255,0.4971091,0.010464137,-0.2272755,-0.37611657,0.11650825,-0.10237219,-0.68379027,-1.3979166,0.015540913,-0.004813073,0.053058267,0.033539485,-0.24158213,-0.0071816295,-0.04286636,0.05516365,-0.06572662,-0.0014002146,0.09014182,-0.71543074,-0.015633559,-0.014771131,-0.14708103,-0.32473993,0.23636441,-0.06348562,0.08250238,-0.08768988,-0.0007715821,0.0076383,0.04442008,0.03987681,-0.022080742,0.05133462,-0.12543458,0.05233232,0.08328888,-0.062354427,-0.118675895,0.020200703,0.036218025,0.005596067,-0.082438864,-0.027401013,-0.81224376,0.3591563,-0.23462662,0.04418025,-0.10121135,-0.027857032,-1.0282024,-5.1404963
0.033505343,-0.17864108,-0.052496836,0.2279906,0.077070266,0.09120704,-0.017977746,0.018345475,-0.110963255,0.4971091,0.010464137,-0.2272755,-0.37611657,0.11650825,-0.10237219,-0.68379027,-1.3979166,0.015540913,-0.004813073,0.053058267,0.033539485,-0.24158213,-0.0071816295,-0.04286636,0.05516365,-0.06572662,-0.0014002146,0.09014182,-0.71543074,-0.015633559,-0.014771131,-0.14708103,-0.32473993,0.23636441,-0.06348562,0.08250238,-0.08768988,-0.0007715821,0.0076383,0.04442008,0.03987681,-0.022080742,0.05133462,-0.12543458,0.05233232,0.08328888,-0.062354427,-0.118675895,0.020200703,0.036218025,0.005596067,-0.082438864,-0.027401013,-0.81224376,0.3591563,-0.23462662,0.04418025,-0.10121135,-0.027857032,-1.0282024,-5.1404963
0.033505343,-0.060996182,-0.052496836,0.2279906,0.077070266,0.09120704,-0.017977746,0.018345475,-0.105093196,0.4971091,0.010464137,-0.2272755,-0.37611657,0.11650825,-0.10188737,-0.68379027,-1.385579,0.015540913,0.009370983,0.053058267,0.033539485,-0.22549951,-0.0071816295,-0.04286636,0.05516365,-0.06572662,-0.0014002146,0.09014182,-0.7180278,-0.015633559,-0.014771131,-0.14708103,-0.32473993,0.23636441,-0.06348562,0.08250238,-0.08768988,-0.0007715821,0.0076383,0.04442008,0.050493643,-0.0030807732,0.05133462,-0.12543458,0.05233232,0.08328888,-0.062354427,-0.118675895,0.020200703,0.036688797,0.005596067,-0.082438864,-0.027401013,-0.81224376,0.35655928,-0.22457866,0.035469547,-0.10121135,-0.027857032,-1.0282024,-4.947662
0.033505343,-0.10745764,-0.052496836,0.2279906,0.077070266,0.09120704,-0.017977746,0.018345475,-0.105093196,0.4971091,0.010464137,-0.2272755,-0.37611657,0.11650825,-0.10237219,-0.68379027,-1.3979166,0.015540913,0.009370983,0.053058267,0.033539485,-0.22549951,-0.0071816295,-0.04286636,0.05516365,-0.06572662,-0.0014002146,0.09014182,-0.71543074,-0.015633559,-0.014771131,-0.14708103,-0.32473993,0.23636441,-0.06348562,0.08250238,-0.08768988,-0.0007715821,0.0076383,0.04442008,0.050493643,-0.022080742,0.05133462,-0.12543458,0.05233232,0.08328888,-0.062354427,-0.118675895,0.020200703,0.036218025,0.005596067,-0.082438864,-0.027401013,-0.81224376,0.3591563,-0.22457866,0.04418025,-0.10121135,-0.027857032,-1.0282024,-5.0125117
-0.030692557,-0.29034156,-0.04674404,0.21214345,-0.025736094,0.04698588,-0.3039292,-0.091999635,-0.08774186,-0.4996931,0.23023246,-0.0651243,-0.4462015,-0.51273686,0.085164346,-0.028448083,-1.7376435,-0.29253164,-0.008971851,0.0217279,-0.06397806,-0.11628656,-0.14970092,-0.018262018,0.08199823,-0.016541988,0.00070763525,-0.16407147,-1.0293881,0.02188595,-0.1999043,-0.168002,0.3289106,0.24314205,-0.11244646,0.09286402,-0.0061148154,0.0032056866,0.014156362,0.055922892,0.0932959,-0.008455215,-0.107507244,-0.13056901,0.054680593,-0.0051572267,-0.062482428,-0.14976308,0.04694274,0.004988799,-0.015211204,-0.1047032,-0.027084514,0.02547255,-0.1785688,-0.27021703,-0.003990637,-0.12392164,-0.037347898,0.10348133,-5.9703026
-0.030597584,-0.2585678,-0.03336922,0.19524656,-0.020471856,0.10189349,-0.23422176,0.1567645,-0.108773984,-0.4961521,0.24022178,-0.065602966,-0.44587976,-0.47036463,0.07653392,-0.009207362,-1.7385317,-0.23586711,-0.0076245926,0.025182953,-0.042158894,-0.10211913,-0.14489132,-0.029439894,0.07858077,-0.020572029,0.00070763525,-0.11316517,-0.8339485,0.020735156,-0.11421202,-0.14860678,0.28034228,0.24538012,-0.04099651,0.09025346,-0.07759224,0.003260367,0.01101405,0.06728053,0.09712037,-0.002929213,-0.117192805,-0.15237446,0.018375356,-0.033807166,-0.058240086,-0.15328415,-0.10450005,0.0040488094,0.0049362723,-0.09913103,-0.027084514,0.21535859,-0.5191741,-0.2506571,0.078466594,-0.113639064,-0.040552195,-0.6023523,-6.086149
-0.030597584,-0.2662987,-0.03336922,0.18605813,-0.033830676,0.02918531,-0.27322507,-0.1275002,-0.11265696,-0.4961521,0.24067552,-0.04213876,-0.4581435,-0.4946221,0.0838838,-0.009207362,-1.6434536,-0.2546272,-0.009464879,0.025182953,-0.042158894,-0.10236587,-0.14489132,-0.029439894,0.07858077,-0.020572029,0.00070763525,-0.11316517,-0.8009683,0.020735156,-0.11421202,-0.13846356,0.28034228,0.24438955,-0.069459915,0.08295928,-0.02913893,0.003260367,0.01101405,0.045584,0.07941722,-0.008455215,-0.117192805,-0.1484995,0.018375356,-0.033807166,-0.06035181,-0.15328415,-0.137756,0.0040488094,0.0049362723,-0.09913103,-0.027084514,0.20364249,-0.47673425,-0.2506571,0.08108303,-0.113639064,-0.040552195,-0.6014209,-6.4346275
-0.030597584,-0.2662987,-0.03336922,0.19524656,-0.020471856,0.10189349,-0.24360083,0.008749438,-0.089672215,-0.4961521,0.24067552,-0.04213876,-0.45525885,-0.4946221,0.07653392,-0.009207362,-1.7295982,-0.2546272,-0.0076245926,0.025182953,-0.042158894,-0.10211913,-0.14489132,-0.029439894,0.07858077,-0.020572029,0.00070763525,-0.11316517,-0.8009683,0.020735156,-0.11421202,-0.13846356,0.28034228,0.24538012,-0.069459915,0.09025346,-0.070731804,0.003260367,0.01101405,0.052652817,0.08031365,-0.008455215,-0.117192805,-0.1484995,0.018375356,-0.033807166,-0.058240086,-0.15328415,-0.10450005,0.0040488094,0.0049362723,-0.09913103,-0.027084514,0.21535859,-0.48857906,-0.2506571,0.08108303,-0.113639064,-0.040552195,-0.61048084,-6.2382
-0.030597584,-0.2662987,-0.03336922,0.18605813,-0.033830676,0.02918531,-0.27322507,-0.10701868,-0.11265696,-0.4961521,0.24067552,-0.08309674,-0.4581435,-0.48739523,0.0838838,-0.009207362,-1.6434536,-0.2546272,-0.009464879,0.025182953,-0.042158894,-0.10236587,-0.14489132,-0.029439894,0.08098953,-0.020572029,0.00070763525,-0.11316517,-0.79855955,0.020735156,-0.11421202,-0.13846356,0.28034228,0.24438955,-0.069459915,0.08295928,-0.02913893,0.003260367,0.01101405,0.045584,0.07941722,-0.008455215,-0.117192805,-0.1484995,0.018375356,-0.033807166,-0.06035181,-0.15328415,-0.137756,0.0040488094,0.013652051,-0.09913103,-0.027084514,0.20364249,-0.50190806,-0.2506571,0.08108303,-0.113639064,-0.039057784,-0.6014209,-6.458023
-0.030597584,-0.27388114,-0.03336922,0.19524656,-0.024127766,0.10189349,-0.24360083,-0.018166183,-0.089672215,-0.50167,0.24067552,-0.07991205,-0.45525885,-0.4946221,0.07653392,-0.0051502194,-1.7295982,-0.2546272,-0.009833358,0.025182953,-0.042158894,-0.11500247,-0.14489132,-0.029439894,0.07858077,-0.02110391,0.00070763525,-0.10910803,-0.8009683,0.020735156,-0.11421202,-0.13846356,0.28034228,0.24538012,-0.069459915,0.08763382,-0.070731804,0.003260367,0.01101405,0.052652817,0.08031365,-0.008455215,-0.117192805,-0.1484995,0.018375356,-0.033807166,-0.058240086,-0.15706556,-0.10450005,0.0040488094,0.0049362723,-0.09913103,-0.027084514,0.20772597,-0.51211995,-0.2506571,0.08108303,-0.113639064,-0.040552195,-0.61048084,-6.364729
-0.030692557,-0.29034156,-0.04674404,0.30071315,-0.013275913,0.04698588,-0.3039292,-0.091999635,-0.08774186,-0.4996931,0.23023246,-0.050688792,-0.4462015,-0.51273686,0.085164346,-0.031135999,-1.7376435,-0.29253164,-0.008971851,0.0217279,-0.06397806,-0.11628656,-0.14970092,-0.018262018,0.08199823,-0.016541988,0.00070763525,-0.16407147,-1.0293881,0.02188595,-0.19837067,-0.168002,0.3289106,0.24314205,-0.11244646,0.09286402,-0.0061148154,0.0032056866,0.014156362,0.055922892,0.0932959,-0.008455215,-0.107507244,-0.13056901,0.054680593,-0.0051572267,-0.062482428,-0.14976308,0.04694274,0.004988799,-0.015211204,-0.1047032,-0.027084514,0.02547255,-0.1714526,-0.27021703,-0.003990637,-0.12392164,-0.037347898,0.10348133,-5.848875
-0.030692557,-0.29034156,-0.04674404,0.21214345,-0.016451195,0.04698588,-0.29455015,-0.04446677,-0.08907274,-0.4996931,0.22977872,-0.09300338,-0.4368224,-0.5005458,0.07781447,-0.028448083,-1.732242,-0.29253164,-0.008971851,0.0217279,-0.06397806,-0.11628656,-0.14970092,-0.018262018,0.08199823,-0.016541988,0.00070763525,-0.16407147,-1.0398462,0.02188595,-0.1999043,-0.18844122,0.3289106,0.24314205,-0.11244646,0.09286402,-0.0061148154,0.0032056866,0.014156362,0.055922892,0.0932959,-0.008455215,-0.107507244,-0.13056901,0.054680593,-0.0051572267,-0.062482428,-0.14976308,0.04694274,0.004988799,-0.015211204,-0.1047032,-0.027084514,0.02547255,-0.1785688,-0.27021703,-0.0066070743,-0.12392164,-0.037347898,0.10348133,-5.947661
-0.01633923,-0.25556645,-0.055036478,-0.4706082,-0.041164137,0.14186226,-0.023328291,0.049917668,-0.09357319,0.78558606,0.15568398,0.12807491,-0.26088122,-0.54048955,0.08069371,0.004877039,-1.5290803,-0.25464308,-0.02906955,0.033943087,-0.1611366,-0.29270202,-0.05763286,-0.047432072,0.051194843,-0.01485936,0.00070763525,-0.13121848,-0.924576,0.20223822,-0.15052384,-0.1525553,0.14975986,0.2534734,-0.022738453,0.08832665,-0.08672546,-0.00064768037,0.020840699,0.03015886,0.08100704,0.0025645057,-0.083690405,0.09293267,0.059195682,-0.12891105,-0.05556865,-0.15007134,-0.11838684,0.030385429,-0.025552116,-0.06666247,0.02219239,-0.8889424,-0.16319229,-0.18379806,0.0857867,-0.15653351,-0.036216013,-0.0056105815,-5.12426
-0.025922343,-0.22910501,-0.043669976,-0.438767,-0.14012271,-0.058654115,0.22001195,-0.034705706,0.021451922,0.35673118,-0.7373083,-0.20824009,-0.38103724,-0.49786836,-0.1277334,0.02796702,-1.9117621,-0.28785214,0.04036969,0.033461705,0.0894404,0.37438095,-0.10879219,-0.023011629,0.117520034,0.013558646,0.001021414,0.06467993,-0.9478226,0.036847286,0.0040368494,-0.03896086,0.26689985,0.15978327,0.0054750666,0.083842665,0.083360575,-0.0051141353,-0.09462635,0.104554236,0.049740724,-0.03955176,0.022370476,-0.07817419,0.06449929,0.02138466,-0.056353398,-0.10226906,0.04649026,0.022518346,-0.009658791,-0.08474481,-0.030843638,0.057249267,-0.14479841,-0.27731606,0.0058972733,-0.1174247,-0.032546733,0.14838871,-4.770824
-0.01633923,-0.25556645,-0.055036478,-0.4706082,-0.04206247,0.057797752,0.008415585,-0.05906024,-0.0774658,0.78558606,0.15494448,0.12110837,-0.2621903,-0.55127877,0.08069371,-0.010136997,-1.4225899,-0.25464308,-0.030909838,0.035851933,-0.16153727,-0.29278857,-0.05763286,-0.047432072,0.051194843,-0.01485936,0.00070763525,-0.13121848,-0.9100868,0.20223822,-0.15113764,-0.1525553,0.14697479,0.25248286,-0.03750484,0.08832665,-0.08672546,-0.00064768037,0.021565745,0.015531141,0.08082326,-0.008701367,-0.083690405,0.09293267,0.059195682,-0.12891105,-0.057680376,-0.15007134,-0.11838684,0.030385429,-0.025552116,-0.06666247,0.02219239,-0.8795643,-0.17291431,-0.18379806,0.0857867,-0.15620351,-0.036216013,-0.007906958,-5.2335367
-0.01633923,-0.25556645,-0.055036478,-0.4706082,-0.041164137,0.14186226,-0.023328291,0.049917668,-0.09357319,0.78558606,0.15568398,0.12807491,-0.26088122,-0.54048955,0.08069371,0.004877039,-1.5290803,-0.25464308,-0.02906955,0.033943087,-0.1611366,-0.29270202,-0.05763286,-0.047432072,0.051194843,-0.01485936,0.00070763525,-0.13121848,-0.924576,0.20223822,-0.15052384,-0.1525553,0.14975986,0.2534734,-0.022738453,0.08832665,-0.08672546,-0.00064768037,0.020840699,0.03015886,0.08100704,0.0025645057,-0.083690405,0.09293267,0.059195682,-0.12891105,-0.05556865,-0.15007134,-0.11838684,0.030385429,-0.025552116,-0.06666247,0.02219239,-0.8889424,-0.16319229,-0.18379806,0.0857867,-0.15653351,-0.036216013,-0.0056105815,-5.12426
-0.025922343,-0.22910501,-0.043669976,-0.438767,-0.14069453,-0.06642218,0.22943783,-0.034705706,0.013056066,0.3564843,-0.7402449,-0.20824009,-0.38103724,-0.49786836,-0.12597673,0.04671703,-1.9117621,-0.28785214,0.04036969,0.0438637,0.0894404,0.37438095,-0.10879219,-0.023011629,0.117520034,0.017475948,0.001021414,0.06439645,-0.94603086,0.036847286,0.0040368494,-0.03896086,0.2770935,0.15978327,0.0054750666,0.083842665,0.083360575,-0.0051141353,-0.02873655,0.104554236,0.051532462,-0.03955176,0.022370476,-0.07956886,0.06449929,0.02138466,-0.056353398,-0.10226906,0.04649026,0.022518346,-0.009658791,-0.08507603,-0.030843638,0.057249267,-0.14479841,-0.2777752,0.0058972733,-0.1174247,-0.032546733,0.14838871,-4.669293
-0.01633923,-0.263113,-0.055036478,-0.46910396,-0.041164137,0.04535532,-0.024071882,0.049917668,-0.10610236,0.76733035,0.15568398,0.13391411,-0.26088122,-0.54048955,0.08069371,0.004877039,-1.5612876,-0.25464308,-0.02906955,0.033943087,-0.1611366,-0.29270202,-0.056128617,-0.047432072,0.051194843,-0.01485936,0.00070763525,-0.13121848,-0.924576,0.20223822,-0.15052384,-0.1525553,0.1496193,0.2534734,-0.022738453,0.085413955,-0.07140661,-0.00064768037,0.020840699,0.03015886,0.08187365,0.002728405,-0.083690405,0.09293267,0.059195682,-0.12891105,-0.05556865,-0.15007134,-0.11838684,0.030385429,-0.025552116,-0.06666247,0.02219239,-0.894318,-0.16619383,-0.18885423,0.0857867,-0.15653351,-0.036216013,-0.0056105815,-5.2833385
-0.01633923,-0.25556645,-0.055036478,-0.4706082,-0.04206247,0.057797752,0.008415585,0.041570723,-0.0774658,0.78558606,0.17385967,0.12110837,-0.2621903,-0.55127877,0.08069371,-0.010136997,-1.4225899,-0.25464308,-0.030909838,0.035851933,-0.16153727,-0.29278857,-0.05763286,-0.047432072,0.051194843,-0.01485936,0.00070763525,-0.13121848,-0.9100868,0.20223822,-0.15113764,-0.1525553,0.14697479,0.25248286,-0.031172026,0.08832665,-0.08672546,-0.00064768037,0.021565745,0.015531141,0.08082326,0.0017955112,-0.083690405,0.09293267,0.059195682,-0.12891105,-0.057680376,-0.15007134,-0.11838684,0.030385429,-0.025552116,-0.06666247,0.02219239,-0.8795643,-0.16278549,-0.18379806,0.0857867,-0.15620351,-0.036216013,-0.007906958,-5.0870323
-0.013003081,-0.2407274,-0.04960022,0.3240088,-0.021628715,0.05435263,-0.27927998,-0.101433486,-0.05712977,-0.53965265,-0.09583686,-0.117403,-0.33734742,-0.46725538,0.08497306,-0.017758973,-1.102696,-0.22523999,-0.03612551,0.012904461,-0.041766524,0.028345391,-0.07040871,-0.027080208,0.080157846,-0.014268164,0.0012740669,0.027953716,-0.42281482,0.011455163,-0.0037692483,-0.015614908,0.16396236,0.028552588,-0.055630423,0.05891721,0.049161457,-0.026654657,-0.11273588,0.10364032,0.025311835,-0.026796533,0.007140735,-0.103304714,-0.024805874,-0.08984245,-0.061414193,-0.17559417,0.06123893,0.06544905,0.006020099,-0.105684824,-0.029568296,-0.771079,-0.3717138,-0.28811947,0.08775689,-0.113375515,-0.03949058,-1.0510557,-6.4621305
-0.013003081,-0.2740924,-0.033940934,0.21489564,-0.038375217,0.05435263,-0.28300264,-0.103414744,-0.05712977,-0.5394266,-0.09583686,-0.13836448,-0.35618272,-0.43816707,0.08497306,-0.0051982086,-1.1821983,-0.22460479,-0.03612551,0.01365669,-0.041766524,0.028980613,-0.07040871,-0.024891581,0.080157846,-0.015436932,0.0012740669,0.026150974,-0.42541844,0.011455163,-0.005302867,-0.015614908,0.1619111,0.025116336,-0.058564417,0.05891721,0.049161457,-0.026654657,-0.11273588,0.10364032,0.025794912,-0.026796533,0.00905619,-0.103304714,-0.024805874,-0.08960453,-0.061414193,-0.18761493,0.061810143,0.06544905,0.006020099,-0.105684824,-0.029568296,-0.7997642,-0.3742474,-0.28779405,0.08775689,-0.11229184,-0.03949058,-1.0417756,-6.729485
-0.013003081,-0.36515427,-0.031163251,0.18278784,-0.101641126,0.05435263,-0.28300264,-0.103414744,-0.057624623,-0.5394266,-0.09583686,-0.13836448,-0.36786863,-0.4362189,0.08497306,-0.0051982086,-1.1821983,-0.20086703,-0.03612551,0.01365669,-0.041766524,0.028980613,-0.07040871,-0.024891581,0.080157846,-0.048113648,0.0012740669,0.026150974,-0.42541844,0.011455163,-0.005302867,-0.015614908,0.14883208,0.014934635,-0.058564417,0.05891721,0.049161457,-0.026654657,-0.11273588,0.09523538,0.024181891,-0.026796533,0.00905619,-0.103304714,-0.024805874,-0.08960453,-0.061414193,-0.18761493,0.05115708,0.06383603,0.006020099,-0.10544034,-0.029568296,-0.7997642,-0.3742474,-0.28779405,0.08775689,-0.11229184,-0.030443972,-1.0502473,-6.9770403
-0.025922343,-0.22910501,-0.03887099,-0.42908153,-0.14069453,-0.072219744,0.21627027,-0.034705706,0.010798696,0.31681153,-0.7402449,-0.23602149,-0.37613517,-0.48070455,-0.12597673,0.04429793,-1.8826421,-0.25601417,0.04036969,0.042896375,-0.12122302,0.3890941,-0.10879219,-0.023011629,0.117520034,0.017475948,0.001021414,0.06439645,-0.9628539,0.03681586,-0.0013620579,-0.009785596,0.27556548,0.15978327,0.0054750666,0.082834356,0.12508261,-0.0050593764,-0.02873655,0.104554236,0.052316606,-0.03955176,0.02408576,-0.07956886,0.06441478,0.02138466,-0.056353398,-0.09095352,0.04649026,0.022794142,-0.009418432,-0.08507603,-0.029312558,0.05755422,-0.14191467,-0.2803466,0.0058972733,-0.119494915,-0.035103306,0.14420573,-4.8060513
-0.013003081,-0.3958839,-0.033736713,0.18078612,-0.1491964,0.05435263,-0.28300264,-0.103414744,-0.030695455,-0.5381875,-0.09596878,-0.13836448,-0.3296511,-0.4362189,0.08497306,-0.0051982086,-1.1534251,-0.20086703,-0.03612551,0.01365669,-0.041539393,0.028980613,-0.07040871,-0.024891581,0.080157846,-0.048113648,0.0012740669,0.026150974,-0.42541844,0.011455163,-0.005302867,-0.015614908,0.14883208,0.014934635,-0.058564417,0.05891721,0.049161457,-0.026654657,-0.11273588,0.1406893,0.024181891,-0.026796533,0.00905619,-0.103304714,-0.024805874,-0.08960453,-0.061414193,-0.18761493,0.05115708,0.06383603,0.006020099,-0.10544034,-0.029568296,-0.79852504,-0.37973353,-0.28779405,0.08775689,-0.11229184,-0.030443972,-1.0502473,-6.9234395
-0.013003081,-0.3958839,-0.033736713,0.1888289,-0.1491964,0.05435263,-0.28300264,-0.103414744,-0.030695455,-0.5381875,-0.09596878,-0.13836448,-0.3296511,-0.4362189,0.08497306,-0.0051982086,-1.1534251,-0.20086703,-0.03612551,0.01365669,-0.049582183,0.028980613,-0.07040871,-0.024891581,0.080157846,-0.048113648,0.0012740669,0.026150974,-0.42541844,0.011455163,-0.005302867,-0.015614908,0.14883208,0.014934635,-0.058564417,0.05891721,0.049161457,-0.026654657,-0.11273588,0.1406893,0.024181891,-0.026796533,0.00905619,-0.103304714,-0.024805874,-0.08960453,-0.061414193,-0.18761493,0.05115708,0.06383603,0.006020099,-0.10544034,-0.029568296,-0.79852504,-0.37973353,-0.28779405,0.08775689,-0.11229184,-0.030443972,-1.0502473,-6.9234395
-0.013003081,-0.3958839,-0.009429831,0.20081119,-0.1491964,0.05435263,-0.28300264,-0.103414744,-0.030695455,-0.5381875,-0.09596878,-0.13836448,-0.3296511,-0.4362189,0.08497306,-0.0051982086,-1.1534251,-0.20086703,-0.03612551,0.01365669,-0.049582183,0.028980613,-0.07040871,-0.024891581,0.080157846,-0.048113648,0.0012740669,0.026150974,-0.42541844,0.011455163,-0.005302867,-0.015614908,0.14883208,0.0029523317,-0.058564417,0.05891721,0.049161457,-0.026654657,-0.11273588,0.1406893,0.024181891,-0.026796533,0.00905619,-0.103304714,-0.024805874,-0.08960453,-0.061414193,-0.18761493,0.05115708,0.06383603,0.006020099,-0.10544034,-0.029568296,-0.7848529,-0.37973353,-0.28779405,0.08775689,-0.11229184,-0.030443972,-1.0502473,-6.8854604
-0.013003081,-0.2407274,-0.052952923,0.32169786,-0.052906472,0.05435263,-0.27927998,-0.101433486,-0.05712977,-0.53965265,-0.09583686,-0.117403,-0.33734742,-0.46725538,0.08497306,-0.017758973,-1.1215245,-0.22523999,-0.03612551,0.012904461,-0.041766524,0.028345391,-0.07040871,-0.027080208,0.080157846,-0.014268164,0.0012740669,0.027953716,-0.42289004,0.011455163,-0.0071743745,-0.015614908,0.16396236,0.028552588,-0.055630423,0.05891721,0.049161457,-0.026654657,-0.11194049,0.10364032,0.025311835,-0.026796533,0.007140735,-0.103304714,-0.024805874,-0.08984245,-0.061414193,-0.17559417,0.06123893,0.06544905,0.006020099,-0.105684824,-0.029568296,-0.771079,-0.3717138,-0.28811947,0.08775689,-0.11308241,-0.03949058,-1.0502603,-6.519496
-0.0195405,-0.39787957,0.040481664,0.20195907,-0.14885822,0.059535474,-0.28300264,-0.1110086,-0.011761684,-0.52830535,-0.09569007,-0.1769465,-0.33889738,-0.42463124,-0.098154604,0.008323838,-1.1694448,-0.19616866,-0.035138212,0.01365669,-0.04811015,0.0030674282,-0.07040871,-0.025174614,0.06578538,-0.047192212,0.001021414,0.027968476,-0.40441978,0.01180933,-0.0033248104,-0.015614908,0.13358974,0.000963198,-0.067984074,0.092817865,0.04066135,-0.033265326,-0.11273588,0.1406893,0.024181891,-0.027103066,0.011832677,-0.103304714,-0.024805874,-0.085574925,-0.060737163,-0.17619567,0.050824866,0.061499417,0.006020099,-0.10826913,-0.028233737,-0.7412239,-0.39193454,-0.2832234,0.08775689,-0.112756,-0.030443972,-1.0397984,-6.9928164
0.022022005,0.81498736,-0.14431976,0.21634378,0.22077303,-0.21427466,-0.011818275,0.068171136,-0.039831724,-0.3305771,0.26362124,0.012474351,-0.5308797,-0.3122515,0.068322465,-0.1132234,-2.0326967,-0.13194837,-0.09611318,-0.018046377,0.015949242,-0.27908725,-0.051552504,-0.029854946,-0.27426064,-0.087246805,0.001824351,0.037963897,0.16571195,-0.094815336,-0.023690015,0.042497884,-0.46877235,-0.10304395,-0.11233326,-0.113705955,0.08638193,0.0034622462,-0.110798135,-0.052733026,-0.16883379,-0.015071893,-0.015892243,0.15790614,0.032535873,-0.05600056,0.16294509,0.27264503,-0.26196754,-0.092832096,0.00438975,0.28931683,-0.01404552,0.21138327,-0.5806726,0.17895049,-0.014214784,-0.053971767,-0.01348233,-0.029824642,-3.7441056
0.054045256,-0.12576896,-0.062458787,0.15272033,0.10081115,-0.20088775,-0.015066882,-0.010441247,0.34314072,-0.28263974,0.23253872,-0.04291195,-0.4234452,-0.32306513,0.066433325,-0.074486285,-2.089885,-0.15019636,-0.086261265,0.029979449,-0.0032849964,-0.3068903,-0.040643625,-0.008068472,-0.25708187,-0.18783627,0.00072236126,0.050620258,0.17850834,-0.14350122,-0.023209048,0.11077072,-0.45282158,-0.12693757,-0.11421823,-0.14580539,0.097546846,0.0012502251,-0.06282332,-0.05495809,-0.14039983,0.00023357407,-0.014473623,0.063922256,0.03352633,-0.16549452,-0.007793555,-0.2011565,-0.241442,-0.10411082,-0.0070060827,0.31793147,-0.024983365,0.25009036,-0.564535,0.09478494,-0.02169136,0.30858058,-0.029769693,0.009989213,-4.840305
0.0061053513,0.10860675,-0.092452124,0.16109207,-0.111072,0.062399156,-0.30358747,-0.09305224,0.009377828,-0.6052273,-0.07309694,0.039440844,-0.45311773,-0.43588328,0.04255602,-0.05827471,-1.7642231,-0.2364751,-0.027260583,0.032916345,0.020977832,-0.088167116,-0.040742613,0.0009319796,0.10238776,-0.039142996,0.00070763525,0.074338734,0.24609187,0.002337385,-0.04480374,-0.027585149,-0.3109304,0.226285,-0.042600922,0.02342091,-0.3230055,-0.003880679,0.015877431,-0.032939028,0.15538605,-0.0004503918,-0.0651993,-0.17023541,0.005255226,0.056952365,-0.084521264,-0.18602552,-0.23637646,0.053756382,-0.051616326,-0.09441457,0.034927446,-0.85179394,0.3982307,-0.2058997,-0.045506366,-0.14209807,-0.029630326,0.05209828,-5.438831
0.054045256,-0.15781958,-0.062458787,0.15355498,0.11934697,-0.20088775,-0.020120075,-0.010441247,0.34314072,-0.3958294,0.25038287,-0.048830714,-0.4234452,-0.32306513,0.066433325,-0.074486285,-2.089885,-0.15019636,-0.086261265,0.029979449,-0.014363025,-0.30514663,-0.040643625,-0.008068472,-0.25708187,-0.18783627,0.00072236126,0.050620258,0.17850834,-0.14350122,-0.023209048,0.110930815,-0.45198026,-0.124361455,-0.11421823,-0.14580539,0.09678057,0.0012502251,-0.06282332,-0.05495809,-0.14039983,0.00023357407,-0.014473623,0.063922256,0.02535052,-0.16549452,-0.007793555,-0.2011565,-0.241442,-0.10411082,-0.0070060827,0.32063842,-0.024983365,0.25040543,-0.5628433,0.09478494,-0.02169136,0.30858058,-0.029769693,0.009989213,-4.9692874
0.022022005,0.81498736,-0.1170928,0.21676429,0.22077303,-0.21427466,-0.011818275,0.033270486,-0.039831724,-0.33178934,0.26362124,-0.025298947,-0.5308797,-0.30886105,0.068322465,-0.1132234,-2.0326967,-0.13194837,-0.09611318,-0.018046377,0.015949242,-0.27908725,-0.051552504,-0.029927831,-0.27426064,-0.087246805,0.001824351,0.037963897,0.16564007,-0.094815336,-0.023690015,0.042497884,-0.46877235,-0.09879505,-0.101794384,-0.113705955,0.08638193,0.0034622462,-0.110798135,-0.052733026,-0.16883379,-0.015071893,-0.014473623,0.15790614,0.032535873,-0.05600056,0.16294509,0.26024228,-0.26196754,-0.092832096,0.00438975,0.28931683,-0.01404552,0.2139851,-0.6042136,0.17895049,-0.014214784,-0.053971767,-0.01348233,-0.03448659,-3.808896
0.054045256,-0.10324086,-0.038756546,0.15538569,0.053615734,-0.20457594,-0.010690324,-0.010441247,0.2487711,-0.39433452,0.2554896,-0.042808395,-0.43593037,-0.32111692,0.066433325,-0.074486285,-2.0774963,-0.15019636,-0.086261265,0.029979449,-0.014363025,-0.30514663,-0.040643625,-0.008068472,-0.25708187,-0.18783627,0.00072236126,0.050620258,0.16234949,-0.14350122,-0.028215403,0.110930815,-0.450682,-0.11527541,-0.11421823,-0.14580539,0.09678057,0.0012502251,-0.06282332,-0.05495809,-0.17900053,0.00023357407,-0.014473623,0.092210226,0.02535052,-0.16549452,-0.007793555,-0.20211415,-0.24271128,-0.10411082,-0.0070060827,0.32063842,-0.024983365,0.2486485,-0.5621414,0.09356134,-0.02169136,0.3076229,-0.029769693,-0.019668436,-5.085274
0.054045256,0.015227685,-0.03603069,0.15606044,0.21548669,-0.19965304,-0.010690324,-0.002304826,0.082771584,-0.40359423,0.2580705,-0.042808395,-0.43593037,-0.29588366,0.06672363,-0.092512414,-2.1378822,-0.1672423,-0.086261265,0.029979449,-0.013807123,-0.30514663,-0.040643625,-0.008068472,-0.29548362,-0.18783627,0.00072236126,0.041336507,0.16234949,-0.14350122,-0.028215403,0.110930815,-0.45468268,-0.11527541,-0.11421823,-0.14580539,0.09678057,0.0012502251,-0.07293342,-0.05495809,-0.17642242,0.00023357407,-0.014473623,0.092210226,0.02535052,-0.16549452,-0.007793555,-0.20211415,-0.24271128,-0.10310925,0.00505458,0.30926228,-0.024983365,0.2569411,-0.5621414,0.08392666,-0.02169136,0.3151445,-0.026915163,-0.016974395,-5.0763345
0.054045256,0.05548331,-0.030713346,0.15606044,0.2216341,-0.19508381,-0.010690324,-0.002304826,0.034299184,-0.40359423,0.2580705,-0.042808395,-0.43593037,-0.29588366,0.06672363,-0.092512414,-2.1353388,-0.1672423,-0.10229513,0.029979449,-0.013807123,-0.3146683,-0.040643625,-0.008068472,-0.29548362,-0.18783627,0.00072236126,0.041336507,0.16234949,-0.14350122,-0.028215403,0.110930815,-0.47153398,-0.11527541,-0.11421823,-0.14580539,0.0948654,0.0012502251,-0.07293342,-0.05495809,-0.17072514,0.00023357407,-0.014473623,0.092210226,0.02535052,-0.16549452,-0.007793555,-0.20211415,-0.24271128,-0.10310925,0.00505458,0.30926228,-0.024983365,0.25162378,-0.5621414,0.087947346,-0.02169136,0.3151445,-0.01348233,-0.016974395,-5.0924625
-0.06411792,-0.22518034,-0.092452124,0.18220964,-0.14966258,0.08594173,-0.31297663,-0.09305224,0.006630993,-0.6052273,-0.074816026,0.040715337,-0.42614004,-0.4748587,0.054860268,-0.080989264,-1.7871219,-0.2364751,-0.007985436,0.027824754,0.022042304,-0.0653857,-0.040742613,0.0009319796,0.09896956,-0.039142996,0.00070763525,0.080804646,0.24562654,0.002337385,-0.041769437,-0.027585149,-0.3250065,0.226285,-0.042600922,0.02342091,-0.3230055,-0.003880679,0.015877431,-0.032939028,0.15038957,-0.0004503918,-0.0651993,-0.17023541,0.024567273,0.056952365,-0.084521264,-0.18602552,-0.23637646,0.053288687,-0.035752654,-0.097641364,0.034927446,-0.8642809,0.40734664,-0.23322105,-0.059799835,-0.14209807,-0.030191543,0.057522297,-5.8787274
0.022022005,0.75970715,-0.105089664,0.21676429,0.22077303,-0.21427466,-0.01160001,0.01544958,-0.009751031,-0.33178934,0.26362124,-0.023127938,-0.5308797,-0.30886105,0.068322465,-0.13708712,-2.0625188,-0.13194837,-0.09611318,-0.018046377,0.015949242,-0.27908725,-0.053238235,-0.029927831,-0.27426064,-0.087246805,0.001824351,0.037963897,0.16564007,-0.09310276,-0.023690015,0.042497884,-0.46840852,-0.09879505,-0.101794384,-0.113705955,0.08638193,0.0034622462,-0.110798135,-0.052733026,-0.16883379,-0.015071893,-0.014473623,0.15790614,0.032535873,-0.05600056,0.16294509,0.26024228,-0.26635686,-0.092832096,0.00438975,0.2849275,-0.01404552,0.2139851,-0.6042136,0.17895049,-0.014214784,-0.054895163,-0.01348233,-0.03448659,-3.900521
0.016448464,0.48346406,-0.11239883,0.1421533,-0.09445243,0.034309484,-0.31282863,-0.1094604,-0.020201705,-0.59459466,-0.07309694,0.029971968,-0.4547322,-0.43588328,0.04255602,-0.050970547,-1.7682003,-0.2219299,-0.026863158,0.032916345,0.019618474,-0.084171385,-0.037796304,0.0009319796,0.096868955,-0.039418958,0.00070763525,0.054846194,0.24415389,0.0015336713,-0.04480374,-0.027585149,-0.32977507,0.22137849,-0.042600922,0.02342091,-0.3226247,-0.003880679,-0.0006963443,-0.033369053,0.14842413,-0.0004503918,-0.06458594,-0.14923649,0.005255226,0.03017125,-0.08424759,-0.18422903,-0.24232557,0.06260173,-0.051616326,-0.0929351,0.038573693,-0.86144096,0.39968446,-0.20271146,-0.043682173,-0.14209807,-0.018211111,0.04660783,-5.2035065
0.0061053513,0.10860675,-0.092452124,0.15841645,-0.111072,0.062399156,-0.31779948,-0.09305224,0.009377828,-0.6054814,-0.06979954,0.046634104,-0.4547322,-0.39356905,0.04255602,-0.05827471,-1.8031832,-0.20147537,-0.026863158,0.032916345,0.020977832,-0.088167116,-0.040742613,0.0009319796,0.10238776,-0.039418958,0.00070763525,0.074338734,0.24609187,0.002337385,-0.04480374,-0.022254128,-0.3109304,0.226285,-0.042600922,0.02659876,-0.3230055,-0.003880679,0.015877431,-0.032939028,0.15538605,-0.0004503918,-0.0651993,-0.17023541,0.005255226,0.059483968,-0.084521264,-0.18602552,-0.23637646,0.053756382,-0.057689667,-0.09441457,0.034927446,-0.85179394,0.4031432,-0.20617789,-0.049301714,-0.14209807,-0.029630326,0.052627273,-5.402286
-0.034540944,-0.23381,-0.054289103,0.2780151,-0.06911508,0.17303412,0.02356759,-0.03923261,-0.024069233,0.376176,-0.7469232,-0.14857215,-0.2808418,-0.34190995,-0.07984072,-0.017731793,-1.380029,-0.21240112,0.019195957,0.050290823,0.020713568,-0.10332067,-0.029202446,-0.0010180776,0.09834186,-0.033062156,0.00060508953,0.118301675,0.21094923,0.015493378,0.01241229,-0.027091272,-0.29305166,0.2705793,0.0031687059,0.094946526,-0.23937143,-0.011386722,-0.004538385,-0.029200848,0.09021662,-0.0015618135,-0.07265947,-0.15013784,-0.016455099,0.056776807,-0.059852112,-0.14185645,-0.18085796,-0.02141094,-0.034036737,-0.08167382,-0.032253608,-0.7780306,0.34672055,-0.06811325,-0.0558758,-0.12184121,-0.03228735,-1.080677,-5.104626
-0.06411792,-0.22560385,-0.092452124,0.18374233,-0.14966258,0.08594173,-0.32718864,-0.09615925,0.010163689,-0.6052273,-0.07151862,0.025875311,-0.42614004,-0.4325444,0.05541987,-0.066830926,-1.8489038,-0.028437145,-0.007985436,0.027824754,0.030766025,-0.09755866,-0.040742613,0.0009319796,0.09896956,-0.039142996,0.00070763525,0.074338734,0.24666741,0.002337385,-0.041769437,-0.022254128,-0.3334106,0.226285,-0.042600922,0.02659876,-0.3230055,-0.003880679,0.0168735,-0.032939028,0.14626627,-0.0004503918,-0.0651993,-0.17023541,0.024567273,0.059483968,-0.084521264,-0.18602552,-0.23637646,0.053288687,-0.041826,-0.097641364,0.034927446,-0.8642809,0.41225913,-0.23322105,-0.059799835,-0.13463482,-0.030191543,0.059372604,-5.720872
0.016448464,0.4931426,-0.11239883,0.1384818,-0.09445243,0.034309484,-0.32704064,-0.11016749,-0.016669009,-0.5947838,-0.06979954,0.025233988,-0.4547322,-0.39356905,0.04311562,-0.050970547,-1.8326235,-0.06888889,-0.026863158,0.032916345,0.019618474,-0.084171385,-0.037796304,0.0009319796,0.096868955,-0.039418958,0.00070763525,0.054846194,0.24519478,0.0015336713,-0.04480374,-0.022254128,-0.3381791,0.22137849,-0.042600922,0.02659876,-0.3226247,-0.003880679,0.00029972382,-0.033369053,0.14746611,-0.0004503918,-0.06458594,-0.14923649,0.005255226,0.032702856,-0.08424759,-0.18422903,-0.24232557,0.06260173,-0.057689667,-0.0929351,0.038573693,-0.86144096,0.404597,-0.20271146,-0.043682173,-0.13463482,-0.018211111,0.048146322,-5.067468
-0.033729084,-0.3991996,-0.12622347,0.23757538,-0.16010202,-0.27751005,0.12969877,0.06028124,-0.1000988,-0.059315793,0.07066353,0.01022896,-0.44536725,-0.38725585,0.08408567,-0.0803877,-1.8195168,-0.11380415,-0.054115303,-0.0723561,0.0561832,-0.28153747,-0.069076605,-0.029530726,-0.29463506,-0.13629633,0.001824351,0.029729726,0.18349947,-0.10397338,-0.024259502,0.06955054,-0.51841974,-0.15752146,-0.09373819,-0.13014925,0.10804284,0.0012502251,-0.10671215,-0.046417855,-0.22117633,-0.010759985,-0.019491436,-0.15587272,0.13190316,-0.15591879,-0.008720212,0.21953654,-0.13674468,-0.1420525,0.0044384385,-0.105791636,-0.01882595,-0.06894812,-0.5232551,0.08472367,0.015145978,0.1271054,0.0066202376,0.467828,-5.5888925
0.05016237,0.7085902,-0.13102943,0.19097628,-0.054203257,0.05083604,-0.36537895,-0.08986433,-0.048025325,-0.6284481,-0.07684105,0.019901939,-0.54373914,-0.4042975,0.093741395,0.010776475,-2.0524743,-0.087810285,-0.036595188,0.030361183,0.023967072,-0.12636751,0.0023146514,0.020222703,0.1587821,-0.04648581,0.00070763525,0.054674566,0.29175198,-0.0027378397,-0.00845862,-0.022198986,-0.39158204,0.25093716,-0.028177597,0.029501455,-0.31260973,-0.0034193662,0.0069587473,-0.029574212,0.17593986,-0.0012383759,-0.042414233,-0.13509794,0.06668015,-0.016324019,-0.079899445,-0.17321837,0.038992524,0.048071813,0.01414475,-0.09738355,-0.020011822,0.043603614,-0.11710942,-0.16864285,-0.010914039,-0.1329729,-0.015604688,0.060927518,-4.0576262
-0.040320806,-0.43378004,0.0042721867,0.19563028,-0.11773052,0.15591098,-0.21202998,0.03647802,-0.098005384,-0.3824323,0.2608969,-0.26466918,-0.41711164,-0.3869366,-0.15469047,-0.06256982,-1.504909,-0.13155358,0.02611918,0.054660186,-0.055314414,-0.024510548,-0.07374172,-0.015536798,-0.26433766,0.10290111,0.003930341,-0.0038040653,0.22745961,-0.067582116,-0.065459095,-0.025882147,0.034256134,-0.32419595,-0.0048229285,-0.17475156,-0.17856684,0.010808239,0.013329248,-0.14351892,-0.33514974,-0.0013450063,-0.040276095,0.24986345,-0.024300566,-0.00079555996,0.30022728,0.32816017,-0.0063545527,0.11466945,0.00664092,-0.09255972,-0.019448075,0.20277393,-0.11804159,-0.16487214,0.010206909,0.40669113,-0.019932475,-0.85148686,-4.557441
-0.043280795,-0.21774244,-0.07464418,-0.4391368,-0.12014904,0.08754769,-0.23116879,-0.09245548,-0.031177877,-0.64143944,-0.07195799,-0.17186171,-0.37070757,-0.15128733,-0.1485694,0.025392871,-1.2313353,-0.13523072,-0.07220043,0.02279944,0.0004864689,-0.23613125,-0.034554422,-0.0047309203,-0.26747632,-0.1319483,0.001021414,0.04957559,0.19604594,-0.11558298,-0.024470506,0.11675922,-0.42641583,-0.16245449,-0.07863394,-0.10942425,0.041359007,0.00773638,-0.023866694,-0.06050373,-0.16628759,-0.0019877856,-0.00805678,0.11304417,0.049867585,0.07701793,-0.06728789,-0.20058863,-0.08892083,-0.004425496,-0.012936547,-0.066079766,0.07624765,-0.057037435,-0.44523916,-0.1899156,0.07012044,-0.12489744,-0.026487604,-0.98078614,-7.426452
-0.043280795,-0.21774244,-0.07464418,-0.4391368,-0.12014904,0.08754769,-0.23116879,-0.09245548,-0.031177877,-0.64143944,-0.07195799,-0.17186171,-0.37070757,-0.15128733,-0.1485694,0.025392871,-1.2480057,-0.10809818,-0.07220043,0.02279944,0.0004864689,-0.23613125,-0.034554422,-0.0047309203,-0.26747632,-0.1319483,0.001021414,0.04957559,0.19604594,-0.11558298,-0.024470506,0.11675922,-0.42641583,-0.16245449,-0.07863394,-0.109569296,0.041359007,0.00773638,-0.023866694,-0.06050373,-0.16628759,-0.0019877856,-0.00805678,0.11304417,0.049867585,0.079549536,-0.06728789,-0.20058863,-0.08892083,-0.004425496,-0.012415176,-0.066079766,0.07624765,-0.057037435,-0.44523916,-0.1899156,0.07012044,-0.12489744,-0.026487604,-0.99415606,-7.426452
-0.043280795,-0.21680366,-0.07464418,-0.4281754,-0.12014904,0.08754769,-0.23116879,-0.09245548,-0.03094489,-0.64143944,-0.07195799,-0.17186171,-0.37070757,-0.14949325,-0.14716122,0.025392871,-1.2486228,-0.11486888,-0.07220043,0.02279944,0.0004864689,-0.23613125,-0.034554422,-0.0047309203,-0.26747632,-0.1319483,0.001021414,0.04957559,0.19604594,-0.11558298,-0.024470506,0.11675922,-0.43318656,-0.16245449,-0.07863394,-0.109569296,0.041359007,0.00773638,-0.023866694,-0.06050373,-0.16628759,-0.0019877856,-0.00805678,0.11304417,0.049867585,0.079549536,-0.06728789,-0.20058863,-0.08892083,-0.004425496,-0.012415176,-0.066079766,0.07624765,-0.05698075,-0.44523916,-0.19053252,0.07012044,-0.12489744,-0.026487604,-0.994773,-7.426452
-0.0107281655,-0.38685906,0.03606206,0.13224803,-0.12022742,0.0928183,0.1711204,-0.03755235,-0.100653194,0.24092014,-0.77464473,-0.039793372,-0.5042582,-0.30107552,0.13253503,-0.012758762,-2.0703657,0.003453209,-0.024873707,0.08219535,-0.16119169,0.08044249,0.116081,-0.019320391,0.08620414,0.027024558,0.0012740669,0.03533104,-0.38276613,0.022196215,-0.023963148,-0.0143969,0.20248276,-0.07758048,-0.070962764,0.084308766,0.07260078,-0.0009849602,0.0018334724,0.029041035,0.013445679,0.010164505,0.035659377,-0.08612695,-0.0032749325,0.07864073,-0.051643945,-0.15959579,-0.13621703,0.06724805,0.02274758,-0.09544435,0.038721204,0.34780943,0.4518135,-0.297913,-0.043219842,-0.095698446,-0.02349557,-1.0049666,-4.41613
-0.043280795,-0.21488689,-0.07464418,-0.42551267,-0.1263509,0.08754769,-0.23116879,-0.09245548,-0.027445478,-0.64143944,-0.07195799,-0.17186171,-0.37070757,-0.13705865,-0.14771503,0.044830304,-1.2122285,0.047258127,-0.07220043,0.026256168,0.00921019,-0.23613125,-0.034554422,-0.0047309203,-0.26747632,-0.1319483,0.001021414,0.04957559,0.19617301,-0.11558298,-0.024470506,0.11675922,-0.44046053,-0.16245449,-0.07863394,-0.109569296,0.041359007,0.00773638,-0.060284317,-0.06050373,-0.16486992,-0.0019877856,-0.00805678,0.11304417,0.049867585,0.079549536,-0.06728789,-0.20126314,-0.08892083,-0.007815823,-0.012415176,-0.066079766,0.07624765,-0.05829089,-0.4513161,-0.19053252,0.07012044,-0.117434196,-0.02780205,-0.99606365,-7.231296
-0.00055680797,-0.33326134,0.071499296,0.28902343,-0.052415464,0.11573923,-0.11886449,0.009051792,0.030190585,-0.38671848,0.36475524,0.24422401,0.25438154,-0.22499451,0.21427655,-0.25353554,1.1582979,-0.05651125,0.058045227,0.019247957,0.04170637,0.34518662,0.14952984,0.0001362171,0.12713586,0.16804864,0.003930341,0.034870032,0.4228996,-0.08670519,0.19909985,0.13731286,0.51478046,0.17776342,0.1166717,0.0956765,0.10512398,0.0005423217,0.057475973,-0.038525186,0.18572061,0.028004255,0.009243744,-0.09454891,0.060004808,0.05278973,-0.035819177,0.23874934,0.08405184,0.087627105,0.013486447,0.0799003,-0.020527847,0.49532396,0.7021925,-0.15644665,0.03137355,-0.0083692875,0.18652415,0.3884607,6.302276
-0.0012998022,0.65807086,0.0975008,0.17463857,-0.05971826,0.00225183,0.017783487,0.10758679,0.17842318,-0.39169243,0.36324155,0.027689535,0.3061629,0.39908186,-0.118565716,0.65259385,1.1535028,0.044297148,-0.03678696,0.07585933,0.105708376,0.19488186,0.15605639,-0.015208887,0.1166621,0.03801438,0.001021414,0.044388857,0.33140147,-0.104454845,0.13958637,0.09674463,0.50288016,0.17272057,0.13787347,0.13342857,0.103656255,-0.0023914496,0.12378234,0.028501658,0.12819293,0.024373585,-0.007202222,0.13065459,0.00770317,0.026197666,-0.04410362,-0.18260533,0.027224105,0.060884573,0.0052248896,0.011555163,-0.028421834,0.03063033,-0.07026926,0.12668951,0.056959167,-0.07055059,-0.008688524,-1.1617409,5.018583
0.045432713,0.54734427,0.085187465,0.2283797,0.17128254,-0.16407225,0.06295832,-0.034280468,0.12534052,0.33212033,0.3360172,0.1692471,0.35922444,0.35143492,0.22302517,-0.3542256,1.2779294,0.06301376,0.025737671,0.076942734,0.09693864,0.31184903,0.084164456,0.02652366,0.10881867,0.1601598,0.0006166729,0.02187837,0.4150258,-0.07823816,0.23375078,0.102641836,0.36309734,0.1526074,0.13521332,-0.119267814,0.13298091,-0.0049857916,0.043937992,-0.015114708,0.18750732,0.024373585,0.010913923,0.13271736,0.042600848,0.052899253,-0.04124454,-0.09112364,0.044620227,0.08862628,-0.0025326856,-0.07161221,-0.025665402,-0.004352445,0.10213857,0.021488814,0.045142133,-0.05745345,0.016707916,0.3084413,6.8848314
0.045375466,0.31018522,0.03016184,0.33071885,0.24813443,-0.04656104,0.1799676,-0.0049874857,0.033119567,0.5624488,0.2528174,0.13415474,0.4014871,-0.17568006,0.13892911,0.3641513,1.3241749,0.028755136,-0.0385092,0.040428992,0.13301632,0.13083489,-0.017136844,0.0005785376,0.033734802,0.15852217,0.001021414,0.0212797,0.36263785,-0.079826534,0.22541434,0.15589683,0.41419664,-0.16992572,0.1497056,-0.0948453,-0.028522072,0.009977678,0.05180051,-0.015683116,-0.345957,0.008856918,-0.04228762,-0.09473823,0.09226009,0.039797172,-0.04395359,-0.13413575,0.03589967,0.02366345,0.029021962,-0.164876,-0.026998378,0.14178543,-0.0705664,-0.09622755,0.01079359,-0.099189386,0.005120994,0.2937638,5.1639833
-0.0038558394,-0.21119748,0.0021043113,0.3244642,-0.007772969,-0.07486455,0.27591544,-0.015862836,-0.044054266,0.4057715,-1.2219067,0.053673625,0.17566772,0.48926622,0.18593852,0.21184549,0.8825703,0.20605092,-0.047195636,0.09617935,0.020285469,0.48881537,0.17278618,-0.003606351,0.1796573,0.20794813,0.0012740669,0.05737066,0.40380594,-0.11907076,0.11773617,0.1545378,0.66889393,0.28050536,0.05968596,0.08643009,0.046437837,-0.00064210594,0.05018688,-0.02987027,0.25036424,0.015520481,0.0006858804,-0.041843276,0.100961715,0.04940873,-0.062136162,-0.11535696,0.0686325,0.027074778,0.004469847,-0.082411215,-0.025393585,0.1956917,-0.13096279,-0.11858239,0.048365258,-0.052113283,-0.012684195,0.33966264,4.9852586
0.043834623,0.75011927,-0.061718896,0.35955262,0.23224325,-0.049405534,-0.08513949,0.029485684,-0.0011045877,-0.22976017,0.29639143,0.12902012,0.18625256,-0.15090764,0.13895203,0.3893006,0.71994746,0.05160124,0.012467707,-0.14540452,-0.0021371944,-0.03021321,-0.012853361,-0.004825388,-0.23603177,-0.16204154,0.00569626,0.032281667,0.2343417,-0.08155042,-0.029487146,0.0069289277,-0.2797948,-0.1306882,-0.17991792,-0.16661221,0.13243662,0.005144504,-0.007877194,-0.030992052,-0.33519518,0.012066886,-0.0018955423,0.18771265,-0.039930895,0.0153249055,0.011222795,0.27604255,0.059448306,-0.06916703,-0.040447585,0.41851264,-0.019924987,0.4114018,0.7315352,0.577358,-0.014598199,0.36008158,0.19776002,0.49297884,4.907822
-0.019029573,-0.4061136,0.058136974,0.28846768,-0.07602785,0.13823608,0.0021439418,0.12505515,-0.10435904,-0.3610808,0.32588816,-0.44275182,0.18528551,0.46793073,-0.1400167,0.09882463,0.8492567,0.09232637,0.013114097,0.09363961,0.06419761,-0.014635151,0.17166838,0.0014294451,0.15766294,0.17412464,0.001021414,0.08973074,0.41469178,0.0075253583,0.03367538,0.1524066,0.54500175,0.13244127,-0.04452581,0.16442046,0.16713272,-0.003510248,0.14286616,0.084974065,0.31997094,0.0092505,0.11344597,-0.067968845,-0.014808852,0.111080945,-0.042697378,-0.13972865,-0.09596997,0.060043417,0.033998534,-0.12179471,0.08784945,0.46797824,0.6203657,-0.12316197,-0.04946333,-0.074153885,-0.010181902,0.3177098,5.03299
0.067225076,0.24749884,-0.039175693,0.31241277,0.14917496,0.026172396,0.20522158,0.08724077,0.08596605,0.46536288,0.26651537,0.13515681,0.35087073,-0.16777328,0.18458632,0.27576715,1.2940284,0.060169112,0.014230896,-0.16025466,0.09482303,0.1381191,-0.06972718,-0.023217443,0.05159735,-0.12863638,0.003930341,0.007501632,0.34046403,-0.06833731,0.19871956,0.10556711,0.09026213,-0.26187503,0.1495026,-0.11138555,-0.07758217,0.007982973,0.047140576,-0.015683116,-0.3017513,0.008352669,-0.030704195,-0.1349864,-0.0007125586,0.06491651,-0.048334096,0.27625597,0.06636416,-0.02981617,0.018585706,-0.114060186,-0.02042079,0.2818667,-0.14477362,-0.10834387,0.00059715845,0.09579321,0.07084304,0.2976986,4.586933
0.011451157,-0.17822193,0.03744013,0.40982485,-0.019276502,-0.09073968,0.12999679,0.024840012,0.07197434,0.28251988,0.17643343,0.20486435,0.35696393,0.3452443,0.22032748,-0.55787086,1.1551279,0.15667158,0.01010534,0.07787853,-0.0375571,-0.041324686,0.13726553,-0.0003543645,0.15403385,0.16582656,0.003930341,0.08331081,0.2944322,-0.08156757,-0.028010756,0.13155851,-0.59721357,0.20342,0.088356845,-0.10256685,-0.034203038,-0.008370763,-0.15239753,-0.01836372,0.047407724,-0.026217507,-0.005033059,-0.08256762,0.05759351,0.08891557,0.0013857158,0.18446353,0.020553198,-0.0005312101,0.0044532977,0.30085924,-0.020258226,0.43619445,0.7421849,0.6514989,0.050945345,-0.07133964,-0.00689823,0.48505557,5.844425
0.0012899144,-0.24005216,0.024461258,0.28631857,-0.020430816,-0.09353188,0.03850823,0.07405127,0.095523536,-0.15967408,0.36110222,0.24362516,0.19866815,-0.2817923,0.120613664,0.38798517,1.1034266,0.0015059076,-0.03405201,0.02410927,0.14858562,0.2612827,0.13102455,0.0030232286,0.112473845,0.057893455,0.003930341,0.070865765,0.48059484,-0.089350045,0.18640973,0.01007954,0.429202,0.14940442,0.08107291,0.09000545,0.13785149,0.0024906017,0.122529775,0.058270246,0.21046546,0.021460459,0.077964365,-0.11318052,0.06795099,0.098300695,0.097893424,0.25333443,0.061498135,0.0951855,0.047632925,0.25748998,-0.017821543,0.45118156,0.6617672,-0.3952089,0.02886244,-0.028898714,-0.022509053,0.48573077,6.9183955
0.030253125,0.6940233,0.043307938,0.3130869,0.20306106,-0.037269697,0.035814323,0.03238698,0.26292056,-0.064049356,0.26864138,0.08829269,0.27969098,-0.4309891,-0.008239044,0.36195907,1.0652211,-0.30522195,-0.027300986,0.042848483,0.08838241,-0.24970801,-0.026270926,-0.039350882,0.12930955,0.052388176,0.0013852336,0.07693343,0.33002582,0.07020961,-0.052231256,-0.08493492,0.26852372,0.2405388,-0.027869143,0.14042838,0.155754,-0.0056642694,0.13263944,0.051972415,0.20789376,0.014292646,0.09046357,0.14141387,-0.0223695,-0.20888504,0.13786489,0.20126036,-0.08212911,-0.07986494,-0.008093389,0.27051795,0.012445096,0.43551764,0.16502622,0.53698397,0.008936336,0.3702703,0.16627756,0.37222415,6.8309455
0.030687677,0.5966267,0.005513852,0.3430874,0.19657452,-0.0011779927,0.087256685,0.07897463,0.19598213,0.038475513,0.21164633,0.06429383,0.36313412,-0.21549778,-0.031388003,0.48954841,1.2232578,-0.037955716,-0.024448715,-0.16333061,0.07664082,-0.0035623955,-0.03149097,0.051539898,0.14557049,0.04129815,0.00060508953,0.09516394,0.3048683,0.074764684,-0.05161963,-0.11792608,0.4036754,0.24052878,-0.026037473,0.13192746,0.1441068,-0.0053244065,0.07395238,0.035998635,0.23856251,0.009469638,0.064114094,0.12577139,-0.010352845,-0.20104373,0.14438032,-0.08091287,-0.09199077,-0.08789854,0.005634426,0.23009568,0.0074424157,0.44154823,-0.16165397,0.56090266,-0.022667186,0.1250041,0.15591629,0.50277716,6.9910393
0.009461856,0.6479882,0.10379973,0.32598877,0.20351906,-0.03127257,-0.09383936,-0.013065249,-0.02571869,-0.3032929,0.29357618,0.13068624,0.14527811,0.25836122,0.17802688,-0.70058095,0.5989102,0.13273996,0.032799114,0.03373047,0.0032703998,0.041790854,0.0015009698,-0.0020675464,0.13438958,0.13103189,0.00569626,-0.008840071,0.29113284,-0.09333586,0.2877466,0.086010024,0.2809727,-0.111994304,0.13039726,-0.12121169,0.055087745,0.008141113,0.029655002,-0.039382823,-0.22642067,0.012066886,-0.029698336,0.15652768,0.042129025,0.059206694,0.21522461,0.28504816,0.071789205,0.008789983,0.024811355,0.4600404,-0.015477792,0.37109074,0.06766762,0.4557978,0.06842139,0.3059733,0.017315196,0.53149694,5.9188876
-0.058626268,0.24065349,0.051211864,0.22796169,-0.06798981,0.014501166,0.15758541,-0.078547984,-0.007496627,0.48447394,0.14731634,0.15856558,0.35506228,0.32732847,0.06968704,-0.67632264,1.1750878,0.2055513,0.08129561,0.04977189,0.145181,0.35822675,0.11850078,0.17145109,0.09581973,-0.0311292,0.00060508953,0.0062207617,-0.82787544,0.2704975,-0.004472223,0.036540665,0.52938545,0.43635425,-0.018458355,0.14146009,0.072258666,-0.006461273,0.06568785,0.072893396,0.17037813,-0.090044186,-0.07839067,0.153671,0.050587438,0.0967225,-0.036422856,-0.060049046,-0.09004573,-0.034493513,-0.025560886,-0.007795317,0.112418376,0.44782278,0.5469846,0.23378192,-0.032290764,-0.06637205,-0.033874825,-0.64645547,5.1003284
-0.0011906289,-0.37607387,-0.00321698,0.30025253,-0.12255535,0.14510463,-0.1842162,-0.05349581,-0.066517174,-0.48635253,-0.0023932494,0.1975351,0.0827801,-0.3679018,0.13979976,0.5280514,0.551116,-0.028624285,0.08739993,0.053019967,0.003112387,0.06156846,0.10124104,0.012142267,0.076015115,-0.02754885,0.00569626,0.054778147,0.35413244,0.024383958,0.17684454,0.030150834,0.12965229,0.15858626,-0.015851941,0.11476428,0.11630229,-0.09843769,0.012449432,0.041886277,0.14483768,-0.02749718,0.06554594,-0.13695301,0.0031363461,0.07106783,0.18975812,0.25861198,0.09506134,-0.06911792,0.018955959,0.3399912,0.043932334,0.39073926,0.6496381,0.69923127,-0.056388818,0.24615824,0.23132655,0.5656941,5.448118
0.06899904,0.6545624,0.09534183,0.2946649,0.2559005,0.100194365,0.0027764644,0.007830668,0.061555237,0.034329347,0.28463838,0.124642625,0.3631261,-0.14776398,-0.070958346,0.4068509,1.305722,-0.07477588,0.029621357,0.10107314,0.016521528,0.39345202,0.10047082,-0.019492906,0.13532965,0.1956312,0.001021414,0.049560666,0.38031155,-0.12573381,0.16166325,0.08970511,0.47082344,0.04411894,0.13787347,-0.1748868,0.10889972,-0.050231006,0.046252478,0.0049800044,0.14540595,0.024373585,-0.006234356,0.11712752,0.023510026,0.05207461,-0.048480406,-0.12186843,0.04489941,0.07554194,0.02219033,-0.024562292,-0.026588436,0.06452684,-0.03443145,0.116325565,0.05263238,-0.07917206,-0.01080778,-0.2643229,5.986742
-0.0457606,-0.35397416,0.05674868,0.2384626,-0.071647175,0.011535795,0.19523597,0.038986042,-0.008398288,0.5167393,0.24707338,0.14258732,0.3445395,0.27999985,0.2277878,-0.6633264,1.1999198,0.10697277,0.022255084,0.07396269,0.096215546,0.09730759,0.020592045,-0.00022493256,0.12429631,0.13999194,0.003930341,-0.022771843,0.4003715,-0.11612651,0.23729227,0.11323735,0.4294639,0.068170175,0.09100063,-0.1017891,0.080310665,-0.0048550083,0.05419634,-0.02672789,0.16252291,0.008352669,0.02413582,0.12873188,-0.095283456,0.0720616,-0.023937158,0.2279657,0.077618726,0.087326765,-0.006152317,-0.06431733,-0.020258226,0.13555352,-0.11684087,-0.09144612,0.103156015,0.2909555,0.029295947,0.31489998,5.4879227
-0.0014856383,-0.12576793,-0.011920998,-0.40607417,-0.031289913,-0.01244814,0.047936,0.050766744,0.05405411,0.2414922,0.27622747,0.0952996,0.3290863,0.3622651,-0.08649232,-0.57234037,1.3274255,0.219356,0.0015781149,0.047614735,0.11243372,-0.0040029716,-0.03709759,-0.01212275,0.13211556,0.0296886,0.0013852336,0.0970155,0.32301027,0.09081217,-0.028209258,0.0015268084,0.41437355,0.24473973,-0.0019438788,0.11954791,0.10442871,-0.0057341675,0.111762494,0.057445932,0.22924915,0.014292646,0.10056612,0.19976792,-0.03975133,0.11199333,0.16814658,0.21088181,0.032102518,-0.024822785,0.03015672,0.32724872,-0.031032711,0.45587885,0.8151314,0.2832135,0.13192378,-0.1001052,-0.060926907,0.37225837,6.7826304
0.07616406,0.5490637,0.14534,0.3094211,0.25388354,0.008848854,0.19664589,-0.056503415,0.073547035,0.3711271,0.16679257,-0.027070932,0.37987623,0.42960414,-0.11061185,0.55132,1.2271663,0.09678534,0.044065587,0.0759625,0.1843314,0.28186548,0.12993869,-0.026181303,0.1302016,0.1316453,0.001021414,0.041540936,0.3520158,-0.13202035,0.1829131,0.13319184,0.49012494,0.23262711,0.15125637,0.11151036,0.153034,-5.2163377e-05,0.10457654,-0.0031236792,0.13363957,0.018937856,-0.012600248,0.038291786,0.08947457,-0.089399,-0.038971122,-0.09328261,0.057583444,0.08836121,0.005762466,-0.08093793,0.045861077,-0.1817229,-0.10749866,-0.11421363,-0.01815465,-0.093396544,-0.007072771,-1.258191,5.794316
0.00084123295,-0.22330703,0.021029148,-0.4274128,-0.006975351,-0.20065093,0.027452784,0.07910805,0.20592204,0.2843218,0.3122381,0.20479281,0.20458554,-0.23369783,0.12869816,0.12619488,1.0355351,-0.0800591,-0.027574113,0.04698827,-0.15689254,0.14830694,0.14382127,0.0020441152,0.09353058,0.07591091,0.0014251124,0.08135714,0.47334933,-0.024011131,-0.023578517,0.009690881,0.49068114,-0.045213975,-0.05531221,0.08578437,0.14611718,0.0024906017,0.09711543,0.030172767,0.17365173,0.022803843,0.08886129,-0.09062693,0.07123333,0.10430458,0.15612943,0.15566191,0.078391075,0.08010451,0.04770182,0.27508795,-0.02507754,0.4525303,0.7527274,-0.3822191,0.056828853,0.08854595,-0.021932084,0.2770964,5.4166245
-0.007499069,-0.34460348,0.07690918,0.33514053,-0.13699643,-0.137943,0.15465221,-0.0118935425,0.30724448,-0.025858706,-0.8335955,0.19945467,0.31886107,-0.3085578,0.19121166,0.3020155,1.1329664,-0.03711446,0.07649258,0.07691305,0.040483378,0.41096538,0.025309835,-0.014649691,-0.15328486,0.14747944,0.00072236126,-0.0039443597,0.3012616,0.120523125,0.19061571,0.005546229,-0.4117585,-0.30479065,0.13176292,-0.0827222,-0.07081712,0.0051007234,0.13380831,0.0027789185,-0.14133126,0.023379475,-0.06272619,0.25488418,-0.032926664,-0.05350238,0.07982847,-0.10843857,0.10318215,0.115325995,-0.036457825,0.25875205,0.040840752,0.34738547,0.41051665,0.23615974,0.22654524,-0.081368014,0.010248799,0.58640474,3.9788928
0.011716748,-0.27815244,0.09848903,0.30194083,-0.06842373,0.06433773,0.16070704,-0.042716682,-0.04258264,-0.2781266,0.046549574,0.15468103,0.3410735,0.36931342,0.118447356,-0.59371257,1.2431021,0.15210825,0.05655908,0.03254764,-0.06612271,0.31351677,0.025649048,-0.0046339445,-0.18057904,0.11825411,0.003930341,0.04406129,0.42809796,0.084026635,0.16605063,0.014921882,0.36959383,-0.26461115,0.106141746,0.06780133,0.087553665,0.0010219454,0.14943837,0.05291875,0.15275125,0.02286921,0.06360635,0.18289553,0.0076958146,0.017100424,0.099879846,0.2595295,-0.03126947,0.07897701,-0.0068602217,0.22531898,0.05020878,-0.112612635,0.6361101,0.6522931,0.10134126,-0.07514447,0.008075329,0.61679393,6.3144503
0.080782,0.14816374,0.026741691,0.3430885,0.20933753,0.14452875,-0.098711476,-0.021350041,-0.030755643,-0.24836199,-0.033234272,-0.15452327,0.32921845,0.36891758,-0.11634591,0.3196167,1.1119776,0.062101875,0.06890523,0.06239045,-0.04050783,-0.23200677,0.1661002,0.036849245,0.17955779,0.19116744,-0.003205517,0.09343429,0.3966583,0.21646824,-0.051859766,-0.09198267,-0.46938655,0.1838461,-0.026368823,0.15745582,0.12826064,-0.002987032,0.11563823,0.104133144,0.27993378,-0.019301375,0.02405914,0.29057977,0.06392731,0.0811521,-0.021294577,0.30728927,0.06961412,-0.13837534,-0.011961225,-0.013315033,-0.02243679,0.31885558,-0.64122486,-0.140443,-0.010439521,0.3421783,0.013997208,0.53026813,4.926815
-0.048267543,0.36875197,0.09436078,0.2067852,-0.08935974,0.1295925,0.1756187,-0.007979313,-0.05620797,0.10516171,0.040222567,0.17750312,0.03520833,-0.35509565,0.095724285,0.61797726,0.5864146,-0.05791001,0.09680588,0.09186439,0.08406018,0.38045007,0.13428602,-0.0009173341,0.13900584,0.1937692,0.001021414,0.07794727,0.36471435,-0.04223805,-0.003950247,0.13703798,0.39158025,0.15697163,-0.053330846,0.104342274,0.13846514,0.000151315,0.11719932,0.03514439,0.19734037,0.026887286,0.09300719,-0.07531996,0.01196259,0.067541465,0.16858076,-0.0895323,0.060856715,-0.07391773,0.022288922,0.30671507,0.034696832,0.4346073,0.534923,0.52754027,-0.02280787,0.24192542,0.16317931,0.5751056,7.768461
-0.06105029,-0.18479604,-0.1178765,0.31899676,-0.06460872,-0.12328185,0.05235473,0.01769906,0.1875805,0.4053873,0.10676114,0.23533705,0.36268866,-0.22622867,0.23692459,0.49900985,1.2324154,0.05417272,-0.015432898,0.0918084,0.04075686,0.3261898,0.10568041,-0.01694359,0.112343736,0.18627869,0.0012740669,0.012757741,0.44198537,-0.100421205,0.21183161,0.09141806,0.53694475,0.24547748,0.15690832,0.035676986,0.12722512,-0.0049857916,0.04525695,0.0011826241,0.2514571,0.017829789,0.03289334,0.14019606,0.048574023,0.050596707,-0.041576482,-0.14171597,0.09436588,0.07513809,0.0051951637,-0.047576156,-0.029886652,0.074133895,-0.05587577,0.0074405465,0.07787168,-0.08493368,0.043549888,0.3120539,6.39443
0.087600015,0.8720622,-0.09914242,0.41615176,0.27062604,-0.06519118,0.008228365,0.024823423,-0.009447655,-0.15598771,0.33726284,0.07797496,0.35331297,-0.16232422,-0.055117067,0.61345243,1.1657119,-0.04339154,0.08420672,-0.16894667,-0.031734273,-0.060732793,0.16445063,-0.012450236,-0.21500573,-0.030120794,-0.009095056,-0.012239912,0.38551462,0.04668409,0.1983663,-0.073729694,-0.31288728,-0.34043074,0.059160993,0.1303702,0.09881882,0.0051932246,0.15333411,0.06527937,0.25996488,-0.022912795,0.0074518593,0.35189602,-0.05129577,0.026460992,-0.05461586,0.28072783,-0.048763484,0.093175866,0.0044901185,-0.06583582,-0.022648597,0.3714893,-0.0819871,-0.011518235,-0.00021557976,0.09618741,0.0074739745,0.59539163,5.495528
-0.015563111,0.6681581,0.03579821,0.21878435,0.0068405345,0.07334384,0.02999589,0.035868175,0.082181446,-0.2525434,0.39214912,0.22414266,0.2974576,-0.2115893,0.16282496,0.049594667,1.2007596,0.055690926,-0.050176598,0.08242408,0.013266106,0.3473734,0.16941881,0.0020334693,0.11314963,0.16369146,0.00569626,0.02148661,0.43217495,-0.07471555,0.17730893,0.121224135,0.6076361,0.25087854,0.117102474,0.082553044,0.1187906,0.0005423217,0.032953985,0.015749969,0.18752612,0.021460459,0.04063363,-0.082463294,0.06387679,0.048546806,-0.04056336,0.24890094,0.06047365,-0.032586157,0.030481098,-0.0033327509,-0.021640856,0.31546652,0.29915282,-0.1459428,0.0046658255,-0.033808798,-0.0051199794,0.28347197,7.0436563
-0.058626268,0.31587648,0.05950094,0.21550116,-0.07041219,0.0052487003,0.11093601,-0.12905604,-0.0076630544,0.50200605,0.13556263,0.16240804,0.37318322,0.46905294,0.07117046,-0.38424477,1.1781582,0.17987576,0.08129561,0.05351901,0.18257016,0.3662968,0.11390155,0.13170606,0.10757621,-0.04483881,0.00060508953,0.14261892,-0.8183377,0.27466208,-0.004472223,0.02179699,0.5889421,0.41788685,-0.017301861,0.14146009,0.1050403,-0.004121986,0.05407867,0.08249383,0.15578645,-0.02527142,0.09267987,0.17208116,0.051238842,0.09090081,-0.036422856,-0.059823863,-0.08726447,-0.041019376,0.032883346,-0.0063158497,0.07420724,0.4755458,0.67339414,-0.09086801,-0.03685426,-0.06637205,-0.03440206,-0.7477675,5.6921926
-0.008960661,-0.17194098,0.0030481312,0.40531042,0.02680479,0.19017147,0.11521786,0.084393255,-0.060161404,0.9884956,0.21493717,-0.1146342,-0.46232334,0.41770443,-0.09372752,0.18592304,-0.5432405,0.24907908,0.0743087,0.07914394,0.20868604,0.5799301,0.12595095,0.089134395,0.1650375,0.0064488836,0.00060508953,0.08604187,0.36227387,-0.0015469296,0.018721318,-0.013875553,0.6223484,0.32360628,-0.0012528338,0.14763086,0.14211614,8.909032e-05,0.049930483,0.059810784,0.19578834,0.021268342,0.0707291,-0.08241589,0.111787505,0.03022856,-0.045501504,-0.08752728,0.06560243,0.017730165,0.011314098,-0.08256941,-0.023957986,0.181164,-0.08648864,-0.13158745,0.014417337,-0.075540155,-0.017577326,0.331114,4.9692144
0.059022326,0.069715224,-0.005182123,0.28316602,0.0854442,0.1202958,0.046698205,-0.03784341,0.047984038,0.4719908,0.17521109,0.02965004,0.2895147,0.45538488,-0.044037804,0.47550505,1.19086,0.06571704,-0.00096981414,-0.08747598,0.11647021,0.13925625,-0.109270334,-0.02720034,0.16327675,-0.16714919,0.003930341,0.009642452,0.30878088,-0.07035023,0.20849903,0.092494786,0.17539299,-0.25144497,0.19682065,-0.118926,-0.25876307,0.027510375,0.048406802,-0.0056526577,-0.23016433,0.008856918,-0.034929197,-0.13943626,-0.022672474,0.022673625,-0.045556422,0.3225227,0.10859912,-0.0631159,-0.001058836,0.29590654,-0.02202668,0.3779097,-0.51878685,-0.07443998,-0.09329571,0.2844588,0.045504518,0.38034979,4.773674
0.011281529,-0.117019676,-0.010913001,-0.51594746,0.018852884,-0.020972483,0.19847244,0.06387961,0.029100098,0.38340247,0.2406737,0.115791224,0.3567374,0.32786924,0.12594976,-0.6446012,1.2841824,0.2252948,0.023695117,0.053719454,-0.07449314,0.009205116,-0.03271404,0.031084962,0.14841959,0.02145499,0.00060508953,-0.029508416,0.3693166,0.22125727,-0.03156629,0.009120241,0.7113877,0.30302522,-0.06572914,0.13903774,0.14628729,-0.0054155877,0.08647111,0.052951332,0.2876033,0.0057094414,0.06962933,0.16612259,0.14363223,0.10514319,-0.033981066,-0.0936726,0.06658612,0.046815585,-0.017000206,-0.016993605,0.13232283,0.30050784,-0.08350098,0.3771665,-0.02947621,-0.0690797,-0.024251372,0.23552148,5.728451
0.013758469,-0.12673095,0.0036595482,0.23998795,-0.081783555,-0.049701393,0.20097148,0.08218645,0.042928167,0.44188082,0.29710352,0.17125258,0.38323566,0.21440326,0.20040599,-0.7041836,1.278267,0.13640049,0.042074114,0.05236408,0.09503059,-0.045486357,-0.027291462,0.0036811237,0.13227966,0.0009964723,0.00060508953,0.0733217,0.35847804,0.11174327,-0.039943498,0.012391706,0.6639567,0.3404468,-0.0063153654,0.104520455,0.14867091,0.001719044,0.10253865,0.049394477,0.268047,0.008352669,0.08115828,0.15516278,0.079923466,0.10754126,-0.017283393,-0.12048265,0.074735075,0.09069047,-0.017026875,-0.08236434,0.072330765,0.1899813,-0.13020945,0.20818228,0.079927295,-0.10595851,-0.027632102,0.13110286,5.9653974
0.059741635,0.75561416,0.06847198,0.24135679,0.28587034,-0.18012868,0.0005615745,0.11342997,0.35439256,-0.2751437,0.29578012,0.20171933,0.19074637,-0.32771698,0.09153527,0.36832595,0.8841251,-0.10568942,0.017511237,0.046846014,0.040500037,-0.12180616,-0.0109122405,-0.0041710474,0.014648618,0.15100259,0.0014251124,0.05729462,0.29267278,-0.08921024,-0.0011436478,0.10815877,-0.43784904,-0.008305905,-0.07040108,-0.14039159,0.17887987,0.010979972,-0.042494096,-0.016205413,0.123902515,0.014292646,0.027801149,0.19479132,-0.032773092,0.070048556,-0.037762508,0.24157244,0.06819758,-0.068100825,-0.009150671,0.032163188,-0.019924987,0.42635974,0.79327554,0.036053404,0.018040156,0.37785506,0.2223639,-0.9398672,4.5391593
0.08066932,-0.16916549,-0.03954152,0.41425332,0.059306238,0.017329674,0.0031418279,0.008239891,0.083106264,0.24811128,0.04726398,0.02525501,0.32188278,0.47989658,-0.049542524,0.5563308,1.231992,0.060930934,0.058252394,-0.17012425,-0.08253523,-0.016822007,0.18937695,-0.010282379,-0.18629633,-0.022609329,-0.009095056,-0.033842638,0.26084146,0.05716131,0.22734274,-0.028343588,-0.39702734,-0.23733345,0.09780298,0.14416316,0.13431819,0.0022058696,0.15236852,0.04908117,0.19963355,0.009469638,0.008286897,0.25607473,-0.016875861,0.07275249,-0.020184658,0.26143652,0.10760329,-0.10013801,0.03473741,0.09897482,-0.026711186,0.36595702,-0.7066644,-0.10376326,-0.046936743,0.30215138,0.06143737,0.46425632,4.77956
-0.00024432316,-0.2209169,0.027590096,-0.39533103,-0.03253127,-0.20073536,0.020704316,0.053354573,0.20570074,0.2843218,0.3122381,0.20479281,0.20458554,-0.26715168,0.12366497,0.11764553,0.9561447,-0.08500974,-0.06164726,0.08522457,-0.15616283,0.23483357,0.14703766,0.0020441152,0.09353058,0.07677518,0.0014251124,0.08135714,0.434656,-0.025589943,-0.020823184,0.009690881,0.4394966,-0.029288365,-0.05531221,0.08578437,0.14611718,0.0024906017,0.13617292,0.028320773,0.18006158,0.022803843,0.08886129,-0.09220575,0.070184566,0.10430458,0.16600797,0.19176573,0.07601933,0.037287865,0.018648373,0.27508795,-0.025552627,0.46082455,0.7847267,-0.2294883,0.05529832,0.08854595,-0.02452131,0.28700763,5.500624
0.004673209,-0.4264543,0.016096255,0.3094448,-0.083128296,-0.16436814,0.18664584,0.028262109,0.3346513,0.038013645,-0.966927,0.18106438,0.3198182,-0.24056306,0.19760299,0.31511706,1.1676204,-0.0034368457,0.1213705,0.08756624,0.028427677,0.37359068,0.107672304,-0.014649691,-0.20024343,0.12912717,0.0006166729,-0.0022374466,0.27348793,0.120523125,0.17400658,0.004903309,0.42781362,-0.2963567,0.17507215,-0.12898746,-0.18169443,0.0061464086,0.1382697,-0.017919425,-0.18126425,0.023379475,-0.038181145,0.113459066,-0.013344467,0.036165193,0.07997363,-0.08273982,0.056432165,0.11790945,-0.072363034,0.27176628,0.036535747,0.361913,0.21533586,0.15778919,0.22654524,-0.07159753,0.018804397,0.53833455,4.3354907
-0.010012807,-0.24620871,0.0769007,0.3079818,-0.06560304,0.074966185,-0.0058229566,0.0455856,-0.031853415,-0.21339685,0.32261303,0.11161628,0.33224055,0.36572707,-0.023061858,-0.5931462,1.2480152,0.12872297,0.057938628,0.06585112,-0.08229204,0.453585,-0.061291736,-0.0031747958,-0.19028564,0.11860806,0.003930341,-0.0104206875,0.36618713,0.07709538,-0.05627582,-0.06818504,-0.27642283,-0.12407213,-0.020467956,0.12248783,0.093096696,-0.0001832638,0.1532909,0.084122345,0.2284628,0.027391534,0.09858376,0.2071802,-0.012347063,0.02015286,0.12819533,0.27729845,0.076316185,0.06778514,0.00846968,0.2465349,0.013437177,0.10337676,0.77209806,0.73948884,0.099884555,-0.09607902,0.021276314,0.6323037,6.188195
0.08344758,0.46609986,0.010963375,0.35133222,0.32894722,0.09469748,0.20056137,-0.0176113,0.05820605,0.39099,0.18333597,0.098072216,0.25890702,-0.3092018,-0.037233092,0.6793022,0.77820635,-0.1447776,0.030586896,0.09331293,0.10646175,-0.09384479,0.08269309,-0.009717692,0.07948588,0.18883428,0.003930341,0.06367091,0.30376905,-0.10248411,-0.016734317,0.1263124,-0.3887369,0.11581938,-0.11076252,-0.14312057,0.1578401,0.02646469,-0.0530291,-0.01525631,-0.19776346,-0.026217507,0.017615365,0.20200098,-0.07676059,0.014514072,-0.04782193,0.22951464,0.071638025,-0.025713274,-0.010045402,-0.10060377,-0.019456357,0.39742666,0.40347764,0.002991734,0.009948818,0.3922051,0.000632328,0.11664575,5.2739697
-0.019029573,-0.40332645,0.0597295,0.2763926,-0.035725564,0.1202126,-0.16327174,0.09569303,-0.10199946,-0.3049361,0.35444418,-0.48247224,0.20633733,0.4720341,-0.14094517,0.19517937,0.8968535,0.12965512,-0.011165697,0.09549557,0.045366786,-0.016428297,-0.08144557,-0.010408843,0.1437758,0.16244335,0.0013852336,0.10789384,0.40680227,0.036184452,-0.005929732,0.13086274,0.5080514,0.18013138,-0.0429399,0.14771746,0.1298595,-0.003510248,0.14286616,0.084974065,0.29076433,0.0092505,0.11344597,0.17947437,-0.011827165,0.09335859,-0.019564647,0.29728815,-0.03755027,0.021701645,0.012438861,0.067925826,0.09061613,0.43355834,0.6671548,0.050875872,-0.031124964,-0.07151956,0.011862796,0.26147,5.7364063
0.05645008,0.58416235,0.09415376,0.35459766,-0.044209212,-0.004530126,0.16037841,-0.032842644,0.024933299,-0.3240627,-0.019531209,0.07925169,0.29062665,-0.27739787,-0.028964018,0.7220369,0.93339944,-0.21104592,-0.08421917,0.035554845,-0.037518933,0.31311262,-0.003656689,-0.017739803,0.11838615,0.013487278,0.00060508953,0.09851208,-0.26732558,0.0833095,-0.019841146,-0.0066110846,0.31360123,0.18794587,-0.036659442,0.120627075,0.13207808,0.00093379477,0.12952173,0.027186602,0.20177248,0.014453771,0.02162281,0.20065582,0.009134264,0.06415827,-0.05032427,-0.12383199,0.06526426,0.017855072,-0.0021648724,-0.12520891,0.035669316,0.05925045,-0.12086877,0.32505947,-0.015956335,-0.12800466,-0.013921592,0.45836198,4.351673
-0.0024592467,-0.171937,0.016523635,0.4068797,0.014890656,0.09553713,0.11002163,0.06816802,-0.07123821,0.620838,-0.01226137,0.04229001,-0.29707345,0.439395,0.18502931,0.18101698,0.6549866,0.23901086,0.077508055,0.07938303,0.21698113,0.6200602,0.18375999,0.009162029,0.15261047,0.015291855,0.001021414,0.08708882,0.45637757,-0.0025931625,0.007555088,0.018827602,0.65827084,0.31936756,-0.0017450042,0.101120174,0.15504898,0.0066997614,0.14033234,0.059810784,0.25985876,0.022064278,0.079207614,-0.08241589,0.112695925,0.04002805,-0.04519109,-0.12198108,0.06670299,0.028364267,0.0046484773,-0.0807765,-0.023957986,0.19616443,-0.0784055,-0.13953978,0.019948272,-0.060924057,-0.013539187,0.3861901,6.4507003
-0.004304521,-0.13275595,0.04052721,0.35796514,-0.09138822,-0.022474192,0.22533204,0.029437019,0.0007508481,0.38777608,0.21525174,0.054114178,0.21295546,0.44118232,0.16704221,0.27936324,0.9759544,0.24002999,-0.011148455,0.07998501,0.20929654,0.21024266,-0.060593028,-0.011131618,0.1358249,0.042920105,0.00569626,0.0808312,0.47262716,0.07752695,0.029722149,0.033938963,0.6466382,0.28580296,-0.0029071532,0.09593429,0.11552119,0.0055128234,0.119130865,0.03235962,0.26642215,0.012296275,0.09662573,0.1977164,-0.023005698,0.09080911,-0.023481194,0.25607327,0.0760909,-0.0065849647,-0.0022042724,0.14163296,-0.020145273,0.46227834,0.4678121,-0.02053395,0.1263183,-0.056793816,-0.057337623,0.27574173,8.23022
0.008539333,0.29200736,0.07324846,0.38702187,0.018064156,-0.054141816,0.049274318,0.018032815,0.06919308,0.4431608,0.090087585,0.22504444,0.41489384,-0.37006888,0.19292335,0.3682952,1.2999091,0.017261393,0.0010225046,0.07938946,0.11736455,0.0899318,-0.02126787,0.00456124,0.17892294,0.17456101,0.0012740669,0.030147158,0.43732253,-0.078049436,0.18815748,0.14479668,0.4218417,0.19932424,0.13547847,-0.11479824,0.16434115,-0.0049857916,0.04330972,-0.004715304,0.19081944,0.009469638,0.027579967,-0.084904775,0.10976298,0.04763639,-0.05124309,-0.106894016,0.06232234,0.023340143,0.031946182,-0.10637199,-0.029886652,0.15805948,-0.13076259,-0.10127756,0.0027596625,-0.10121628,-0.012515456,0.32460773,5.993908
-0.062317967,-0.12490075,0.022381779,0.27544102,-0.06452919,0.09981918,0.29819974,0.08010469,-0.09521908,0.6839441,0.28784412,0.06515809,0.32529196,0.4278526,-0.07157167,0.20914245,1.3763305,0.1184614,-0.0069781467,0.06617933,0.21208991,0.5394049,0.19784087,-0.002080826,0.1523142,0.040872276,0.001021414,0.07285216,0.4840815,0.015643656,-0.0184671,0.014178041,0.66775507,0.20450929,-0.017765593,0.1535561,0.1718239,-5.2163377e-05,0.11908141,0.05065382,0.31476417,0.022064278,0.10602626,-0.0914657,0.11160442,0.054325555,-0.041482087,-0.098951705,0.062480807,0.018877268,0.0046484773,-0.091404796,-0.03129398,0.1935508,-0.08622565,-0.09807926,-0.0026473384,-0.07034302,-0.005830119,0.40450084,7.645066
-0.010339685,-0.16469993,0.006817991,0.43580887,-0.09103342,0.19057505,0.108872324,0.076997645,-0.06160343,0.801347,0.22720873,0.04417269,0.1839834,0.44093215,-0.13237265,0.18843958,0.7917282,0.24646401,0.06561561,0.0820204,0.21690165,0.612888,0.19519493,0.06924218,0.15437011,-0.020919371,0.00060508953,0.09083918,0.3986776,-0.0022389954,0.01679047,-0.013875553,0.66094804,0.32685354,-0.0062861145,0.14763086,0.13801517,-5.2163377e-05,0.08190048,0.05140585,0.26129398,0.022064278,0.06822729,-0.08241589,0.11489572,0.043519035,-0.040678915,-0.09306868,0.06784114,0.017730165,0.0047910935,-0.08368367,-0.024967516,0.22789347,-0.10197333,-0.115731336,0.020859422,-0.06490511,-0.013539187,0.37770146,7.155678
0.048210625,0.77360696,0.03575499,0.32825142,0.23592632,-0.21169926,0.015748942,0.033411317,0.15732864,-0.20627633,0.33010122,0.20837969,0.16734923,-0.39095423,0.099352024,0.34371662,0.9796181,-0.30893666,0.035914615,0.08808057,0.109230176,-0.029577635,0.0035137478,-0.0008030401,0.10506524,0.16178145,0.0014251124,0.07078487,0.38403314,-0.09141631,-0.008797476,-0.010001577,0.31138363,0.01264639,-0.05734974,0.085927136,0.1858313,0.0024451392,0.12977432,0.0441797,0.24674527,0.014292646,0.08808635,0.123254284,-0.0076879924,0.019287307,-0.03929568,0.21762742,0.07887623,-0.08864944,-0.0054240245,0.03427159,-0.019924987,0.4707425,0.66436744,-0.015372314,-0.01333979,0.36066362,0.19961765,0.16475095,6.665849
-0.07150018,-0.14522234,0.008351851,0.29065722,-0.084568225,0.15769224,0.09706897,0.0767234,-0.06160343,0.655673,0.28224114,0.07926369,0.31839344,0.53916866,-0.06297772,0.22801396,0.9742064,0.20871137,-0.018058196,0.072579786,0.21772407,0.5352081,0.17939326,0.016962247,0.1555884,-0.008678444,0.001021414,0.08265625,0.43955982,-0.0022389954,-0.006901648,-0.019168036,0.65842706,0.2742595,-0.016739096,0.13921244,0.16265012,-5.2163377e-05,0.11961421,0.05065382,0.25333336,0.022064278,0.068012215,-0.08640577,0.11415431,0.043519035,-0.041482087,-0.11221414,0.06784114,0.017730165,0.0046484773,-0.08360528,-0.026915291,0.21737763,-0.09180308,-0.10856936,0.0014418373,-0.059841912,-0.014725474,0.37522984,7.083757
0.00038279733,-0.24970949,0.10933572,0.3276463,-0.07531479,0.09306513,0.095961004,0.065790735,-0.006524738,-0.22953254,0.05916247,0.17402035,0.32069287,0.34467775,0.17981571,-0.25097865,1.2128131,0.10524803,0.07618808,-0.16396996,-0.0697652,0.40045846,-0.03267446,-0.0008829874,-0.14614373,-0.055024393,0.003930341,0.037845954,0.3164571,0.084026635,0.24905464,-0.06818504,-0.38578492,-0.23788948,0.18765494,-0.09067239,-0.12757175,0.005981194,0.13600573,-0.042248394,-0.4046304,0.013066974,-0.050964158,0.22130033,-0.012972996,0.039749622,0.20712471,0.27807528,0.09858794,0.090898626,-0.0002773949,0.42421547,0.032848578,-0.01967241,0.57403857,0.74697405,0.1943035,-0.06351386,0.031106997,0.57888,5.3324814
-0.0038558394,-0.2895562,0.012607383,0.28567085,-0.030362522,-0.07293217,0.27824724,-0.032168828,-0.019291544,0.33537322,-1.1521864,0.10931349,0.21964957,0.43496627,0.17365377,0.18120793,0.91387707,0.19615974,-0.036063828,0.08799581,0.054454107,0.46973357,0.039583176,-0.0088055935,0.1400209,0.1902474,0.00569626,0.03583399,0.44575477,-0.12057992,0.14883578,0.13730216,0.6299752,0.28304622,0.108041614,0.09204313,0.13507153,0.0065585077,0.06812256,-0.02987027,0.22898261,0.015520481,0.08974437,0.05513576,0.033927254,0.049843375,-0.031138469,0.2055974,0.0877526,0.026847204,0.01915248,-0.072848655,-0.020258226,0.29765686,-0.13116494,-0.03012184,0.047851406,-0.05428731,0.041456055,0.34334373,5.6263623
-0.060838994,-0.17172334,0.09996751,0.19644108,-0.04336115,0.13897303,0.008782554,0.01678206,-0.012515447,-0.26543728,0.3229394,0.026247144,0.30872697,0.47655126,-0.103196256,0.10802904,1.17503,0.07877398,-0.04474605,0.080610886,-0.0034547541,0.33847988,0.092918634,-0.00078316126,-0.20165269,0.104997985,0.003930341,0.03453169,0.30380112,-0.12398086,0.24831027,-0.003336208,0.42643645,-0.11345083,0.21068561,-0.14474225,-0.27965537,0.0091371,0.148292,-0.10786428,-0.43812105,0.024373585,-0.039429393,0.15382667,0.01795905,0.0024480857,0.017606668,0.3295024,0.007839682,0.06834571,0.004701967,0.3204965,0.03266747,-0.08727054,0.31497777,0.4084152,0.18771389,-0.07591817,0.011791365,0.46772188,5.008286
0.08066932,-0.15747157,-0.03474253,0.4227452,0.060998533,0.120249026,0.0040694997,0.044335786,0.028440138,0.34926718,0.051518492,0.06870083,0.3219892,0.48622707,-0.07083378,0.62417126,1.2184753,0.06580387,0.059618257,-0.17012425,0.09879332,-0.012818827,0.19731379,-0.010282379,-0.18629633,-0.0988642,-0.009095056,-0.056392223,0.28332624,0.0426398,0.21781684,0.009303841,-0.45557582,-0.25239253,0.09780298,0.123930916,0.13733344,0.0022058696,0.15236852,0.04908117,0.19930747,0.009469638,0.012335852,0.24627951,-0.0153479185,0.07275249,-0.01907529,0.26143652,0.0689892,-0.10013801,0.021188708,0.16995162,-0.026711186,0.35472426,-0.68170446,-0.093379766,-0.04257129,0.2923432,0.032913633,0.47479457,5.141865
0.001288469,-0.3351479,0.06874313,0.29094955,-0.06870591,0.10852598,-0.14842896,0.07410648,-0.009410208,-0.36116603,0.3769867,0.2512683,0.22412525,-0.21140705,0.17699471,-0.1899175,1.1496443,-0.07011778,-0.01046066,0.034126423,0.13627128,0.27126163,0.16542932,0.0004630573,0.096948534,0.027365912,0.003930341,0.037456203,0.4374304,-0.09657706,0.2278788,0.13988408,0.54526764,0.1704563,0.11619748,0.10795909,0.14833723,0.003012646,0.10765979,0.0053667286,0.19993086,0.021460459,0.03355476,-0.07951741,0.060004808,0.06727998,-0.037097707,0.19555883,0.056311026,0.08971204,0.041548483,0.061183684,-0.020527847,0.43127483,0.72076637,-0.3180991,0.040664658,-0.035198092,0.21574028,0.29301262,6.04156
0.0048244167,-0.31226522,0.09492728,0.3561945,-0.08318529,-0.07635854,0.13681017,0.022331016,0.024213146,-0.24588689,-0.32372907,0.117339835,0.3174325,-0.119154386,0.13389711,0.44200262,1.1638986,-0.040348064,0.07540438,0.0038703447,-0.077347256,0.4051025,0.047522657,-0.0045170025,-0.17043632,-0.13287017,0.003930341,0.005129548,0.32237095,0.108826265,0.24793316,0.0066729425,-0.37161362,-0.2788499,0.16777816,-0.10119384,-0.12409488,0.005981194,0.14975768,-0.021526828,-0.38462937,0.007216979,-0.053815085,0.29697937,-0.012972996,-0.023250394,0.21557243,0.2829817,0.13800412,0.12669802,0.0062344978,0.4027927,0.037804425,0.12493841,0.5512526,0.4902919,0.19800724,-0.09304874,0.021801235,0.5772016,4.7908354
0.001770095,-0.31230053,0.018245023,0.23567517,-0.05245004,0.0837129,-0.14722948,0.022007942,-0.00073180906,-0.28624034,0.38291284,0.22639605,0.30276024,0.09562647,0.17051391,-0.33832273,1.2525339,-0.014794543,0.053607088,0.037338562,0.12563084,0.3346216,-0.06535421,-0.008885145,0.13797782,-0.028041948,0.003930341,0.07915096,0.45153224,-0.04020925,-0.03041226,0.019430093,0.56658643,0.2304644,-0.05869762,0.13493706,0.11282853,0.003012646,0.109855086,0.062327087,0.26921302,0.028004255,0.09010436,0.16964093,0.020410664,0.09046824,-0.040075384,0.26755923,0.06509228,0.056695454,0.005659187,0.13809174,-0.020916514,0.47516072,0.7680996,-0.15995462,0.09535642,-0.039917123,0.17994191,0.3078148,6.638165
0.0852781,0.24583125,-0.005559707,0.29465684,0.13093686,-0.021652823,0.17127042,-0.0134649,0.05743073,0.48293492,0.24054779,0.10630308,0.32883093,-0.1565387,-0.022676837,0.27807212,1.2534505,-0.05956778,0.014230896,-0.12064308,0.12036394,0.13176051,-0.0858975,-0.02720034,0.031910963,-0.1283556,0.003930341,0.015014634,0.317162,-0.06833731,0.20849903,0.092494786,0.13964249,-0.24574,0.17769164,-0.15603147,-0.089872375,0.014752183,0.046327196,-0.015683116,-0.22842892,0.008856918,-0.034672644,-0.1349864,-0.01227192,0.06491651,-0.046544444,0.2817917,0.10749684,-0.09428869,0.018585706,0.14185892,-0.02497554,0.32591775,-0.4695036,-0.096697256,-0.13920876,0.29624614,0.07054059,0.29113612,4.097872
0.026393648,0.6197223,0.07206352,0.3717678,0.22558288,0.023106521,-0.07143492,-0.029981066,0.03328325,-0.2260468,0.335461,0.12836133,0.15125328,0.32155684,0.20249705,-0.4187135,0.6773053,0.06321955,0.07276599,-0.1428927,0.08215055,0.0042941747,0.14464566,-0.0078015523,-0.16228281,-0.036283,0.00569626,-0.011580475,0.29669374,0.066549696,0.23849292,0.024472218,-0.24682203,-0.23282044,0.05383057,0.09382751,0.08367102,0.0011871597,0.15143351,0.07736505,0.19100267,0.012066886,-0.03547752,0.17550935,0.073936105,0.05312322,0.017771207,0.2640822,0.044093624,-0.0066361567,0.034132905,0.32519218,-0.0227908,0.3903001,-0.046112318,0.56546026,-0.033784002,0.3084784,0.015347423,0.57705665,5.9647436
-0.04884592,0.5133276,-0.16606963,0.18705626,-0.018368812,0.026530035,0.013772504,0.1589979,-0.09238523,0.13603468,0.3680007,0.06654067,0.31801173,0.49250218,-0.051429193,0.40462717,1.2051206,0.091609925,0.050561495,0.06603312,0.19041516,0.35126162,0.14142676,0.005480367,0.16213727,-0.020300386,0.001021414,0.14507131,0.3347003,-0.0050074486,-0.0008886042,-0.0079930965,0.6262467,0.38480335,-0.040757753,0.16927882,0.19385253,-0.003510248,0.11333987,0.055190343,0.19250274,0.028004255,0.07235294,-0.097264364,0.009459341,0.07715339,-0.036022715,-0.10474058,-0.10873688,-0.05285076,-0.050994836,-0.10498598,0.0663068,0.4078772,0.6128947,-0.1274965,-0.014242584,-0.07391626,-0.006060778,-1.0474765,6.1591587
0.032397248,-0.12679178,0.0071807615,0.37784308,0.012606805,0.18982261,0.2302512,-0.028815962,0.0053590164,0.5681293,0.2629533,0.08894688,0.31999964,0.3660619,-0.038313612,-0.278939,1.2315222,0.16191718,-0.034517556,-0.079213776,0.14117676,0.12817855,-0.08807749,-0.011903221,0.1271688,-0.027681725,0.003930341,0.045436792,0.29932857,-0.053591076,0.36540458,0.08294837,0.15617907,-0.21646516,0.19391613,-0.12921599,-0.08783405,0.027510375,0.050168432,-0.019129762,-0.33465278,0.008856918,-0.054700952,0.19032215,0.13748604,0.03364291,-0.029371314,0.25441977,0.09618158,-0.03440725,-0.008174233,-0.13712844,-0.022353731,0.31344035,-0.40145028,-0.080618545,-0.07189177,0.2569344,0.044712886,0.32552454,4.7426195
0.0005370518,-0.39120963,0.019667033,0.31344777,-0.06386911,-0.03987235,-0.18144043,0.063895576,0.015771003,-0.3713217,0.30710182,0.21896479,0.24517803,-0.275635,0.17892946,0.49846494,1.0625701,-0.02319236,-0.008247888,0.04691415,0.13584368,0.2611437,0.16823104,0.0004630573,0.13088433,0.1404228,0.003930341,0.03485905,0.44206086,-0.096122354,0.23502724,0.13982877,0.4970807,0.20636488,0.1200481,0.06442977,0.09782191,0.004058331,0.109109886,-0.03362474,0.21225622,0.028004255,-0.050240934,-0.09719342,0.056622617,0.03626878,-0.011253574,0.21554972,0.0117389355,0.12471736,0.04880333,0.10551569,-0.020527847,0.45666564,0.041459303,-0.36883974,0.040664658,-0.034273766,-0.0134624485,0.48124146,5.5422306
-0.05508106,0.4999796,-0.04522666,0.19822945,-0.08854806,0.07759072,0.058771096,-0.024082772,0.03092437,0.3227909,-0.164698,0.16104631,0.20029627,-0.29180926,0.10298067,0.6097054,0.7831111,-0.14845732,0.010498915,0.078376606,0.07207884,0.0047384547,0.084041,0.007464692,0.156714,0.17624788,0.001021414,0.06632863,0.3706277,-0.062404964,-0.016469667,0.11618979,-0.31534523,0.15838523,-0.051185146,0.054382198,0.16023101,0.000151315,0.11892854,0.03514439,0.21426414,0.0131756775,0.086365014,-0.07343722,0.076078005,0.072603896,0.19127336,-0.16642176,0.074555814,-0.04562391,0.0012522824,0.26748234,-0.022096328,0.3078218,0.5325431,0.62712246,-0.008352711,0.3305071,0.17632219,0.45783654,6.5669403
0.059741635,0.7291299,0.122290805,0.34745216,0.24939401,-0.23998897,0.009386737,0.06433485,0.16956961,-0.17746052,0.32271257,0.12923588,0.23154478,-0.3408818,-0.01642754,0.27469516,0.9405523,-0.19582476,-0.018440658,-0.16803356,0.056687094,-0.15171556,0.113242,-0.009135125,-0.13387856,-0.019036852,-0.003297801,0.067692794,0.33178005,0.05023677,-0.018048985,-0.02427512,-0.42013454,-0.11326269,-0.05734974,0.16259284,0.17001861,0.0005049014,0.13544458,0.046087667,0.27823433,0.014292646,0.008032853,0.16439205,-0.055633437,0.043103516,-0.027395422,0.2304786,0.032751676,-0.10454361,-0.0028616935,-0.12006255,-0.019924987,0.43461964,0.63474554,-0.024680015,0.0113154,0.36995217,0.18972847,0.48902526,5.2227054
0.045807496,0.59236753,0.0477249,0.38920695,0.19228566,-0.03531639,0.1710902,-0.013753621,0.0135023445,0.48075208,0.22083257,0.13831173,0.40060154,-0.17075002,0.14292552,0.37554348,1.3079133,0.037426345,-0.0385092,0.040428992,0.13907361,0.1221675,-0.0091602765,-0.011329837,0.09299178,0.15852217,0.001021414,0.0058426335,0.38794813,-0.09041063,0.2748999,0.11709252,0.40050402,-0.13111748,0.15049823,-0.0948453,-0.054443017,0.009977678,0.055184066,-0.01525631,-0.31763768,0.008856918,-0.04228762,0.113412306,0.09339389,0.03079646,-0.043825895,-0.110336244,0.1165657,0.06736392,0.01457412,-0.117573634,-0.023832005,0.1317342,-0.06505069,0.028236872,0.069153905,-0.09637987,0.025369633,0.2718272,6.0019135
-0.020372596,-0.41414943,0.07018545,0.3217542,-0.046496596,0.16027889,-0.16243453,0.12298868,-0.088836886,-0.4892843,0.33952868,-0.49395877,0.28628257,0.40924516,-0.13450915,0.08865761,0.9850691,0.0537318,-0.0056476565,0.0809841,0.08406577,-0.023187727,0.15220119,0.0030605763,0.17236672,0.17113759,0.003930341,0.07767357,0.3915227,0.03546349,0.033742025,0.13086274,0.39124268,0.10510589,-0.044565648,0.15504332,0.14515094,-0.005975343,0.059344824,0.084974065,0.30733928,0.0092505,0.09655474,0.1535197,-0.026061457,0.091913044,-0.03766324,0.31398493,-0.095027946,0.0730449,0.023513239,-0.059639044,0.09061613,0.43596214,0.61668694,-0.14323159,-0.0040281517,0.25479376,0.01575352,0.41246715,5.7159247
0.0020510321,-0.30228832,0.09857474,0.30172905,-0.056334324,0.13370883,-0.076908424,-0.009194158,0.017132984,-0.33173463,0.34301874,0.23599747,0.04450682,-0.22550415,0.15451638,-0.14609343,1.1055435,-0.062594056,0.058045227,0.01853434,0.02165252,0.32501677,0.13295501,0.00025246292,0.12728041,0.17152682,0.003930341,0.02905748,0.37667897,-0.08534701,0.19137298,0.121025585,0.4369057,0.18504335,0.094692685,0.068875514,0.09454542,-0.0012942425,0.04808065,-0.038525186,0.15546378,0.028004255,0.009243744,-0.060271744,0.065633565,0.046834443,0.13589102,0.25449914,0.068160586,0.07322103,0.013884433,0.31663543,-0.017508427,0.48676696,0.6907148,0.53656703,0.014986831,0.0981255,0.21697062,0.3004631,7.0407195
0.011716748,-0.27815244,0.09846779,0.30194083,-0.06842373,0.070226185,0.16070704,-0.042716682,-0.04258264,-0.26646385,0.046549574,0.15468103,0.3410735,0.40608585,0.116457395,-0.4913635,1.2379379,0.15210825,0.05655908,0.03254764,-0.06612271,0.31351677,0.025649048,-0.0046339445,-0.19138618,0.11825411,0.003930341,0.04453841,0.42809796,0.084026635,0.16605063,0.014921882,0.3857936,-0.26461115,0.106141746,0.06780133,0.087553665,0.0010219454,0.14943837,0.05291875,0.15275125,0.02286921,0.06360635,0.18289553,0.0076958146,0.017100424,0.09984507,0.2595295,-0.03126947,0.07897701,-0.0011402185,0.22531898,0.05020878,-0.104817525,0.6361101,0.6522931,0.10134126,-0.07514447,0.008075329,0.6118154,6.4783187
-0.015563111,0.7384448,0.03579821,0.23593853,-0.003296893,0.006051572,0.03512103,0.035868175,0.08373758,-0.22313407,0.37430498,0.22414266,0.33100557,-0.20138314,0.16375196,0.38761443,1.2258863,0.061895043,-0.046498783,0.08239708,0.018526003,0.3413994,0.16945994,0.0017795153,0.11314963,0.17902972,0.00569626,0.021878868,0.44438478,-0.077530175,0.20859979,0.121224135,0.59281015,0.2384793,0.12769866,0.082553044,0.118312664,0.0015880065,0.03499208,0.023712052,0.19267838,0.021460459,0.033506706,-0.082463294,0.07053558,0.048546806,-0.04056336,0.24119225,0.06402925,-0.015511824,0.031680264,-0.0022257147,-0.021252189,0.3142159,0.15510687,-0.19036737,0.0046658255,-0.019768393,-0.007919053,0.29662755,7.3940005
0.0015525436,-0.19165465,0.026934065,-0.37989536,0.006970579,-0.21274006,0.009478111,0.057733677,0.18188214,0.25139287,0.30628258,0.21182251,0.23253836,-0.2543479,0.14239508,0.114322186,1.1596522,-0.059280068,-0.027574113,0.08533845,-0.068402424,0.291532,0.12832743,0.0032190252,0.117348,0.15757288,0.0014251124,0.07307712,0.42379484,-0.07848185,-0.02270059,0.02016267,0.40686992,0.090268195,-0.05470778,0.08720177,0.12752394,0.000151315,0.11301373,0.030049218,0.19983529,0.021460459,0.09288334,-0.06216518,0.08132332,0.09869994,0.15478067,0.19080076,0.072910376,0.04891401,0.013097554,0.26191604,-0.02507754,0.4563191,0.7647727,0.591154,0.057099957,0.09819697,0.20176852,0.2850474,7.1137853
0.05070961,0.74804837,0.048763875,0.21148181,0.23346527,-0.0369659,0.019407885,0.0050119795,0.07529401,-0.1245961,0.3008543,0.1056356,0.22401465,-0.15783185,-0.08590811,-0.35933986,1.0955635,-0.03791273,-0.01667277,0.08745928,-0.081290245,-0.004708131,0.11216283,-0.0060215895,0.032732427,0.16617978,-0.009095056,0.0035712551,0.4455693,-0.009174187,0.32208282,-0.011152349,0.30268756,0.07652195,0.099212445,0.14881107,0.13130361,-0.0025523403,0.14492762,0.10929489,0.25735015,-0.0012064981,0.013738409,0.121030554,0.06170147,0.08092016,-0.02738627,0.30385473,0.06935518,0.07645207,0.006487921,-0.08176151,-0.019016083,0.28972295,-0.1336137,-0.069614,-0.03726604,0.3974973,0.010444567,0.474491,6.1507287
-0.0038558394,-0.20185573,0.013658624,0.3562321,-0.0015108082,-0.018248191,0.25912347,-0.012495784,0.00094543304,0.6026886,-0.3423522,0.0503451,0.18606739,0.43499228,0.25855157,0.42244825,0.90951055,0.20843299,-0.032205112,0.09359649,0.034750782,0.56114274,0.18324006,-0.003606351,0.1734409,0.17903286,0.0012740669,0.011690989,0.436087,-0.09442244,0.11826644,0.1545378,0.65730906,0.31827486,0.10289138,0.038010545,0.14999129,-0.007215904,0.064880066,-0.007512929,0.24352652,0.015520481,0.0006858804,-0.039715827,0.10120582,0.04253679,-0.039351415,-0.118036725,0.074641824,0.028395813,0.004469847,-0.0812598,-0.025393585,0.2165438,-0.106379494,-0.10658184,0.036174864,-0.052113283,-0.0124705965,0.40790367,6.8464355
-0.0024592467,-0.16525869,0.010309999,0.3849568,0.011243146,0.14101128,0.11845238,0.0837003,-0.09247528,0.91260076,0.16891967,0.043646708,-0.19134937,0.44364983,0.1274836,0.16041729,-0.2653561,0.23901086,0.0743586,0.07862501,0.20818888,0.58271194,0.18148193,0.06659265,0.14675002,0.0055274554,0.001021414,0.09133631,0.4064686,-0.0015469296,0.013960792,0.018827602,0.67579865,0.32892594,-0.004759591,0.10710283,0.13349395,0.0066997614,0.092049554,0.059810784,0.22411697,0.022064278,0.07309667,-0.08241589,0.11283627,0.04002805,-0.045501504,-0.10875962,0.0659512,0.028364267,0.0036565508,-0.07968142,-0.023957986,0.18581322,-0.078339964,-0.12582478,0.019948272,-0.062007297,-0.013539187,0.3543652,5.9121437
-0.014107723,-0.14785458,-0.0094627645,-0.5252894,-0.0142518785,0.16957766,0.03818491,-0.09028621,-0.0776807,0.6221201,0.12840365,0.14911224,0.25563174,0.6096421,0.08533804,-0.26420313,1.0106734,0.11425066,0.060267117,0.03356245,0.20416139,0.38004208,0.075168006,0.10518915,0.10525967,-0.012952211,0.001021414,0.06443508,-1.0067935,0.04816761,-0.018776193,0.015977085,0.4569566,0.27218312,-0.02026786,0.12935863,0.12849838,-0.09487385,0.14439017,0.091750845,0.13571395,-0.028902091,0.0067804167,0.12798767,0.12330457,-0.25328684,-0.043308385,-0.0945241,0.032965444,0.06299791,-0.016192041,-0.062353432,0.078154296,-0.19943725,0.70652527,0.3720944,-0.040107846,-0.070317835,-0.0003452734,0.37911147,4.4193835
0.07787139,0.8929328,-0.10759449,0.4192359,0.24688579,-0.043821216,0.012882445,0.024823423,-0.0032188175,-0.18520764,0.3261557,0.092385575,0.36758503,-0.17419612,-0.037596144,0.64435655,1.2146978,-0.030444477,0.08556707,0.061046574,-0.08807917,-0.008122051,0.15273371,-0.013900934,-0.242482,0.14640346,-0.009095056,-0.012130239,0.42651528,0.04668409,0.20194124,-0.073729694,0.26570162,-0.1368884,0.059160993,0.12677063,0.10446927,0.0051932246,0.11313644,0.06527937,0.24168877,-0.019404983,0.09232151,0.31491992,-0.044663027,0.008516246,-0.05461586,0.29630643,0.0071768016,0.010484666,0.0044901185,-0.07720821,-0.019262547,0.359465,-0.042044345,0.020208031,-0.019120555,-0.03703074,-0.0055115167,0.56833637,6.6189613
0.08960898,0.4630824,0.060365416,0.34452114,0.26754856,-0.03240578,-0.3135496,-0.043311525,-0.040410932,-0.32599103,0.2647569,-0.12140201,0.26862702,-0.007424863,-0.09707053,0.13624766,0.89309406,-0.057921555,0.09499292,0.1115216,-0.036640354,-0.10957413,0.020336166,0.055813123,0.1904417,0.1997684,-0.003205517,0.079098105,0.41426378,0.22424097,-0.04019635,-0.09965315,-0.30202705,0.32550848,-0.13721994,0.12705724,0.13121589,0.0011751177,0.12537806,0.12057988,0.26187468,-0.019241793,0.10056426,0.31779987,0.12433562,0.08175317,-0.01180041,0.3416051,0.06814319,0.084219396,0.015689336,-0.037301783,-0.016958617,-0.020576218,-0.38636342,0.13580033,0.068211764,0.38203868,0.0108172055,0.59445405,5.3363037
0.043601483,0.7638434,0.032681044,0.27567804,0.23606049,-0.22079678,0.03673047,0.027969461,0.09362352,-0.22720149,0.32955968,0.12630765,0.17945357,-0.41077107,0.010126978,0.34369242,0.96705484,-0.31761372,0.06892395,0.076328605,0.06704421,0.0018737009,0.0109759085,-0.0019105729,0.122319296,0.1716407,0.0014251124,0.079194725,0.405027,-0.08430745,-0.00962048,-0.010001577,0.39530548,0.0075259563,-0.05734974,0.1511822,0.18382056,-0.004165532,0.13114439,0.0441797,0.25228631,0.014292646,0.096029766,0.12419179,-0.008736762,0.032534204,-0.03905294,0.22176543,0.081916474,-0.09088385,0.0015267599,0.042604893,-0.019924987,0.46406838,0.6784312,-0.011556774,-0.01333979,0.30858883,0.19961765,0.19976604,6.5746818
0.082378216,0.7943419,0.05102577,0.38935894,0.31572697,0.087165505,0.0061268825,-0.043087866,-0.024318043,0.14506121,0.08315534,0.03993764,0.25944975,-0.109585494,-0.11256988,0.6216226,1.0750687,-0.10459642,0.0434454,0.11087329,-0.055023603,-0.06036305,0.16446836,-0.009236073,-0.19284713,0.13668224,-0.009095056,-0.016233144,0.42027447,0.026563123,0.23288801,-0.004513073,-0.36059755,-0.12004905,0.082158595,0.12341962,0.12532532,0.00461827,0.14527413,0.04611025,0.255736,-0.019301375,0.011100161,0.18609479,-0.047021367,0.065450795,-0.037614584,0.26655525,0.031391725,-0.026412444,0.0075091235,-0.07555675,-0.01956931,0.3230175,-0.026684154,-0.057295036,-0.070966356,0.3390098,0.013576534,0.4552768,5.9647026
-0.0014856383,-0.13709584,-0.021921078,-0.2857688,-0.03783706,0.0104434835,0.0712684,0.07890287,-0.03646366,0.39555642,0.1331593,0.029221363,0.20905758,0.18368421,-0.11701424,-0.60524124,0.90226775,0.14197175,0.01082512,0.05512296,0.13950153,-0.016996644,-0.049198866,-0.01212275,0.13606,0.0025288602,0.0013852336,0.10502009,0.41239536,0.073028155,-0.02112258,-0.006200012,0.6648049,0.24050574,-0.0021998584,0.119401716,0.10278465,-0.0033948808,0.12465586,0.053930502,0.22125909,0.014292646,0.11818257,0.1810801,-0.041366685,0.111844406,0.11673559,0.24871974,0.02587904,-0.022599354,0.03179942,0.21638612,-0.030719595,0.41678306,0.7637939,0.04239679,0.10869393,-0.089019924,-0.061276767,0.27755636,5.6938415
-0.05515697,0.4539973,0.026467416,0.28089908,-0.11884064,-0.017045813,0.17681968,0.029299786,0.054990396,0.34588772,0.043689705,0.18265773,0.25734323,-0.27357876,0.15149002,0.5909228,1.0502803,0.08512977,0.015552381,0.086759925,0.076512724,-0.09049201,0.08494675,-0.026354432,0.101716146,-0.06958688,0.001021414,0.0794795,0.29585165,-0.06773168,-0.048951462,0.11618979,-0.4409761,0.1944326,0.107947506,-0.104580335,0.13251495,0.007095428,-0.047974344,-0.01525631,-0.2460686,-0.026721755,0.035356835,-0.08575612,0.07261279,0.06772298,0.19049352,-0.12492299,0.07992973,-0.035625078,-0.0026239809,0.35978955,-0.02222817,0.2923637,0.6315759,0.5970932,0.012966151,0.28303376,0.18684524,0.38882935,6.308036
-0.019029573,-0.4068821,0.072015256,0.36775985,-0.07255411,0.19968924,-0.17013124,0.09323173,-0.07930226,-0.54909587,0.34751958,0.014131217,0.32140312,0.46692216,-0.124086745,0.1691573,1.3237339,0.06968346,-0.017128274,0.08666037,-0.007960294,-0.02220435,0.106325716,-0.010052435,0.16970469,0.17184015,0.001021414,0.07392155,0.36458445,-0.08900747,-0.00575675,0.14809838,0.5074976,-0.009724246,-0.07732499,0.0681959,0.18184163,-0.005975343,-0.1003896,-0.003645081,0.3101164,0.013413244,0.09605642,-0.07546191,-0.014808852,0.12064731,-0.037925992,-0.14144409,-0.094978176,0.041288286,-0.014850065,-0.12193788,0.091646016,0.46946588,0.63863057,-0.009501934,-0.02853747,-0.08529217,-0.0039087255,0.38118201,5.088487
-0.004595775,-0.32138944,-0.08509213,0.28984645,-0.06791243,-0.20473342,0.19131637,-0.051404953,0.09485502,0.45027253,-0.39904064,0.17780711,0.25715178,0.27618852,0.2456805,-0.70821375,1.1637853,0.14967026,-0.026752038,0.06329794,0.12078423,0.35629022,0.12717211,0.026309226,0.12782454,0.14316115,0.0006166729,0.0052251667,0.3879039,-0.09861277,0.17575793,0.09335989,0.39329007,0.24459402,0.13268046,-0.11690955,0.11730859,-0.0060314764,0.033734657,-0.02672789,0.1536418,0.016712818,0.008634881,0.081308074,0.056589253,0.07408829,-0.040070295,-0.091803625,0.055866912,0.088625915,-0.006575917,-0.069212064,-0.025393585,-0.061128944,0.24609403,0.044018935,0.084242105,-0.06772629,0.02778228,0.43347093,4.7376337
-0.0014856383,-0.12445813,-0.012921559,-0.3653701,-0.033459745,0.001297202,0.052152224,0.050766744,0.014482294,0.24956703,0.28818458,0.04787016,0.33020416,0.35752308,-0.090141736,-0.6018981,1.2805543,0.21630427,0.0015781149,0.047704842,0.08221192,-0.003842378,-0.03709759,0.006920323,0.13211556,0.021985251,0.0013852336,0.11553134,0.34410134,0.05728648,-0.028209258,0.0015268084,0.6518181,0.24131836,-0.0021998584,0.11954791,0.103433065,-0.0057341675,0.111762494,0.057445932,0.2310057,0.014292646,0.074001275,0.18637127,-0.03975133,0.12038,0.16779567,0.22572929,0.032102518,-0.022599354,0.034006014,0.3259382,-0.031032711,0.46442685,0.7889355,0.2789585,0.13192378,-0.08933215,-0.05727562,0.33967036,6.855307
-0.00055680797,-0.33750865,0.019667033,0.30878568,-0.05369209,0.116999194,-0.16978581,0.05558624,-0.010767968,-0.36983785,0.35651097,0.21786547,0.22623388,-0.22168207,0.15654756,0.39662182,1.1159781,0.012718558,-0.0037427298,0.038751807,0.14039838,0.26805517,0.16823104,0.0004630573,0.1320977,0.1443376,0.003930341,0.03632592,0.4397858,-0.09657706,0.20518653,0.13988408,0.4898797,0.20640868,0.11957387,0.06442977,0.09640678,0.003012646,0.108069144,-0.030563107,0.19339918,0.028004255,-0.06770724,-0.09454891,0.060004808,0.03626878,-0.011253574,0.23175476,0.05469998,0.094844066,0.042539895,0.123047814,-0.020527847,0.4577617,0.6577968,-0.33264968,0.040664658,-0.034273766,0.21033223,0.49148363,6.6556706
0.11209426,0.4519067,0.0075206896,0.3506306,0.28111467,0.07654194,-0.10370683,-0.037511554,-0.01660244,-0.3663727,0.08586846,-0.13292018,0.30494073,0.29482272,-0.101416275,0.3182777,0.9345162,-0.03487236,0.08229051,0.11210014,-0.036448717,-0.12125988,0.020336166,0.055813123,0.19460115,0.20774287,-0.003205517,0.09477629,0.4558648,0.2245978,-0.0359898,-0.108153455,-0.3480815,0.32528308,-0.030077014,0.13363948,0.09638869,0.0035144049,0.117028825,0.10381065,0.27182725,-0.019600876,0.10056426,0.32250607,0.12433562,0.08175317,-0.027084962,0.342857,0.07827324,0.02604887,-0.014193544,-0.04314993,-0.018384565,-0.015942434,-0.37346485,0.07512867,0.0005388288,0.33975932,0.009652925,0.60563123,5.83646
-0.00055680797,-0.33192548,0.10579498,0.30870262,-0.04300244,0.11417149,-0.12265622,0.06441843,0.030507052,-0.31695923,0.40276414,0.26255423,0.22716771,-0.2263134,0.1869691,-0.327332,1.1808964,-0.031119596,-0.01046066,0.019483887,0.052062947,0.29289287,0.15154615,-0.011518203,0.1190618,0.16356535,0.003930341,0.034870032,0.41440296,-0.10907696,0.19653846,0.10700215,0.47441307,0.19984005,0.127935,0.107382484,0.09046112,0.0005423217,0.056662593,0.0059267776,0.1705465,0.021460459,0.011980559,0.1839604,0.044663988,0.063651636,-0.01981247,0.2901859,0.07871337,0.113188505,-0.000988062,0.016183812,-0.020916514,0.49854806,0.701891,-0.13320224,0.08154853,-0.017506512,0.17183147,0.2768119,6.504286
-0.021953547,-0.140128,0.015540896,-0.32430357,0.018633759,-0.029432151,0.0059324894,0.068931065,0.0827786,0.054738306,0.33051082,0.13035968,0.36966833,0.4711942,-0.10973971,-0.34722632,1.2163745,0.09326103,-0.020679541,0.025681062,-0.07510448,-0.11134283,-0.009788275,-0.028003925,0.1272918,0.008921195,0.00060508953,0.10407825,0.2876356,0.21447791,-0.22149889,-0.078835145,0.3304321,0.2790961,-0.05683926,0.13493478,-0.03410667,-0.0007236281,0.12142125,0.05298929,0.27525017,0.011989089,0.114945665,0.11187566,0.052276134,0.11184974,-0.025000026,-0.21341494,-0.05476325,0.08780723,-0.014611112,-0.08701317,0.039015252,0.44614276,0.7876751,0.33085734,0.1248412,-0.12725699,-0.010159514,0.09905527,4.9971437
-0.0038558394,-0.20185573,0.013658624,0.3490625,-0.0015108082,-0.036331378,0.2708679,0.06918038,-0.0044763023,0.651326,0.099205874,0.05186633,0.18210714,0.44437325,0.25855157,0.6806433,0.90754426,0.20843299,-0.02278766,0.09359649,0.034750782,0.56114274,0.19695306,-0.003606351,0.1734409,0.17903286,0.0012740669,0.011690989,0.42628586,-0.09442244,0.12559834,0.1509426,0.668671,0.30731717,0.10438025,0.038010545,0.14999129,-0.007215904,0.07634945,-0.007512929,0.2552089,0.015520481,0.0006858804,-0.039715827,0.11111033,0.04253679,-0.039351415,-0.118036725,0.074641824,0.028395813,0.004469847,-0.0812598,-0.025393585,0.22302133,-0.08768679,-0.10658184,0.03732343,-0.05201942,-0.0124705965,0.42053118,7.7536025
0.07869582,0.47280878,0.03132564,0.3394759,0.26692474,-0.028855274,-0.3136082,-0.03632916,-0.04081875,-0.3271289,0.22281915,-0.11375067,0.27176762,0.24089645,-0.09931074,0.22412494,0.89545727,-0.058074508,0.09499292,0.11210014,-0.036640354,-0.12146942,0.020336166,0.055813123,0.19445068,0.20886701,-0.003205517,0.08787681,0.41458118,0.22424097,-0.0359898,-0.09965315,-0.3024375,0.31462267,-0.030077014,0.12705724,0.12990032,0.0011751177,0.12537806,0.12057988,0.2638002,-0.02046212,0.10056426,0.32250607,0.12433562,0.08175317,-0.012063162,0.3416051,0.0640305,0.07167323,-0.001014676,-0.037301783,-0.016958617,0.0047304835,-0.37024936,0.17238039,0.068211764,0.3541068,0.0005177134,0.59797645,5.7390614
-0.010867661,-0.26161137,0.10385026,0.3486186,-0.09434346,0.14302972,0.024028586,-0.06378096,-0.01677699,-0.25750762,0.11475691,0.12577845,0.3544337,0.2536441,0.016970323,-0.5189202,1.2693682,0.0928522,0.05904814,0.0037190728,-0.069655076,0.4268189,-0.03725136,-0.004649149,-0.15716568,-0.06692877,0.003930341,0.040032193,0.37862056,0.07688343,0.24133621,-0.07051282,-0.43578362,-0.2600051,0.09356179,0.07617472,0.07173674,0.006969929,0.14587757,-0.0079121925,0.14281364,0.02286921,-0.05331818,0.2107952,-0.012796776,0.03753342,0.20407699,0.27653173,0.08517108,0.09089581,-0.0039795064,0.3397555,0.031979755,-0.06659913,0.638552,0.75017905,0.087845445,-0.0959045,0.017824195,0.6056604,5.448254
-0.008126441,-0.262469,0.026316032,0.34989125,-0.12621115,-0.08126889,-0.024765044,0.09419626,0.000875012,-0.3069466,-0.014499046,0.23479024,0.33558488,-0.3271017,0.10824372,0.24199857,1.1420739,-0.1661885,-0.011689289,0.037928868,0.07834688,-0.35755837,0.12096383,-0.035637442,0.14730425,0.009648339,0.00060508953,0.086652115,0.37078363,0.062716335,-0.023437468,-0.017463673,-0.39218011,0.16286564,-0.026587684,0.097193174,0.14892599,-9.928318e-05,0.1159651,0.05409183,0.21536781,0.014292646,0.07777441,-0.15226026,-0.031168938,0.109038845,0.18502614,-0.18912409,0.09199001,-0.08181921,-0.025098396,0.35265154,-0.02843754,0.46377504,0.6666938,0.7914915,-0.02340621,0.28835335,0.22853522,0.5633757,5.3627825
0.013321615,0.5613814,-0.0207665,-0.22939079,0.007107388,0.069917135,0.020169215,0.1465441,-0.03178677,0.45079154,0.3309713,0.10582045,0.26550198,0.5926049,0.007877497,0.4593792,0.94974345,0.1336078,0.064005286,0.06313663,0.20994715,0.36247942,0.07051137,0.07153439,0.12233032,-0.019445712,0.00060508953,0.15178885,-0.30210924,0.1303112,0.028132912,-0.009734856,0.55821484,0.3590605,-0.040265873,0.14036067,0.13285807,-0.05688908,0.13120191,0.06757991,0.100676745,0.02934764,0.019628402,-0.10955107,0.075633585,0.07503093,-0.04013528,-0.06292173,-0.09602276,-0.03956848,0.07665914,-0.09248824,0.07273163,0.44980052,0.6443145,-0.1630671,-0.007189882,-0.07823318,-0.006060778,-1.3130583,5.6039352
0.010864774,-0.16195351,0.0072292164,-0.41675013,-0.010722799,-0.05934598,0.18546446,-0.055296376,0.062125675,0.4315322,0.17760073,0.18934508,0.26813275,-0.12197479,0.20990421,-0.23607084,1.2609701,0.030736249,-0.03041848,0.08564593,-0.1445365,0.1260862,0.10717309,-0.013991576,0.11960334,0.06461914,0.001021414,0.043606665,0.3900888,0.06386536,-0.029306173,0.034891814,0.42105964,-0.06664494,-0.04821586,0.099940255,0.15794443,0.0038925633,0.057672128,0.017225277,0.19177243,0.02290745,0.08155021,0.108710684,-0.07775318,0.01662831,-0.021950392,-0.099717066,-0.064234756,0.08749571,0.0070906063,-0.046767645,0.057420723,0.475448,0.66944575,-0.005455523,0.12775972,-0.11170195,-0.02035576,0.29663813,4.927945
0.013640359,-0.2981696,0.07852604,0.25838536,-0.07679718,-0.05244064,0.17133778,-0.06978009,0.21138598,0.3802476,0.15016781,0.17493817,0.29018497,0.33755177,0.12450086,-0.7009783,1.1072493,0.17544925,0.036366265,0.05542066,0.15664461,-0.046235904,-0.03994175,-0.017425133,0.11754826,0.009432161,0.00060508953,0.1242633,0.3088064,0.0860931,0.015819794,0.001276995,0.43475634,0.40473846,-0.013622267,0.11248452,0.1672556,0.0038925633,0.10858315,0.049394477,0.23219645,0.013679925,0.10323835,0.12553792,-0.08582083,0.12038,-0.037593815,-0.19511923,0.07603937,0.06793115,0.03405063,-0.05727502,0.018215967,0.46344128,0.51776665,0.00012861006,0.08878681,-0.11126444,0.007240069,-0.9547791,4.7783365
0.0585314,0.6180573,0.09789042,0.3281812,0.21467495,-0.035059433,0.21831176,0.025647165,-0.07574277,0.38935605,-0.093824685,0.113287926,0.3364392,-0.17293048,0.13966234,0.39914626,1.1999506,0.00077599986,-0.02594001,0.04479723,0.17673852,0.05952425,-0.07157708,0.005754387,-0.25038627,0.14856741,0.00569626,-0.024793014,0.33907378,-0.056016423,0.012105126,0.020068854,0.1289069,-0.24514858,0.10654232,-0.13759169,-0.22351302,0.007982973,0.037685603,-0.053008325,-0.6781613,0.008352669,-0.03537137,-0.18061273,0.1135992,0.022961112,0.020628717,0.30046812,0.06204424,0.024842579,0.04492677,-0.17380936,-0.017197302,0.25117826,-0.06825646,-0.1717229,0.18857995,-0.034290627,0.019995552,0.36135173,3.8273318
0.002967407,-0.31244546,0.09218958,0.2891295,-0.057119943,-0.09605993,0.05602943,0.03782694,0.027553989,-0.14526781,0.17639971,0.25826728,0.298339,0.32197747,0.23716348,-0.6608199,1.1661745,0.14390248,0.009042662,0.07370285,0.0018599695,0.012658175,0.10477957,-0.01682719,0.1807947,0.1752784,0.001021414,0.029934462,0.3904021,-0.1078573,-0.029168207,0.13061011,0.5669749,0.15941647,0.091686785,0.01102518,0.16318157,-0.0060314764,-0.10530902,-0.0204118,0.27182183,0.012296275,0.046917126,0.14892703,0.15408517,0.08504158,-0.038526826,-0.11473414,0.078678556,0.0804853,-0.022042967,-0.067921,0.09067122,0.32105315,0.62703705,0.05595475,-0.006336987,-0.054129455,0.016923241,0.26805463,5.6072273
0.011281529,-0.1292712,-0.003093006,-0.49909765,0.012304215,-0.0075264657,0.123629965,-0.032627672,0.0219344,0.08115177,0.13945526,0.13371989,0.34454712,0.3263224,0.12140953,-0.6160066,1.2168256,0.24734688,0.009730717,0.049113117,0.11794692,-0.013047287,-0.03986559,0.030118108,0.16035798,0.0006132005,0.00060508953,0.091863245,0.38723463,0.22937629,-0.008072602,0.011865212,0.73507273,0.29205245,0.0009318888,0.13903774,0.14699095,-0.0054155877,0.108363025,0.05060217,0.31551608,0.013679925,0.0755727,0.16445418,0.019818649,0.1031584,-0.033198576,-0.09427972,0.029676214,0.031872008,-0.018199367,0.019527888,0.13232283,0.43258348,0.31669232,0.28363848,-0.06167908,-0.06700948,-0.024251372,0.27326936,5.900945
0.010079703,-0.02882485,-0.0012752227,0.280919,-0.02724714,0.08739254,0.33836028,0.07334111,-0.07811702,0.5533753,0.27773723,0.110167444,0.30783388,-0.21638869,0.028509138,0.13479164,1.3755654,-0.021126013,-0.0037428774,0.09859614,0.18783118,0.50670964,0.19784087,-0.002080826,0.177462,0.20634171,0.001021414,0.06251579,0.49024308,0.024807308,-0.029943677,0.014178041,0.6074274,-0.03654321,-0.064481534,0.15445182,0.1718239,-0.0025523403,0.1241995,0.057996836,0.30042037,0.022064278,0.10663962,-0.09210163,0.112255566,0.059460312,-0.03861349,-0.093999155,0.071796946,0.036907412,0.013330935,-0.09930813,-0.029460583,0.15479209,-0.10265032,-0.09956208,-0.004650099,-0.08454031,-0.009845771,0.36770096,6.739833
0.037957653,0.6991233,0.02922522,0.39410037,0.25580236,-0.066418074,0.15997781,-0.013753621,0.01432821,0.48087433,0.17981939,0.11207214,0.39766914,-0.18312232,0.15330356,0.37578672,1.334054,-0.08257713,-0.03734961,0.056478083,0.12904203,0.097898185,-0.0012053419,-0.011115404,0.16327837,0.18442027,0.001021414,0.020426296,0.42377266,-0.083210185,0.26434863,0.11709252,0.3750768,-0.017595684,0.11027258,-0.12137094,-0.058323056,0.011479154,0.034234267,-0.01525631,0.13013257,0.008856918,-0.04228762,0.13365257,0.10091279,0.03507857,-0.042753108,-0.110336244,0.07946525,0.07393347,0.01457412,-0.050688095,-0.023832005,0.15244554,-0.067335755,0.023093581,0.069795,-0.0983129,0.009796789,0.27379826,6.591628
0.01610018,0.6004527,-0.12476963,-0.46593693,0.1669272,-0.20717539,0.04441289,-0.005721152,0.22824036,-0.13873273,0.29879755,0.1301603,0.310131,0.35882524,0.02345048,-0.4790456,1.0998183,0.07138772,0.0041205273,0.0519334,0.14709154,-0.0051116403,0.13351452,-0.0033064955,0.113772415,0.14968559,-0.003297801,-0.004026808,0.39172542,-0.08410797,0.2895614,0.007649592,0.29498103,0.16946611,0.09842099,0.14016086,0.110998,-0.0025523403,0.13918784,0.12131381,0.22988537,0.009469638,0.013738409,0.15480866,0.08056926,0.058487207,-0.021540867,0.24751292,0.056376934,0.08872327,-0.013532049,-0.06406073,-0.018884424,0.10599646,-0.115981236,-0.025044382,0.05585851,-0.055239953,0.01736628,0.5206941,5.513706
0.00038279733,-0.25934687,0.11182992,0.32217488,-0.06342556,-0.0063313264,0.15725909,0.065984875,0.0104084965,-0.23137826,0.06892099,0.17594326,0.33470806,0.38934004,0.17959628,-0.2313051,1.2099786,0.10549409,0.07703868,-0.16792193,-0.0697652,0.41609347,-0.03267446,-0.0008829874,-0.14614373,-0.054839633,0.003930341,0.038265675,0.2935791,0.10566269,0.24979538,-0.06818504,-0.38479328,-0.24009287,0.18823549,-0.10805489,-0.12928125,0.005981194,0.13625458,-0.042248394,-0.407839,0.013066974,-0.050909076,0.23798406,-0.012972996,0.039749622,0.20712471,0.26376653,0.09858794,0.090898626,-0.0025351038,0.42421547,0.032848578,0.031208122,0.577533,0.70692426,0.1943035,-0.06351386,0.023540018,0.5576101,5.3717785
0.008539333,0.28547028,0.07324846,0.38702187,0.018064156,-0.054141816,0.049274318,0.018032815,0.06919308,0.4431608,0.090087585,0.22504444,0.41489384,-0.43750057,0.19292335,0.3482092,1.2997637,0.017261393,0.0010225046,0.07938946,0.11736455,0.0899318,-0.02126787,0.00456124,0.17892294,0.17456101,0.0012740669,0.030147158,0.43321952,-0.078049436,0.18815748,0.14479668,0.4218417,0.198388,0.13547847,-0.11479824,0.16434115,-0.0049857916,0.04330972,-0.004715304,0.19081944,0.009469638,0.027579967,-0.084904775,0.10976298,0.04763639,-0.05124309,-0.106894016,0.06232234,0.023340143,0.031810544,-0.10637199,-0.029886652,0.15805948,-0.1424367,-0.10127756,0.0027596625,-0.10121628,-0.012515456,0.324539,5.88279
-0.070668645,0.1584231,-0.070576236,0.33798698,-0.06949064,-0.073980324,0.032757543,0.0096090995,0.11747147,0.35038042,0.33267573,0.20596212,0.34736317,-0.2345664,0.15776382,0.57058567,1.2718046,-0.079232655,-0.036832985,0.08761901,0.1359205,0.32451734,0.14526206,-0.00097329356,0.13807821,0.17958349,0.0012740669,0.08155799,0.48544237,-0.07786061,0.1615082,0.13357292,0.59327394,0.24298649,-0.066295534,0.12769137,0.17893112,0.004058331,0.1394102,0.049639493,0.30569074,0.017829789,0.06833807,-0.053370565,0.113028675,-0.007795412,-0.050792098,-0.10925506,0.08308725,0.03307317,0.047608472,-0.09516051,-0.031849824,0.0419192,0.05353276,0.019472778,-0.029028118,-0.08516,-0.025677502,0.3020266,6.920152
0.010919789,-0.110829554,-0.01312599,-0.35500607,-0.07510836,0.06777269,0.19423775,-0.05982519,-0.08290874,0.40068504,0.18539134,0.02366696,0.20992936,0.23091504,0.12306612,-0.6664253,0.9938831,0.16553597,-0.023022987,0.06565503,0.18523861,0.23259726,-0.059530254,-0.012239151,0.14264625,0.15527935,0.003930341,0.08243795,0.46015692,0.050698124,0.009198866,0.03560171,0.68687886,0.2694929,0.006063126,0.11659139,0.0964026,-0.0010978477,0.13598183,0.05282778,0.24320911,0.012800523,0.11911747,0.18384312,-0.023005698,0.09501943,-0.026426379,0.23750915,0.06619412,-0.007040235,-0.0011990652,0.13550803,-0.033739015,0.4145424,0.5412644,0.046124615,0.11259276,-0.08054733,-0.060845546,0.31124386,6.2207284
0.039625663,0.56045514,0.048250698,0.33916858,0.19176035,-0.021120079,0.01249605,0.023735378,0.14181995,-0.19232315,0.27061975,0.009963004,0.34632343,-0.18931228,-0.054045256,0.53218865,1.2843887,-0.0637667,0.021841554,0.04058277,0.11946846,0.35634315,-0.05365893,-0.009845298,0.16014834,0.02223273,0.00060508953,0.085853994,0.39324555,0.09019233,-0.049256407,-0.012830671,0.4793341,0.22617549,-0.039877467,0.13369882,0.13949491,-0.0053244065,0.1188108,0.049427498,0.23487216,0.023181248,0.08894419,0.10507165,0.007487295,-0.19431075,0.14913766,-0.14524737,0.065636896,-0.08598784,0.0030462001,0.24624854,-0.021748796,0.430145,-0.11561771,0.51777786,-0.020243624,-0.0081353355,0.13405585,0.30457225,7.2657747
-0.010339685,-0.16469993,0.006817991,0.43580887,-0.08232426,0.19057505,0.108872324,0.076997645,-0.06160343,0.8019695,0.26362693,0.04417269,0.1839834,0.44093215,-0.13237265,0.18843958,0.792528,0.24646401,0.06561561,0.0820204,0.21690165,0.612888,0.19519493,0.06924218,0.15437011,-0.020919371,0.00060508953,0.09083918,0.4101697,-0.0022389954,0.01679047,-0.013875553,0.67365956,0.32685354,-0.0062861145,0.14763086,0.13967972,-5.2163377e-05,0.08190048,0.05140585,0.26129398,0.022064278,0.06822729,-0.08241589,0.11489572,0.043519035,-0.040678915,-0.09306868,0.06784114,0.017730165,0.0047910935,-0.08368367,-0.024967516,0.22789347,-0.10197333,-0.115731336,0.009063414,-0.059858818,-0.013539187,0.37770146,7.2213464
0.039796446,0.6990916,-0.117651686,0.29164362,0.1816235,-0.21090935,0.024824487,-0.0013102107,0.13130279,-0.21998972,0.33356953,0.13200277,0.35290638,0.31507644,-0.07172599,-0.35661277,1.1836594,0.051163163,0.08245773,0.09537173,-0.066318735,0.01313426,0.12539542,-0.0071877795,-0.20685072,0.14627755,-0.003297801,-0.015717253,0.44805154,0.04845942,0.34596968,-0.010669082,0.27251765,-0.03367851,0.09807771,0.16061133,0.13362658,0.002118093,0.1581781,0.092796534,0.26010892,-0.019404983,0.012058324,0.17650709,0.071678564,0.048127487,-0.028268907,0.25552845,0.10087857,0.087674715,-0.01700624,-0.065882646,-0.01940475,0.36442,-0.10245541,-0.06417131,-0.036457524,-0.049147557,0.0011973423,0.5361069,6.149871
0.035025343,0.091329224,-0.001879476,0.3615666,0.07787064,-0.04516162,0.20873843,-0.10158652,0.14126624,0.24268916,0.07908917,0.07367261,0.32779694,-0.19667466,-0.015569428,0.5612574,1.1944613,-0.108758986,-0.013415765,0.048014816,0.08487873,-0.15789786,-0.028460827,0.002783807,0.1587832,0.044283636,0.00060508953,0.093417645,0.27374208,0.082189694,-0.043876957,-0.15516609,0.30396202,0.2643185,-0.011295218,0.13192746,0.18723342,-0.005414848,0.13421303,0.027866114,0.21880442,0.008856918,0.065470144,0.123778746,-0.030498099,-0.2195131,0.14987844,-0.089556836,-0.12046514,-0.09816882,0.020339023,0.25497586,-0.015115896,0.44777548,-0.18123809,0.52125907,0.00016713701,0.12712842,0.13290642,0.38630354,6.050912
0.0019849716,-0.13849813,0.025872549,-0.19815886,-0.05840589,0.0013075434,0.03177882,-0.071503356,0.017663117,0.37924016,0.10855451,0.032289997,0.212155,0.30052257,0.21237938,-0.20794842,0.9415862,0.16045284,0.01082512,0.056990225,0.12098384,-0.021467954,-0.031641126,0.00084452145,0.13031362,0.011634187,0.0013852336,0.10516167,0.3487033,0.06889229,-0.034908645,0.013131575,0.68192345,0.27901572,0.011183031,0.092199296,0.10020283,0.00087650353,0.13163503,0.041599713,0.20810172,0.013679925,0.08572157,0.19144937,-0.03975133,0.108689144,0.23619665,0.26642793,0.039632734,-0.029628992,0.03189577,0.2634704,-0.031032711,0.49823016,0.7472945,0.17378965,0.11578289,-0.062138356,-0.061013076,0.28746587,6.91502
0.015578562,-0.18452679,0.035684496,0.36523113,-0.016402552,-0.09073968,0.12472967,-0.0012450302,0.05889769,0.27989542,0.14472683,0.19142155,0.3480801,0.35178888,0.19277003,-0.55699396,1.1291362,0.12100751,0.008945754,0.08588947,0.050107498,-0.045028802,0.13089043,0.007813227,0.058087263,0.15407164,0.003930341,0.06700432,0.2602718,-0.07785167,-0.03600977,0.13155851,-0.60916764,0.20695639,0.091730356,-0.09765321,-0.031887256,0.007095428,-0.1999026,-0.014658015,-0.18811524,-0.026217507,-0.005033059,-0.08152883,0.05234789,0.08891557,0.13341965,0.22056735,0.081981316,-0.008255858,0.0044532977,0.44187012,-0.017238805,0.42296126,0.74048245,0.6514989,0.04448018,-0.0715043,-0.00689823,0.4711753,5.610595
-0.0038558394,-0.20185573,0.013658624,0.3490625,-0.0015108082,-0.036331378,0.2708679,0.06918038,-0.0044763023,0.651326,0.16827264,0.05186633,0.18210714,0.44437325,0.25855157,0.6806433,0.90754426,0.20843299,-0.02278766,0.09359649,0.034750782,0.56114274,0.19695306,-0.003606351,0.1734409,0.17903286,0.0012740669,0.011690989,0.42628586,-0.09442244,0.12559834,0.1509426,0.668671,0.30731717,0.13028297,0.03447107,0.14999129,-0.007215904,0.07634945,-0.007512929,0.2552089,0.015520481,0.0006858804,-0.039715827,0.11111033,0.04253679,-0.039351415,-0.118036725,0.074641824,0.028395813,0.004469847,-0.0812598,-0.025393585,0.22302133,-0.08768679,-0.10658184,0.03732343,-0.05201942,-0.0124705965,0.42053118,7.8450327
0.009776052,-0.18396723,0.029322682,0.35364306,-0.058352195,-0.056036215,0.2396695,0.024648903,-0.0120403385,0.3220198,0.21790889,0.20171347,0.31715816,-0.23402143,0.14802353,0.3602674,1.2953935,-0.062495016,-0.018066224,0.08468381,-0.19767313,0.22744149,0.11233888,-0.009987449,0.14476207,0.03750833,0.003930341,0.055404928,0.4721051,0.09134808,-0.0025421702,0.011891907,0.3777112,-0.046439946,-0.056126915,0.13799821,0.1258292,0.0038931165,0.08874665,0.0216305,0.24748011,0.02034349,0.08155021,0.076957196,0.07449416,-0.0259454,-0.039670974,0.2332476,-0.06516599,0.11415628,0.006913806,-0.051584028,0.03167092,0.46357864,0.47450712,0.11349327,0.10746832,-0.106239274,-0.017310834,0.40554056,6.7245054
0.056235503,0.5313589,0.06693837,0.25975958,0.17330776,0.07759339,0.015267657,0.035641246,-0.00019530952,0.083217956,0.26903826,-0.00092742406,0.34185866,0.41329375,-0.18926969,0.67522895,1.3046588,0.04168837,0.033769697,0.08302894,0.09528987,0.34117067,0.08408049,-0.0073916665,0.16781147,0.19052821,0.003930341,0.08199978,0.37926322,-0.13472398,0.19722398,0.12251991,0.48552456,0.085311204,0.18236281,-0.15347834,0.09694509,-0.047891717,0.06759774,0.0049800044,0.16389321,0.023181248,-0.006234356,0.13051696,0.059378177,0.059827104,-0.025299259,0.28035685,0.063087545,-0.06211473,-0.002423718,0.17373718,-0.019272907,0.33185047,-0.51064605,-0.05518385,-0.015292157,0.20545956,0.010890526,0.30637085,7.6266294
0.047220815,0.03639555,0.02013596,0.27822226,0.15830964,0.099657305,0.044510387,-0.046808735,-0.04203877,0.42661008,0.16456018,-0.4121729,0.28114635,0.4376814,-0.14123851,0.6590885,1.2112195,0.09461805,-0.018391944,0.07021529,0.116133876,0.43056276,-0.055862933,-0.0079618,0.18956167,0.16449285,0.003930341,0.081851974,0.30901217,-0.12574728,0.26568332,0.11324006,0.39357862,-0.11630936,0.15531825,-0.11432715,-0.054113,0.027510375,0.046119552,-0.0056526577,-0.15812156,0.021834387,-0.026740873,0.16686232,0.00096252374,0.008743469,-0.044249333,0.26742858,0.104165465,-0.06712371,0.00044104224,0.30789813,-0.021990575,0.3761689,-0.4625235,-0.06305238,-0.0306686,0.2304989,0.02044006,0.37937036,6.196305
0.006864395,-0.14973436,0.033547413,-0.37820736,0.0043153483,-0.022069445,0.1769968,-0.10550743,0.17327145,0.45656574,0.13641676,0.1755561,0.3391375,-0.26513028,0.1646816,-0.21667513,1.1480237,0.024343058,0.04627731,0.036044523,-0.10123651,0.38997442,-0.010766644,-0.02819007,0.109273516,0.029191475,0.00060508953,0.12855676,-0.34439692,0.06880638,0.012780336,0.03810287,0.36643013,0.32795963,0.0018831231,0.11323878,-0.040862963,0.0047217966,0.12787898,0.023220584,0.20576908,0.029451247,0.09269309,0.109169915,-0.029015409,0.09213835,-0.04597542,-0.19419079,0.06840589,0.080194324,-0.023136143,-0.053535536,0.037067477,0.56535095,0.77285105,0.0073821973,0.111830324,-0.13278842,-0.021309558,-0.81805956,3.856182
-0.004304521,-0.2262093,0.017031757,0.33697185,-0.03142395,0.025631223,0.06781339,-0.020485044,-6.3760206e-05,0.52965444,-0.79889244,0.037086748,0.20777853,0.41759568,0.17859443,0.17459157,0.89752376,0.2276472,-0.04494284,0.0661692,0.066250406,0.51218694,0.18040743,-0.00097329356,0.16175078,-0.008781837,0.0012740669,0.066801235,0.45484874,0.030327376,-0.0038385456,0.0031946003,0.6569711,0.3277569,-0.012883987,0.10309872,0.15257837,0.0065585077,0.13293464,0.05140585,0.28739083,0.015520481,0.0917225,-0.08241589,0.100961715,0.048860613,-0.042060327,-0.11949039,0.06946372,0.028364267,0.0045387405,-0.0812598,-0.025080469,0.2211017,-0.115740485,-0.12136201,0.02206134,-0.05219503,-0.013454198,0.3915639,5.568127
-0.00034253672,-0.10914252,-0.018270118,-0.36729366,-0.05563415,-0.031233104,0.026015343,0.05124044,0.067073666,0.24536791,0.30670062,0.15936954,0.360227,0.5684544,-0.094286166,-0.29759198,1.2412012,0.085605845,-0.045924697,0.041439094,-0.1519015,0.39823085,-0.011539262,-0.020532137,0.09873009,0.019344095,0.0013852336,0.10285886,-0.3648288,0.063161135,-0.04604244,0.026498102,0.44751117,0.21732475,-0.0020875484,0.072161764,-0.0013859272,0.0016175753,0.11124948,0.037004948,0.17360601,0.021460459,0.09485942,0.25097063,-0.036993384,0.09605503,0.17968202,0.2257765,0.04141532,0.0024468573,-0.010879688,0.31062162,-0.025353257,0.47214398,0.7608767,-0.2453742,0.1263555,-0.064184785,0.035137523,0.23686825,5.7772274
0.04992577,0.8306928,-0.022577483,0.30814385,0.21916896,-0.015956629,0.18949065,0.000922421,0.49298143,0.10972989,-0.67851716,0.019955326,0.16967787,0.3558552,0.15974411,0.8091438,0.6905516,0.09718997,0.084271684,0.088601746,0.121651866,-0.01864095,-0.056421503,0.0062787347,-0.218311,0.14807025,0.00569626,0.0019939058,0.31215099,-0.03285128,-0.039922584,-0.00978101,-0.34429976,-0.3655563,0.09284094,-0.11402008,-0.17099997,0.007964881,0.029748365,-0.040123664,-0.52123344,0.004844857,-0.020772215,-0.13602322,0.059310317,-0.021597886,0.3053315,0.26955166,0.099411264,-0.13317673,0.07227,0.026751231,-0.017810697,0.22156161,-0.538282,-0.36982659,0.004409046,0.25917873,0.034606654,0.5731643,3.4461322
0.03579104,0.30654827,0.015541136,0.3890168,0.24910694,-0.04656104,0.16885518,-0.006125519,0.032373764,0.56018853,0.18101408,0.17096075,0.41951868,-0.16468717,0.20408593,0.3676203,1.3644111,0.012697168,-0.03734961,0.05933046,0.13673195,0.1372963,-0.023860618,0.0005785376,0.18974115,0.19181551,0.001021414,0.04716543,0.425976,-0.08121301,0.21387823,0.15589683,0.42022917,-0.020688737,0.09328591,-0.0948453,-0.032402113,0.011479154,0.05256748,-0.015683116,0.20968303,0.008856918,-0.04228762,-0.0876376,0.107275136,0.036361173,-0.043554246,-0.109212175,0.06656786,0.02855968,0.029021962,-0.12152654,-0.026998378,0.17801975,-0.08424766,-0.08536186,0.018597826,-0.10121628,-0.008239948,0.3061446,6.3701124
0.035291824,0.30604908,0.015541136,0.3890168,0.24910694,-0.04656104,0.16885518,-0.006125519,0.032373764,0.54741937,0.18101408,0.17195916,0.41951868,-0.16468717,0.16352408,0.3676203,1.3644111,0.012697168,-0.03734961,0.05933046,0.13673195,0.1372963,-0.023860618,0.0005785376,0.18974115,0.19181551,0.001021414,0.04716543,0.425976,-0.08121301,0.21387823,0.15589683,0.42022917,-0.020688737,0.09328591,-0.11309602,-0.032402113,0.011479154,0.05256748,-0.015683116,0.20968303,0.008856918,-0.04228762,-0.0876376,0.107275136,0.036361173,-0.052764222,-0.109212175,0.06656786,0.02855968,0.029021962,-0.12152654,-0.026998378,0.17801975,-0.08424766,-0.08536186,0.018597826,-0.10121628,-0.008239948,0.3061446,6.289321
0.044040322,0.8337014,0.10736728,0.33005112,0.25413847,-0.044768266,0.2571114,-0.018779514,0.3657919,-0.10275189,-0.7786236,0.072405234,-0.11666868,0.29637268,0.1669925,0.75008565,0.5269344,0.07085314,0.06354127,0.08000314,-0.027946457,0.023080103,0.11939404,-0.006523825,-0.16679624,0.17149967,0.00569626,0.026811562,0.42119226,-0.01929446,0.21114153,-0.0005445061,-0.3199772,-0.31857523,0.06799621,0.07292044,0.09510639,0.008168248,0.13470209,0.019424686,0.19422296,0.004844857,-0.013455246,0.116325125,0.09215369,-0.07934625,0.2798838,0.32170776,0.0965032,0.04424824,0.0057180617,-0.06416891,-0.017854314,0.2274958,0.021010067,0.019501466,0.071081996,0.065303035,0.013324898,0.66467744,5.738451
0.05601121,0.13755506,-0.014131568,0.3113229,0.16145459,-0.058433656,0.16562574,-0.024525657,-0.058940932,0.31453085,0.14207456,0.11870836,0.3597783,-0.14145863,0.13166648,0.23874468,1.3034276,0.043782543,0.035399184,-0.20925705,0.10191462,0.01567348,0.193831,-0.0051700175,-0.18052848,-0.123008214,-0.009095056,-0.051830426,0.38138664,0.06030662,0.2497428,-0.004209456,-0.409633,-0.26453817,0.07600135,0.08177156,0.121735655,0.005494048,0.13515253,0.03853152,0.26887998,0.008856918,0.006328609,0.2763543,0.11403445,0.08113918,-0.036873512,0.26492858,0.090868525,0.087644674,-0.0025090221,-0.06648133,-0.023286514,0.35135117,-0.024833407,-0.11776483,0.090234816,0.337026,0.051859982,0.26620665,5.450829
-0.05508106,0.5408228,0.00042875856,0.2671204,-0.09577531,-0.0052442085,0.2141988,0.032250322,0.034306295,0.3523385,0.14128791,0.16621543,0.24285178,-0.3162667,0.11140261,0.6097054,0.9281057,-0.023232922,0.026610797,0.090814516,0.07207884,0.016972922,0.08857645,0.0072502587,0.14829671,0.1803325,0.001021414,0.066899836,0.3768737,-0.064547524,-0.016469667,0.11618979,-0.34596902,0.15778758,-0.056674354,0.072563075,0.16454102,0.000151315,0.13540626,0.03514439,0.23164742,0.0131756775,0.08662157,-0.068217814,0.076078005,0.080990575,0.19016592,-0.16642176,0.074555814,-0.044847883,0.0012522824,0.26468307,-0.022096328,0.32052857,0.53766555,0.6197338,-0.008352711,0.32116458,0.1736821,0.4226376,7.523931
0.087600015,0.8543527,-0.06401861,0.4052624,0.23658238,-0.057144158,-0.07229225,0.030265283,-0.015340768,-0.15598771,0.33515546,0.055154532,0.34701517,-0.14010184,-0.07820076,0.5405334,1.1526961,0.0061714165,0.08420672,-0.1643615,-0.0125468355,-0.057062704,0.15303452,-0.012450236,-0.21500573,-0.042100538,-0.009095056,-0.021699652,0.34565008,0.048956405,0.1983663,-0.06390767,-0.3069432,-0.34201884,0.059160993,0.13111109,0.0904372,0.0027634958,0.16168335,0.06527937,0.25996488,-0.022912795,0.0074518593,0.24166986,-0.049195964,0.026460992,-0.039128877,0.27922305,-0.009171274,0.09497392,0.0048394073,-0.07306258,-0.023037264,0.3730948,-0.08624032,0.20643905,-0.00021557976,0.30005187,0.011897795,0.5932249,5.657488
-0.019029573,-0.41817245,0.082457334,0.32199037,-0.046587117,0.15637657,-0.16243453,0.12298868,-0.088836886,-0.5390999,0.34163606,-0.49604452,0.3091347,0.41133618,-0.112690486,0.08865761,1.0345672,0.0537318,-0.0056476565,0.081333905,0.09744473,-0.023187727,0.15220119,0.0030605763,0.17236672,0.17004003,0.003930341,0.07751864,0.38728458,-0.057132307,0.033742025,0.13086274,0.3785778,0.09246868,-0.044565648,0.15687501,0.14485763,-0.005975343,0.056859504,0.07238325,0.30733928,0.0092505,0.0865494,0.03248443,-0.026061457,0.091913044,-0.03766324,0.25705987,-0.094978176,0.07337753,0.028912883,-0.059639044,0.09061613,0.43696773,0.6168155,-0.12339881,-0.0040281517,0.12149416,0.012841273,0.28630134,5.2214336
-0.001962442,-0.37607387,-0.0075121727,0.30025253,-0.09722958,0.19014052,-0.19288991,-0.05349581,-0.066517174,-0.4966299,-0.0026952587,0.23188326,0.037291024,-0.3732733,0.1314229,0.5358343,0.5810393,-0.026743133,0.09428191,0.046460487,0.07583755,0.06667208,0.10124104,0.012142267,0.08578037,-0.02754885,0.003930341,0.0662072,0.35672632,0.026432984,0.17046408,0.030150834,0.13109134,0.15970744,-0.015434805,0.11476428,0.11630229,0.000151315,0.11431983,0.041886277,0.15068464,-0.02527142,0.06554594,-0.13695301,0.0031363461,0.07106783,0.18975812,0.26443654,0.09506134,-0.06911792,0.018955959,0.3399912,0.043932334,0.4044678,0.6605337,0.6742562,-0.056388818,0.2466301,0.23607957,0.57937247,5.8405867
0.030751511,0.54592204,0.054149617,0.20476997,0.1622047,0.14052446,-0.10977545,0.015832685,-0.0010769516,-0.33135852,0.33787075,0.2390133,0.29555762,0.1930146,0.18884134,-0.63098145,1.0795369,0.11451509,0.016720762,0.067690864,-0.046364065,0.3247468,0.09160746,-0.0020675464,0.12355235,0.16415268,0.00569626,-0.010215908,0.3273412,-0.096689984,0.22768813,0.085848734,0.38127235,0.14514606,0.117688015,-0.13764922,-0.009174468,-0.008370763,0.026484199,-0.039382823,0.15708537,0.028004255,0.0060293437,0.19139601,0.04638897,0.0546876,-0.020189894,0.26569486,0.08473071,-0.031957112,0.023183545,0.37191555,-0.017781178,0.3440919,0.6188935,0.16577217,0.011721405,0.33124036,0.0051136035,0.5062953,7.4273496
0.010864774,-0.20056376,0.0010952745,-0.452775,-0.16620937,-0.07190456,0.28060928,6.982684e-05,-0.021223465,0.43226624,0.21210225,0.1868113,0.2680608,-0.25671208,0.17810294,0.44441134,1.2077073,-0.019074613,-0.14691655,0.092285395,-0.14477846,0.14728409,0.10897856,-0.02301474,0.11960334,0.07315414,0.0012740669,0.046201218,0.39834285,0.060701776,-0.020630812,0.034891814,0.39322785,-0.04827494,-0.052011877,0.09136958,0.1594962,0.0038925633,0.038579952,0.025187358,0.17358825,0.022992715,0.08155021,0.108710684,-0.07775318,0.017415915,-0.021950392,-0.1008434,-0.06674236,0.085106544,0.0070906063,-0.045199066,0.04747626,0.4783454,0.5511967,-0.0112991175,0.12775972,-0.11077762,-0.024755262,0.27555168,4.9099464
0.0139256995,-0.12189036,0.0034365598,-0.44266987,0.028565168,-0.039803855,0.1873269,-0.05834903,0.09248893,0.41575956,0.15093955,0.19727954,0.27865428,0.42718613,0.21469122,-0.2882685,1.2884301,0.048028424,-0.040126238,0.046165667,-0.14582515,0.2702962,0.0036285594,-0.018107532,0.11248917,0.04501684,0.001021414,0.066000536,0.23531967,0.077133134,-0.03298754,0.0010411097,0.45648155,0.11356585,-0.05082508,0.09366901,0.1034648,0.0038925633,0.14972077,0.04455119,0.2748301,0.02290745,0.051606223,0.10056128,-0.060166754,0.012130067,-0.03903764,-0.113147095,0.026719235,0.07494954,-0.001875899,-0.060174868,0.039015252,0.50360125,0.68651724,-0.025258671,0.12775972,-0.11661029,-0.0115870815,0.31006223,5.7341185
0.04458943,-0.14801615,0.0077892747,0.39279255,0.24515158,0.08989553,0.17708604,-0.055784747,-0.04599881,0.22117358,0.12900652,0.115809366,0.33467004,0.43063882,-0.052913934,0.41888428,1.2167761,0.07711045,0.039264873,-0.2457649,-0.06146454,0.00652977,0.16743693,-0.009152915,-0.17529322,-0.0014980454,-0.009095056,-0.028817924,0.3357697,0.03662146,0.32281846,-0.0072580464,-0.34230953,-0.2488424,0.07659032,0.15071215,0.12625508,0.00461827,0.15416734,0.048561983,0.2541007,-0.0011028904,0.016060714,0.29608592,0.1219262,0.08983052,-0.023524605,0.2561773,0.115767896,0.08921301,0.023879472,-0.07342914,-0.02388239,0.38227615,-0.11369191,-0.11165842,-0.006564472,0.27313656,0.061958246,0.44210777,6.0071764
-0.04825303,0.22575782,-0.103609234,0.31754646,-0.022289598,-0.07997148,0.02524847,0.002823297,0.17459449,0.042818278,0.30572307,0.23045118,0.36334914,-0.48076993,0.19999167,0.38770574,1.2999606,-0.0853249,-0.021842463,0.082638435,0.10560787,0.32897153,0.0881041,-0.015514726,0.1351208,0.1871021,0.0012740669,0.022283398,0.44833216,-0.104307175,0.19786718,0.0947686,0.60078543,0.23881729,0.12649667,0.10414718,0.16711825,0.004058331,0.04525695,0.004698056,0.25305438,0.016637452,0.023182888,0.078714356,0.1072679,0.06402457,-0.040995955,-0.12271981,0.0807809,0.018826833,0.017255826,-0.053832952,-0.029886652,0.30844513,-0.13941906,-0.007599676,0.058688443,-0.085374236,-0.009419838,0.32604396,6.4612107
-0.03873291,0.50295687,0.0035640635,0.21629469,-0.06941971,0.085465126,0.05883439,-0.06259532,0.03489255,0.24908046,-1.007557,0.14878358,0.1761256,-0.2382137,0.13786387,0.61466306,0.80793035,-0.08633208,0.0071753343,0.08361374,0.020134188,-0.1092967,0.084041,-0.026139999,0.12535132,-0.069771655,0.001021414,0.06689528,0.31074128,-0.07546077,-0.028259823,0.1101812,-0.35477284,0.16766316,0.1380063,-0.08372021,0.12307617,0.007095428,-0.04442482,-0.01525631,-0.20839515,-0.026721755,0.035257503,-0.083338246,0.063940324,0.04608082,0.21672612,-0.13575444,0.08778024,-0.035625078,-0.0050363196,0.35976487,-0.022096328,0.26788622,0.64593405,0.6574257,0.012472781,0.32236972,0.18964432,0.4357466,4.795559
0.013640359,-0.16195351,0.0072292164,-0.41675013,-0.010722799,-0.053457618,0.18546446,-0.055296376,0.062125675,0.4315322,0.17760073,0.16365609,0.26813275,0.1364074,0.21803519,-0.23106182,1.2609701,0.030736249,-0.03041848,0.08564593,-0.1445365,0.1260862,0.10717309,-0.013991576,0.11960334,0.06461914,0.001021414,0.043606665,0.3900888,0.06386536,-0.029306173,0.034891814,0.42985162,-0.06664494,-0.04821586,0.10988435,0.15794443,0.0038925633,0.057672128,0.017225277,0.19177243,0.02290745,0.08155021,0.108710684,-0.07775318,0.01662831,-0.021950392,-0.099717066,-0.064234756,0.07494954,0.0070906063,-0.046767645,0.057420723,0.48006707,0.66944575,-0.005455523,0.12775972,-0.09094177,-0.02035576,0.30247843,5.219852
-0.008756567,-0.1936543,0.021796364,0.30963856,-0.043907892,0.20069309,-0.15079084,0.064024724,0.03972756,-0.40652546,0.35924864,0.25090453,0.30343968,-0.24106146,0.1719503,-0.2549874,1.1941845,0.055900205,0.0022687274,0.066584155,-0.011932976,0.021913785,0.09789421,-0.010811159,0.1681952,0.1580603,0.001021414,0.08952241,0.37721458,-0.07353568,-0.033502415,0.13574961,0.4743739,0.13364258,-0.07742719,0.058777913,0.20397855,0.001088825,-0.05247081,0.009648115,0.32838517,0.013413244,0.045241952,-0.09677762,-0.014808852,0.10302137,-0.036950305,-0.11222117,-0.051417075,-0.021608118,-0.033559263,-0.13819943,0.09545584,0.5287846,0.7252758,0.0775131,-0.034719594,-0.0974021,-0.022406783,0.46526718,5.1343665
-0.03741014,-0.19688652,0.07351729,0.3522704,-0.043907892,0.18449736,-0.17927772,0.0836843,0.035149947,-0.4328572,0.3639381,0.24959728,0.30663592,-0.24073851,0.16114411,0.30116892,1.1763213,0.04127041,0.025450936,0.0774566,0.004509614,-0.0009461213,0.09789421,-0.010811159,0.1681952,0.16151305,0.001021414,0.090361446,0.38189593,-0.07353568,-0.039026715,0.12835509,0.47159132,0.17059761,-0.070207395,0.058777913,0.20397855,0.001088825,-0.05247081,0.017610196,0.32916316,0.013413244,0.045241952,-0.09687446,-0.017337859,0.095569775,-0.03730122,-0.11222117,-0.020290945,-0.01938469,-0.0336949,-0.13229157,0.09534289,0.44952932,0.671581,0.07489006,-0.05112438,-0.09771434,-0.022406783,0.40641832,5.551925
0.02999233,0.15463638,0.05396702,0.24070646,-0.06626698,0.15876953,0.2136296,0.008597767,-0.064493924,0.397414,0.20994204,0.13818635,0.35417163,0.39388266,-0.0124611,-0.40177646,1.2082514,0.076337814,0.045372795,-0.09261164,0.14006902,-0.0043406254,0.1733827,-0.012312708,-0.17265527,-0.03984604,0.003930341,-0.03445153,0.34356973,0.060126882,0.30473432,0.02768546,-0.4695001,-0.24568011,0.07446851,0.12584303,0.121383324,-0.00035223132,0.13911085,0.04956805,0.24850723,0.008856918,-0.05552147,0.22218764,0.11251007,0.076778844,-0.018959785,0.23757973,0.07583782,0.08223815,-0.0166782,-0.0671157,-0.020496339,0.30043182,-0.12841697,-0.13661939,-0.029268371,0.26808223,0.031861395,0.31128532,5.1340623
0.00084123295,-0.17447257,0.027507616,-0.41990766,0.013593182,-0.22475559,0.03628052,0.03727352,0.1640679,0.29042575,0.31240663,0.23229232,0.25535184,-0.24794458,0.17036758,-0.24307528,1.1068246,0.01701473,-0.03107612,0.08001344,-0.016234232,0.35384974,0.13796861,0.0031027813,0.117348,0.15341747,0.0014251124,0.09171398,0.47249007,-0.08316426,-0.027218394,0.009690881,0.49422553,0.07138802,-0.05470778,0.06878597,0.12990291,0.0024906017,0.14605767,0.030505544,0.20398864,0.021460459,0.0920723,-0.06596066,0.07284111,0.101575226,0.1551316,0.15434706,0.095018886,0.05085467,0.018648373,0.2647153,-0.031728398,0.47479022,0.7825404,-0.07199092,0.057099957,-0.00017407909,-0.015810855,0.4915116,6.356998
0.106552534,0.43741468,0.062465504,0.34516436,0.24215859,0.17172034,-0.10284983,0.06950563,-0.059177108,-0.3325958,0.29529178,-0.14207001,0.3079854,0.24364032,-0.1078773,0.3105719,1.1704042,-0.053254586,0.08092566,0.07555425,-0.037021317,-0.21354425,0.12286633,0.04938868,0.1904417,0.19851777,-0.003205517,0.08865483,0.41065696,0.22386579,-0.039740458,-0.089357145,-0.32871675,0.3101505,-0.056284383,0.13363948,0.086708,0.0011751177,0.122892745,0.11866051,0.27485037,-0.023035653,0.02209578,0.33502597,0.12561119,0.0756925,-0.02644819,0.33968046,0.032461632,0.07266903,0.008988379,-0.036377087,-0.017864238,-0.029209783,-0.43698242,0.19731465,0.045196902,0.3541068,-0.003954388,0.6016108,6.3227115
0.056311917,0.63029873,0.07310018,0.3436448,0.18795407,0.051679887,0.1429104,-0.00210285,0.3111312,0.28708655,0.175142,0.08440993,0.23940746,0.44497082,0.12546791,0.76388437,0.7643047,0.1408191,0.026116017,0.009070944,0.15627073,0.025611259,-0.08568904,0.0060643014,-0.21274059,0.14776237,0.00569626,-0.0060866214,0.27092773,-0.04966784,-0.015348154,0.0033050068,0.070986435,-0.2159895,0.07307203,-0.10939948,-0.32005256,0.008075979,0.043340705,-0.040123664,-0.59233856,0.008352669,-0.014025632,-0.12998441,-0.015783167,0.059938543,0.015054262,0.25701407,0.06991897,-0.07532869,0.069967784,0.24456862,-0.021542795,0.33778667,-0.6783136,-0.39827165,-0.11541816,0.26335323,0.035322957,0.45510203,4.3869967
0.003389371,-0.12614176,-0.030228881,-0.40289867,-0.0071917307,0.011521924,0.19355938,0.07227001,0.0134325735,0.40096474,0.2630963,0.14578615,0.34485745,0.20181814,0.17958388,-0.6562145,1.30371,0.12764579,-0.0066306014,0.051506855,-0.11367364,-0.025256917,-0.030759772,0.033466194,0.1256833,0.020810314,0.0013852336,-0.012538213,0.3660968,0.26941973,-0.055919226,-0.06620869,0.6736491,0.4335769,-0.06501761,0.106171586,0.058050595,0.0003220567,0.08549306,0.060875833,0.24981432,-0.017312054,0.08515871,0.2085286,0.095896795,0.104105264,-0.035069138,0.16264974,0.055864297,0.04354009,-0.016316032,-0.015664496,0.12492057,0.19743419,-0.17256878,0.35659432,0.094624,-0.08544404,-0.017401293,-0.07105256,5.2977657
-0.0014856383,-0.14567725,0.033949435,0.2383001,-0.040130876,-0.031501595,-0.12551187,0.02385274,0.009855157,-0.025587277,0.33953312,0.15260716,0.33473602,0.3947261,-0.08298314,-0.65600985,1.3491995,0.23338202,0.049905583,0.052904513,0.12870486,0.3953604,-0.05418223,0.0068039224,0.1375882,-0.025609694,0.0013852336,0.11370014,0.38360694,0.069867164,-0.047971334,-0.0093325935,0.568371,0.24832152,-0.007652797,0.110346004,0.10087657,-0.0041200696,0.1120269,0.06345956,0.20930223,0.028004255,0.07205909,0.19815353,-0.007737633,0.0931821,0.112547226,0.1981382,0.028335206,-0.013924544,0.022061203,0.2893758,-0.016812736,0.47274595,0.7466996,0.003124645,0.098611206,-0.070022345,-0.008406173,0.273009,7.1240597
-0.027170539,-0.3703801,0.024942132,0.27205887,-0.08409796,0.049050562,-0.005596243,-0.108865306,-0.024157051,-0.43518543,0.009412549,0.106888026,0.30957785,0.44368798,-0.07362545,0.35760513,1.3466041,0.14586616,-0.026101101,0.04033664,0.1672372,0.01173046,-0.077921286,-0.010539215,0.15133995,0.04873865,0.00060508953,0.08458024,0.46684992,0.0725934,-0.0024284977,0.028110746,0.607816,0.23712757,-0.01257709,0.16052315,0.16022651,-0.003510248,0.101456806,0.0497778,0.29774192,0.012800523,0.104870304,0.17381212,-0.016544688,0.111637965,-0.036975373,-0.17522226,-0.05237844,0.07239892,-0.021974074,-0.1074789,0.091646016,0.42607903,0.62556934,0.007781375,-0.056382768,-0.065243796,-0.1084316,0.24826822,5.7245617
0.02355744,0.66497785,0.08444601,0.33536673,0.22225656,-0.03808759,-0.06413166,0.0016667396,-0.06109219,-0.24511936,0.30111295,0.102875985,0.19262454,0.3311164,0.15572949,-0.3615489,0.7038009,0.062225875,-0.0011381037,-0.14470775,0.022567384,0.018796213,-0.015701763,-0.005120798,-0.21865954,-0.09257676,0.00569626,0.03926374,0.20001869,-0.08289,-0.043634176,0.024472218,-0.29007518,-0.14079164,-0.17458992,-0.14051008,0.036584683,0.0051007234,-0.0030257078,-0.043898255,-0.3528473,0.012066886,-0.053179294,0.22390468,0.08800536,0.043849662,0.21788734,0.27539492,0.07029644,-0.046941783,0.020481832,0.48499683,-0.017716361,0.3916638,0.49957788,0.5760154,-0.038198,0.30826083,0.029195614,0.5027526,4.602426
0.023200713,0.03236807,0.0036652833,0.36931297,0.012424594,0.1192053,0.22308388,0.071471095,-0.055042326,0.6082918,0.26349702,0.16060275,0.35393423,0.42052016,0.040882334,0.354308,1.2656499,0.06019925,-0.02185127,0.0074683484,0.12127157,0.14064854,-0.07138729,-0.009357903,0.08205328,-0.057714842,0.003930341,0.042995382,0.3605691,-0.048445795,0.34048176,0.09602071,0.16239694,-0.22030601,0.1593581,-0.16052283,-0.04499206,0.027417367,0.052006274,-0.015683116,-0.31332088,0.008352669,-0.05793061,0.22673377,0.093285516,0.055280548,-0.04382022,0.29462025,0.110585004,0.086144425,-0.008099886,-0.12287457,-0.020496339,0.28370696,-0.13628225,-0.09063389,-0.002443538,0.28105274,0.04551612,0.25320506,6.2165127
-0.0035070516,-0.32240927,-0.10544635,0.24656947,-0.0675436,-0.18503809,0.21350726,-0.013734626,0.07368174,0.46912393,0.16970722,0.18562494,0.2926492,0.18729243,0.24484962,-0.7338468,1.1135161,0.107301,-0.018010382,0.070316784,0.010144246,0.36424693,0.13703653,-0.03221255,0.0904735,0.15087557,0.0006166729,-0.008533232,0.38504705,-0.09861277,0.17677413,0.10666313,0.50014037,0.2378478,0.15858318,-0.010267445,0.118357174,-0.005151559,0.03758405,-0.0204118,0.23331435,0.016712818,0.03667459,0.14521347,-0.16158451,0.07648124,-0.03598608,-0.091803625,0.055866912,0.06473552,-0.0075673256,-0.055550948,-0.025393585,-0.09581114,0.32212526,0.037098665,0.08240624,-0.05804966,0.022241773,0.32611874,5.111047
0.0797751,0.8165503,-0.07092884,0.381629,0.27499723,0.034116715,-0.014202866,0.05329106,-0.027750323,-0.017425468,0.27078703,0.08310492,0.28730947,-0.13758112,-0.07016696,0.5802367,1.0903984,0.05138299,0.059754886,-0.152001,-0.09016948,-0.035461854,0.1835615,-0.014289979,-0.1926465,-0.011730162,-0.009095056,-0.0069626197,0.4113421,0.04151371,0.22570156,-0.007764455,-0.33665505,-0.3860693,0.06661,0.09367818,0.0815651,0.0051932246,0.1285433,0.05035474,0.26047003,-0.022912795,0.013580452,0.19561657,-0.035223626,0.061609533,-0.022768166,0.23884273,0.07483717,-0.03282399,0.004463449,-0.07545705,-0.022179969,0.295792,-0.05434882,-0.17049846,0.0027889153,0.35716665,-0.06490936,0.55156946,5.326111
0.016571889,-0.29613546,0.09492728,0.34019879,-0.08318529,-0.06434177,0.15145119,0.040963672,-0.020470688,-0.27094492,0.012538847,0.14371625,0.3303314,0.33075905,0.1420281,0.36717734,1.1788236,-0.027457848,0.07540438,0.0038703447,-0.07936443,0.4051025,0.047522657,-0.0045170025,-0.1596292,-0.123732306,0.003930341,0.005129548,0.32855126,0.108826265,0.23166552,0.012681534,-0.42888296,-0.29827622,0.1830847,-0.111778766,-0.12409488,0.005981194,0.15075481,-0.021526828,-0.42835483,0.007216979,-0.053815085,0.31548995,-0.012972996,0.008444004,0.21557243,0.2829817,0.10186287,0.11415185,-0.0005232296,0.4027927,0.037804425,0.13358937,0.5432299,0.4902919,0.19800724,-0.07228856,0.02363799,0.5853983,5.4901705
0.097970285,-0.0026677959,0.004288867,0.3665877,0.0421394,0.13539769,0.24117449,0.10072914,-0.0038084676,0.59515053,0.18503238,0.12420595,0.32331944,-0.114629835,0.007362094,0.7702076,0.98310065,0.11386879,0.01874991,0.0932241,0.1229021,-0.08146261,0.07160231,0.01770842,0.1763327,0.17871079,0.001021414,0.045423485,0.36346033,-0.10728563,0.036712527,0.12905738,-0.35920772,0.28114885,0.13624622,-0.115330786,0.17169105,0.027287824,-0.1021167,-0.0035504848,-0.24713494,-0.0057861865,0.012630053,0.14307371,-0.04896793,-0.17531656,-0.048206426,-0.09956783,0.05845155,0.06275387,-0.010185459,-0.14278974,0.058595818,-1.083043,0.043210384,0.0130159985,-0.006870196,-0.13278058,0.005121283,0.23512547,3.7030835
0.087167986,0.89594686,0.061639085,0.43056244,0.28281334,0.019132335,0.006271992,0.036827676,0.016909799,-0.14828417,0.30706173,0.084176645,0.34376627,-0.1299565,-0.06934149,0.61082953,1.1078258,0.060044948,0.06744955,-0.20074922,-0.042389967,-0.13040414,0.07397796,-0.012450236,-0.22328874,0.0012500901,-0.009095056,-0.024997821,0.36992514,0.038029063,0.15124497,-0.081578456,-0.43438566,-0.36921352,0.06763336,0.08819213,0.08391018,0.007605625,0.116804,0.06632852,0.17350751,-0.022912795,0.014781351,0.24606115,-0.024551155,0.06455301,-0.03155063,0.2591117,0.074325114,0.046211667,0.04517456,-0.07717617,-0.022648597,0.3509613,-0.023967164,-0.18158221,-0.064507626,0.32914224,-0.06411593,0.5321692,5.230179
0.00963998,-0.14869203,0.0012394357,-0.43340307,0.037850067,-0.04042257,0.18111458,-0.04517439,0.1211354,0.42575198,0.14189836,0.19601765,0.28020293,0.42804217,0.2027016,-0.27697843,1.2847811,0.0826305,-0.039935406,0.03897398,-0.13324372,0.3581663,0.0011108071,-0.018107532,0.108682595,0.04380536,0.00060508953,0.08775717,0.18152326,0.077133134,-0.03141443,0.03759825,0.46776745,0.2206742,-0.0045644827,0.0911246,-0.028824344,0.005601714,0.15025358,0.050955188,0.27178732,0.02290745,0.100618124,0.09004255,-0.039808713,-0.006281715,-0.03854758,-0.122521594,0.061969645,0.07228785,-0.009786114,-0.056893878,0.037067477,0.5388148,0.72222406,-0.063396245,0.12075828,-0.11242612,-0.01120186,0.18581478,5.8774066
0.087167986,0.8597583,0.09827265,0.3496763,0.2873537,0.02645773,-0.0049483962,-0.001261618,0.004301427,-0.15638876,0.31748804,0.08344339,0.2842416,-0.13789563,-0.071760446,0.6163456,0.9580669,0.07394316,0.07276505,-0.20049506,-0.04627309,-0.14747514,0.069578215,-0.012450236,-0.22294739,0.00021209009,-0.009095056,-0.017942434,0.3749608,0.04151371,0.11295246,-0.073729694,-0.4551021,-0.41153413,0.059715174,0.08819213,0.079096794,0.0051932246,0.12895878,0.06632852,0.17364374,-0.022912795,0.014781351,0.23098326,-0.054898527,0.056989856,-0.026811892,0.27151442,0.046282493,-0.06564033,0.0054358654,-0.07717617,-0.022648597,0.31703117,-0.06600792,-0.020355739,-0.0019953484,0.35598794,0.019706339,0.5961418,4.9067354
-0.00622762,-0.38627625,0.07703251,0.27659988,-0.06666142,-0.10492469,0.24401835,-0.03573081,0.028557831,0.44900027,-0.45356327,0.16917342,0.32867038,0.29102406,0.22867824,-0.72661644,1.2852957,0.16856293,-0.049981117,0.07019173,0.17783333,0.37232423,0.1226416,-0.036195252,0.1266185,0.17351559,0.001021414,0.027082922,0.38340253,-0.10994871,0.23227262,0.11146309,0.53908086,0.17832159,0.062148176,0.05901528,-0.08671416,0.0015880065,0.040534243,-0.0204118,0.24741653,0.016712818,0.024050402,0.13220909,0.051746704,0.073982686,-0.058940455,-0.1333803,0.055866912,0.06116919,-0.006368165,-0.058422763,-0.025393585,-0.11942768,-0.038160924,0.009113536,0.104245126,-0.051264156,0.02738649,0.3188847,4.7738442
0.09445659,0.7958664,0.12626828,0.3678422,0.263648,-0.0471447,0.16628413,-0.03651277,0.00092803314,-0.29114446,-0.012925904,0.09036462,0.3017516,-0.4081424,-0.04629539,0.6131761,1.0827063,-0.23413822,0.031842504,0.07939867,-0.033869207,0.2959164,0.14775817,-0.014693173,0.111061946,0.19598351,-0.009095056,0.04949514,0.43373123,0.046602067,0.20067492,0.0008547902,0.24892052,-0.008359083,-0.06593436,0.10979469,0.11526966,0.0010647257,0.1043985,0.04347548,0.22425792,-0.051923584,0.08513663,0.29059398,0.00060022715,0.0026708413,-0.040400684,0.25106442,0.10295253,0.008437313,0.020522919,-0.03633219,0.009939909,-0.1052536,-0.070464745,0.1950699,-0.0076829065,-0.09707537,-0.0046117012,0.56926,6.2580423
-0.0014856383,-0.12445813,-0.012921559,-0.36532885,-0.033459745,0.001297202,0.052152224,0.050766744,0.016984511,0.2657884,0.28818458,0.04763519,0.33020416,0.35752308,-0.09172437,-0.59068596,1.3015373,0.21630427,0.0015781149,0.04805466,0.08221192,-0.003842378,-0.03709759,0.006920323,0.13211556,0.016665716,0.0013852336,0.11553134,0.33992037,0.05728648,-0.028209258,0.0015268084,0.6518181,0.25207698,-0.0021998584,0.1213796,0.102586426,-0.0057341675,0.10330028,0.057445932,0.2310057,0.014292646,0.074001275,0.1810801,-0.03975133,0.12038,0.16779567,0.22572929,0.032102518,-0.022599354,0.034006014,0.3259382,-0.031032711,0.46129173,0.7889355,0.2789585,0.13192378,-0.08933215,-0.057744753,0.26106146,6.811076
0.038189776,0.7860832,0.051005874,0.39946067,0.23505552,-0.04550042,-0.0043733157,0.02344397,0.00992764,-0.18168941,0.30567163,0.062489506,0.33539867,-0.15701514,-0.017766155,0.64336276,1.1127236,-0.044925623,0.08341333,0.07137022,-0.034451865,-0.116404906,0.13544361,-0.002837853,-0.2319359,0.15336044,-0.009095056,0.061800957,0.3343451,0.05018397,-0.041668486,-0.06390767,-0.3199669,0.06359006,-0.056541793,0.10688377,0.05837876,0.002333381,0.12592264,0.046087667,0.23162171,-0.019404983,0.08894956,0.07970816,-0.04434272,-0.043506466,0.16123301,0.29319164,-0.10141511,-0.10716921,0.026794517,0.20494393,-0.016552303,0.41482446,-0.20430683,0.6112797,-0.00084978435,0.12804146,0.14738649,0.59362566,6.411899
-0.011316342,-0.26416877,0.10313413,0.32362008,-0.10305261,0.08617987,0.024028586,-0.070121184,-0.03711745,-0.2571172,0.113247514,0.11413629,0.34558502,0.24368972,0.006505801,-0.556986,1.2191186,0.11479873,0.05904814,0.031423043,-0.056320924,0.4266283,-0.03725136,-0.004649149,-0.15716568,0.110858865,0.003930341,0.041787967,0.38631555,0.07688343,0.24850275,-0.07051282,-0.43708968,-0.2731058,-0.050677665,0.10347123,0.07488403,0.006969929,0.14598879,0.004731277,0.20178331,0.02286921,0.0031817956,0.2107952,-0.012796776,0.033083875,0.20407699,0.27634108,0.0904315,0.087163754,-0.004970915,0.31945613,0.031979755,-0.06925838,0.6746204,0.73483413,0.09964146,-0.09569119,0.016840592,0.6134659,5.4666624
0.041560948,0.19533126,0.0025608782,0.33280897,0.27407616,0.1775771,0.29421073,0.069809675,0.022907462,0.4379704,0.253285,0.027137563,0.27465862,-0.08820032,-0.087980084,0.47212774,0.8071327,-0.0050390437,-0.015984673,0.0843632,0.10703237,-0.13433327,0.16842927,-0.007331382,0.035236903,0.18873367,0.003930341,0.04714646,0.39571935,-0.12352949,-0.021296674,0.1263124,-0.3859095,0.14763834,0.07960017,0.10539944,0.13313754,-0.007252777,0.053684834,0.035574414,0.26287037,0.008352669,0.022679158,0.18469709,0.036188178,0.07168546,-0.04889752,0.2648344,0.063476585,0.042421855,-0.0015295483,-0.076499425,-0.020107673,0.28528637,-0.10633975,-0.013882653,-0.024339564,0.2844558,0.025509981,0.3202636,6.0993614
-0.04409784,0.45367563,0.0757774,0.27907708,-0.056577332,0.1008268,0.029726148,0.10330978,-0.14577615,0.4513511,0.12756468,0.10236364,0.36318976,0.46723607,0.13114025,0.26472357,1.203047,0.14860812,0.051913917,0.08223036,-0.10768451,-0.17268088,0.07713026,-0.016773572,0.14331241,0.04368215,-0.009095056,0.14634567,0.33131534,0.26824784,-0.057789344,-0.088690855,0.59093404,0.3694618,-0.039071262,0.11590423,0.05241949,0.00596565,0.057932213,0.09187326,0.21166053,-0.06115625,0.08849473,0.21779637,0.11314694,0.11089946,-0.022607245,0.24058442,-0.10715902,-0.08367407,-0.021620052,-0.04906673,0.06689054,0.38131642,-0.04557745,-0.08482007,-0.057800204,-0.05555513,-0.051563796,-1.0839882,5.69825
-0.0015932322,-0.23437679,0.029011138,0.2451034,-0.0034060683,-0.09159221,0.027288103,0.09099186,-0.010959293,-0.1682002,0.34123814,0.2585732,0.26881325,-0.22597034,0.1957108,-0.25144136,1.18436,0.023359742,0.036392596,0.07195413,0.03251549,0.39370134,0.1280449,-0.0009591412,0.1517637,0.16768333,0.003930341,0.039344553,0.36262098,-0.088608205,0.18655305,0.120962985,0.40019068,0.1885176,0.1195269,-0.11819831,0.09093846,-0.008370763,0.036790952,-0.020401405,0.18507367,0.028004255,0.009500296,-0.098529145,0.07082572,0.0566913,-0.003714833,0.1907445,0.027724363,0.025109814,0.019833237,0.2411419,-0.021229628,0.44786605,0.65329415,0.19291969,0.039727706,-0.033254344,-0.017817907,0.49365032,6.479366
0.048210625,0.77360696,0.03657786,0.32825142,0.23592632,-0.21169926,0.005788926,0.033411317,0.15694822,-0.22798353,0.3312368,0.20274296,0.16734923,-0.41077107,0.100413665,0.34369242,0.98016715,-0.2954402,0.041472092,0.08808057,0.1180161,-0.029577635,0.0109759085,-0.0008030401,0.10506524,0.16178145,0.0014251124,0.07078487,0.3836371,-0.09141631,-0.0017066323,-0.010001577,0.33859828,0.01264639,-0.05734974,0.12593517,0.1858313,0.0024451392,0.12977432,0.0441797,0.24674527,0.014292646,0.08808635,0.123254284,-0.0076879924,0.032534204,-0.03929568,0.21498923,0.07920519,-0.09438069,-0.0054240245,0.034506932,-0.019924987,0.47144738,0.6663597,-0.015372314,-0.01333979,0.3446005,0.19961765,0.20304143,6.751479
0.010919789,-0.110829554,-0.01312599,-0.3187743,-0.07510836,0.06777269,0.19423775,-0.05982519,-0.0823719,0.41045573,0.18539134,0.02366696,0.20992936,0.23091504,0.12306612,-0.62544686,0.9821518,0.16553597,-0.023022987,0.06565503,0.18523861,0.23259726,-0.059530254,-0.012239151,0.14264625,0.15825365,0.003930341,0.08649801,0.45963883,0.050698124,0.008981074,0.03713216,0.68687886,0.2694929,0.006063126,0.11659139,0.0964026,-0.0010978477,0.13593149,0.05282778,0.24677774,0.012800523,0.11911747,0.18384312,-0.023005698,0.09501943,-0.026426379,0.23750915,0.06619412,-0.007040235,-0.0011990652,0.13907668,-0.033739015,0.41654962,0.7042961,0.046124615,0.11259276,-0.08054733,-0.060845546,0.31124386,6.47647
0.0012899144,-0.21329385,0.029329225,0.24422868,-0.081155784,-0.08468391,0.022325905,0.055249713,0.13163579,-0.009968141,0.35150766,0.2274171,0.19691934,-0.22716601,0.105517715,-0.15471756,1.0731318,-0.06594484,-0.014874995,0.036390245,-0.055581085,0.20615652,0.12675935,0.0020441152,0.089370504,0.04682885,0.003930341,0.08236648,0.47817606,-0.08743039,0.2102694,0.01007954,0.44624504,0.10943164,0.04682579,0.07545487,0.12960689,0.0024906017,0.122529775,0.03433439,0.14341724,0.021460459,0.08007212,-0.07730545,0.05986078,0.09577432,0.114467435,0.21146834,0.078988425,0.07826632,0.041753013,0.26027626,-0.017821543,0.45771903,0.7118288,-0.37557533,0.029982269,0.08623959,0.17065535,0.2899595,6.1645136
0.08049024,-0.02745697,0.01129917,0.3234711,-0.019065619,-0.016714817,0.005625669,0.03646929,0.06195359,-0.1900479,0.30031082,0.056080855,0.34343976,0.28925368,-0.07290944,0.28477743,1.0786868,-0.012039591,0.06665615,-0.0006600991,-0.05236783,-0.17548236,-0.023169775,0.04306802,-0.2391824,0.16310336,-0.009095056,-0.028574223,0.39098585,0.053041212,-0.04431896,-0.07788694,-0.46679917,-0.14290784,-0.0770795,0.16113491,0.11363155,0.007605625,0.13219148,0.11824836,0.26173776,-0.019404983,0.021518178,0.34713954,0.117547646,0.08564325,-0.026576737,0.34859982,0.09059553,0.13516074,-0.018535955,-0.067154214,-0.019513737,0.37219456,-0.102901,-0.15322262,0.07968566,0.32486603,0.045790713,0.51392347,4.78286
0.057940666,0.6198754,0.0983558,0.14685878,-0.0032461071,0.12993693,-0.18204522,0.010708291,-0.0028604083,-0.34743664,0.32944328,0.037913226,0.3173034,0.2950934,-0.11284216,0.42636192,1.2646098,0.025709346,0.040513285,0.028589772,0.095554374,0.29376268,0.18012853,0.006729419,0.10696621,0.15470034,0.003930341,0.058381043,0.39127567,0.047915563,0.20688285,0.024360143,0.44890937,0.24309589,0.12743248,0.15847611,0.113120325,-0.0023914496,0.15178774,0.056770515,0.177651,0.019550577,-0.00717697,0.20781755,0.045456298,-0.005719802,-0.027753098,0.34579486,0.06441366,0.06734154,0.003926315,0.013776959,-0.021640856,-0.081719175,-0.15520237,0.16828707,0.076014444,0.20030046,-0.0026389398,0.24351034,7.380561
0.00013824552,-0.27683514,0.072930224,0.24543141,-0.052828632,-0.025088262,0.08035767,0.114862174,0.21162215,0.35834295,0.14922169,0.1791187,0.36246628,0.36244458,0.120940275,-0.5991625,1.1264188,0.21104997,0.021292025,0.056537867,0.12188254,-0.089955,-0.026623294,-0.017425133,0.13102415,0.025739562,0.00060508953,0.11443244,0.2910078,0.08671257,0.013224712,0.0012915656,0.44034946,0.42075586,-0.027005155,0.16531071,0.16269867,-0.005937312,0.11634973,0.062489036,0.26379585,0.014292646,0.10323835,0.12808123,0.05208779,0.12038,-0.037593815,-0.18591124,0.04766763,0.06554049,-0.017948253,-0.05629261,0.022520974,0.46900877,0.7741002,0.14665401,0.0879374,-0.10364497,0.0071072383,-0.845974,5.761236
0.0012899144,-0.2840959,0.024461258,0.2885528,-0.020430816,-0.09353188,-0.03864079,0.07405127,0.044397403,-0.20448405,0.36617517,0.24362516,0.2352338,-0.2818214,0.120613664,0.466264,1.114914,0.0011268817,-0.03405201,0.030541752,0.14611895,0.25871542,0.13102455,0.0030232286,0.124,0.04902882,0.003930341,0.0693043,0.4814953,-0.089350045,0.18640973,0.01007954,0.41072324,0.17308061,0.08107291,0.09000545,0.13785149,0.0024906017,0.122780666,0.058270246,0.21046546,0.021460459,0.077964365,-0.11588156,0.060004808,0.098300695,0.097893424,0.25333443,0.061498135,0.0951855,0.047497287,0.25748998,-0.017821543,0.44861427,0.59170943,-0.39486328,0.02886244,-0.028898714,-0.022509053,0.48566204,6.760214
0.0006696144,-0.18616633,0.03744013,0.3147491,-0.02683129,-0.09073968,0.022479253,0.056643374,0.059683256,0.23459333,0.20647465,0.23478837,0.35696393,0.3683995,0.22032748,-0.40561587,1.1746672,0.100015275,0.008739483,0.08893687,0.050107498,-0.02207295,0.13726553,0.00046972372,0.15612248,0.1820026,0.003930341,0.039363924,0.30571973,-0.08156757,-0.029203627,0.13155851,-0.59721357,0.22213796,0.08417859,-0.10256685,0.06073921,-0.008370763,-0.15119818,-0.020275513,0.15306327,-0.026217507,0.0045795245,-0.08238873,0.05759351,0.069052994,0.0013857158,0.16540518,0.07150805,0.021068662,0.0044532977,0.25740016,-0.020258226,0.4465452,0.74112487,0.608009,0.050945345,-0.07133964,-0.00689823,0.5049089,6.087286
-0.04409784,0.4888919,0.022747075,0.21841751,-0.068208,0.09636029,0.0320071,0.11180076,-0.137996,0.38646883,0.14218639,0.105888814,0.34892166,0.47946408,0.12769872,0.22216937,1.2252046,0.14866796,0.053583533,0.06567797,-0.11253902,-0.06964029,0.045626707,-0.016773572,0.14804229,-0.018552423,-0.009095056,0.13393632,0.30881307,0.25641555,-0.052277427,-0.088690855,0.6038631,0.34256786,-0.039071262,0.11664813,0.05241949,0.0049199658,0.07261835,0.09187326,0.18921378,-0.06115625,0.09258179,0.19709523,0.069646545,0.089076795,-0.022607245,0.24058442,-0.10715902,-0.054306194,-0.021121385,-0.055045485,0.067003496,0.37215805,0.338728,-0.09627068,-0.053411707,-0.05555513,-0.051563796,-1.0477588,5.827091
0.010864774,-0.19232275,-0.00348185,-0.46205702,-0.018488633,-0.058438092,0.28441507,0.013834938,-0.017739486,0.41957045,0.19967945,0.20733666,0.2641614,-0.26715368,0.17626265,0.43847364,1.2933062,-0.06392171,-0.038269382,0.056054328,-0.1460671,0.2702299,0.004941251,-0.018107532,0.1293686,0.058306467,0.001021414,0.050964702,0.34362525,0.060701776,-0.03159531,0.0015457375,0.41440222,0.07667285,-0.048463374,0.105029024,0.10489127,0.0038925633,0.079198465,0.025187358,0.22864196,0.022992715,0.051606223,0.10707608,-0.08183592,0.017415915,-0.040453464,-0.111761674,-0.06521209,0.085106544,0.0066709225,-0.058420308,0.04747626,0.49839512,0.55019313,0.000818545,0.12775972,-0.11792433,-0.024755262,0.2904425,5.262065
0.0021270346,-0.11606998,-0.020108188,-0.40860087,-0.052244835,0.06465105,0.17597176,-0.059002496,0.003093577,0.39280924,0.1787298,0.06825044,0.32476962,0.37744594,-0.14458123,-0.5250304,1.1674834,0.19959125,0.06626395,0.057399344,-0.15428033,0.4157225,0.12682799,-0.01212275,0.13565685,-0.010011327,0.0013852336,0.10508926,0.44741336,0.05847522,-0.042512465,0.0021551577,0.5482575,0.23520662,0.0009318888,0.12111468,0.107324265,-0.0033948808,0.10536601,0.051099334,0.26240563,0.027391534,0.11225709,0.17494561,-0.029103942,0.09460564,0.02648256,0.23449998,0.030203506,-0.008187338,0.01014467,0.2195764,-0.029035931,0.41806418,0.6668508,-0.023724042,0.12205438,-0.083490774,-0.059870094,0.30472994,6.4634523
-0.00028525013,0.28857592,0.0777003,0.38702187,0.018064156,-0.054141816,0.14222462,0.018032815,0.053048164,0.5676787,0.11251287,0.18724428,0.40686205,-0.2170387,0.19292335,0.37229586,1.3089981,0.017261393,0.0023883637,0.115826875,0.13883123,0.110016316,-0.02126787,0.00456124,0.19500585,0.18442027,0.0012740669,0.030147158,0.43758902,-0.078049436,0.18815748,0.14479668,0.43433324,0.12176843,0.08712282,-0.11479824,0.17029075,-0.0049857916,0.04330972,-0.004715304,0.19131696,0.009469638,0.030317564,-0.0865795,0.10898987,0.05277115,-0.055011123,-0.106894016,0.06232234,0.023340143,0.031946182,-0.10637199,-0.029886652,0.16058828,-0.120183766,-0.08426936,0.0038794884,-0.10121628,-0.012515456,0.3186343,6.355649
-0.053810753,0.3449364,-0.01768172,0.2601854,-0.114379875,0.08105981,0.19458756,0.037043415,0.013259552,0.36492327,0.18374245,0.17051347,0.08344325,-0.29915926,0.17979066,0.5946182,0.97688186,0.07510907,0.026940683,0.09658747,0.05291948,-0.00022546854,0.12608993,0.004617201,0.14182511,0.18014775,0.001021414,0.0534988,0.3602401,-0.06612231,0.14795473,0.11618979,-0.4794598,0.20213558,0.1055938,-0.102585025,0.14391781,-0.00786804,0.04186364,-0.01525631,0.15465534,0.0131756775,0.025880385,-0.06917693,0.076892056,0.05624707,0.21565713,-0.16654548,0.08041684,-0.021622015,0.0039745234,0.3050334,-0.022096328,0.3529547,0.46215972,0.59058535,-0.008029549,0.31538773,0.18235753,0.44796467,7.200961
0.04728152,0.72349066,0.1276119,0.28343362,0.20868652,-0.023219652,0.27195674,-0.022990972,0.068727985,0.1886604,-1.1086475,0.037636038,0.24458162,0.3996434,0.16202284,0.35158646,1.0115732,0.10810842,0.024025558,0.076026864,0.20198865,0.3744604,0.038363542,-0.018219909,0.10388218,0.17378339,0.00569626,0.057480667,0.411648,-0.11409201,0.22248173,0.01943652,0.5092694,0.039839678,0.12553419,-0.11234287,-0.016776191,-0.005003883,0.07547713,-0.0023716479,0.17227286,0.018433606,-0.0034870226,0.14822634,0.0034582186,-0.15539852,0.10167059,0.26712158,0.08228303,0.05692943,-0.0037191948,-0.10726409,0.007025564,-0.14042228,-0.059587345,-0.09882973,-0.00956054,-0.040740773,-0.001954602,0.3039605,5.8111486
0.00084123295,-0.18272518,-0.032079145,-0.40289614,0.019645732,-0.17819865,0.027353229,0.07121086,0.20924315,0.25926208,0.3122381,0.20452768,0.20252605,-0.2804401,0.12532473,-0.10024227,1.1049204,-0.025611777,-0.027574113,0.043050684,-0.14812283,0.22392005,0.063823655,-0.011007875,0.108587965,0.037866957,0.0014251124,0.07613748,0.43237695,0.05475599,-0.040297706,-0.014587432,0.45402542,0.07461505,-0.051763706,0.08578437,0.117306106,0.0024906017,0.07398875,0.04276358,0.18006158,0.022803843,0.0589173,0.05378852,0.03653992,0.10210711,0.15612943,0.17834237,0.0782662,0.035583068,0.009154303,0.26191604,-0.02507754,0.45908254,0.79907435,-0.2382676,0.056828853,0.07625248,-0.02113999,0.27630156,5.4911294
0.012648061,-0.11584907,-0.0105495285,-0.39279354,-0.00054279156,0.019706488,0.21263051,0.06870314,0.093373954,0.4408037,0.30335125,0.15586188,0.35288426,0.20156612,0.17452878,-0.6466713,1.2368238,0.153172,0.045186907,0.056626797,-0.0984925,0.39233744,-0.010284271,0.024731873,0.1433242,0.0133877555,0.00060508953,-0.03601178,0.34716454,0.25392178,-0.1385415,0.014153265,0.63531846,0.4692691,-0.07053316,0.13306978,0.0616334,-0.0054155877,0.07788389,0.052951332,0.22178347,-0.046303593,0.051632866,0.16126493,0.06869861,0.091146216,-0.030519871,-0.09334536,0.061085377,0.051757507,-0.004494806,-0.015664496,0.12206768,0.19671024,-0.17793904,0.34428495,0.09567648,-0.0644076,-0.017401293,-0.49849755,5.1394696
-0.0035070516,-0.33176517,-0.0065534525,0.27572972,-0.06791243,-0.17422053,0.20952809,-0.026005112,0.0704399,0.47250548,0.10502676,0.22455342,0.35196817,0.19189832,0.22221163,-0.7338468,1.2139152,0.10521658,-0.042625982,0.070316784,0.100771956,0.34041852,0.114162765,-0.03221255,0.09699078,0.15087557,0.0006166729,-0.008533232,0.38273498,-0.09861277,0.17658229,0.10666313,0.5628473,0.24185191,0.15858318,0.056801405,0.12945847,0.001422239,0.03758405,-0.0204118,0.23806092,0.016712818,0.03667459,0.14465387,-0.14010425,0.07504125,-0.03520359,-0.09062314,0.055866912,0.06473552,-0.0075673256,-0.055550948,-0.025393585,-0.09472415,0.24432759,0.028566036,0.08291152,-0.04884002,0.025111984,0.33567792,5.475803
0.071298905,-0.17151073,0.02171963,0.37871942,0.24515158,0.032369904,0.17506747,-0.05374144,-0.046193995,0.19730851,0.070010185,0.119840056,0.33276865,0.43494216,-0.06077627,0.57971275,1.2042599,0.07518174,0.040703014,-0.2457649,-0.10276399,0.00055578444,0.16743693,-0.009152915,-0.17529322,-0.0014980454,-0.009095056,-0.028817924,0.32131624,0.051111534,0.26303536,-0.0072580464,-0.32597682,-0.34649152,0.07659032,0.15071215,0.12410252,0.00461827,0.15416734,0.048561983,0.25442678,-0.022809187,0.016317267,0.29489148,0.1219262,0.081443846,-0.027196944,0.2561773,0.115767896,0.12541188,0.037535056,-0.065829664,-0.023107,0.38164535,-0.119282454,-0.1011066,-0.006564472,0.28717694,0.059459195,0.43115398,5.854364
-0.0048500746,-0.312077,-0.10544635,0.26550558,-0.067773715,-0.1999127,0.1783855,0.069117546,0.0941448,0.4801571,0.27760097,0.19079407,0.29244906,0.2936597,0.2293274,-0.7159182,1.1889063,0.17654946,-0.017334588,0.077841416,0.013368105,0.3465618,0.13703653,-0.03221255,0.09585857,0.15087557,0.0006166729,-0.002061747,0.39653915,-0.09861277,0.17677413,0.10666313,0.530539,0.2533566,0.15858318,0.0026089447,0.12350142,-0.005151559,0.041722782,-0.0204118,0.2495062,0.016712818,0.03667459,0.1460259,-0.16158451,0.07408829,-0.036619414,-0.091803625,0.055866912,0.06473552,-0.0075673256,-0.055550948,-0.025393585,-0.12169468,0.2683399,0.024435226,0.08474739,-0.053003367,0.02451628,0.2868017,5.5465145
0.008945519,-0.2945347,0.023247352,0.2593755,-0.05459457,0.0035266913,0.14418639,-0.041612513,0.009438569,-0.112927474,0.06616479,0.14484397,0.32558417,0.38754326,0.13991168,-0.61101115,1.2952869,0.14993532,-0.008832171,0.06495328,-0.084800765,0.32475942,0.06972333,0.032815803,0.10871695,0.13617082,0.003930341,0.059323616,0.42306137,0.1021356,0.21366699,0.012239342,0.43879506,-0.30655968,0.064298965,0.07720877,0.09901085,0.0015538298,0.13100249,0.05557276,0.17809117,0.02286921,0.061329626,0.17069708,0.009752227,0.015858896,-0.022581724,0.23204696,-0.04675616,0.11280036,-0.0012837271,0.016746026,0.046876244,-0.04846084,0.64012426,0.337191,0.10658683,-0.07445982,0.0026294398,0.58550495,6.2076187
-0.058678515,-0.13429227,-0.1178765,0.32132676,-0.06460872,-0.12328185,0.060698964,0.01769906,0.18583483,0.4053873,0.09337272,0.22964683,0.36268866,-0.24266712,0.23692459,0.62144154,1.2458847,0.05482286,-0.01985649,0.07754685,0.04075686,0.3414635,0.10709075,-0.015514726,0.12679939,0.18627869,0.0012740669,0.013472863,0.45260218,-0.100421205,0.20473422,0.09141806,0.54024476,0.25283095,0.13775997,0.035676986,0.124957465,-0.0049857916,0.04525695,0.0011826241,0.2514571,0.016637452,0.03289334,0.14019606,0.09576951,0.050596707,-0.040649477,-0.1215689,0.070117034,0.08410246,0.0051951637,-0.0467025,-0.029886652,0.15656433,-0.1454802,0.01960278,0.07719478,-0.085374236,0.043549888,0.3113917,6.6204987
-0.00055680797,-0.34926787,0.07670531,0.31353745,-0.053877827,0.09764665,-0.14842896,0.05558624,-0.0051153395,-0.36961737,0.3520517,0.21786547,0.22623388,-0.21865602,0.1907318,-0.18319526,1.0880548,-0.054134134,0.0042321137,0.032713182,0.13906567,0.28764614,0.16542932,0.0004630573,0.1320977,0.13770428,0.003930341,0.036687836,0.43064722,-0.09657706,0.1447412,0.13988408,0.518935,0.21023345,0.11619748,0.08779639,0.10766006,0.003012646,0.108069144,-0.038525186,0.18051401,0.028004255,-0.06770724,-0.09381613,0.060004808,0.03626878,-0.0359643,0.23175476,0.056945488,0.096379064,0.042539895,0.0760655,-0.020527847,0.43530348,0.7009837,-0.33264968,0.040664658,-0.035198092,0.21186723,0.52537584,6.044416
-0.055598155,0.37271765,0.06279289,0.355561,-0.10298721,0.13114476,0.1482258,0.024901507,-0.00820438,0.032238133,0.11418174,0.18576522,0.33874428,-0.36657783,0.15008302,0.111027464,1.0414734,-0.27824655,0.01009039,0.053181503,0.09637355,-0.3462312,0.13063025,-0.039841633,0.15473029,-0.024916077,0.00060508953,0.08293696,0.3499228,0.036356978,-0.032689407,-0.01659956,-0.44788513,0.14004521,-0.027520232,0.09572333,0.17862105,-9.928318e-05,0.100206554,0.050223786,0.21090955,0.0131756775,0.07767508,-0.14488676,-0.037378583,0.08239059,0.18672316,-0.1622615,0.100490086,-0.07691479,-0.017347524,0.32583702,-0.022913713,0.48571628,0.5171395,0.6785303,0.026348783,0.2864817,0.19513072,0.5624863,6.0884395
0.072290145,0.57013196,0.14920385,0.26917985,0.25920773,0.009872927,0.22066161,0.04473348,0.09432729,0.47379223,-0.081643276,0.0010823216,0.30654275,0.39178902,-0.098760925,-0.3649746,1.1592695,0.14923538,0.061247863,0.06094333,0.104784876,0.36606413,0.12312263,-0.02612102,0.11232054,0.15142839,0.001021414,0.03360062,0.3200837,-0.1137016,0.28624797,0.1263124,0.47289863,0.22882524,0.11281778,0.11188146,0.15735273,-0.0062118866,0.032512847,-0.006570326,0.1028343,0.018433606,0.005067652,0.057136267,-0.001113927,-0.13377143,-0.03226288,-0.11690822,0.05567048,0.06273159,0.03781246,-0.0987543,0.052272633,-1.1908834,-0.10250141,-0.09722949,0.020938715,-0.099611655,-0.007072771,-1.1966932,3.672898
-0.00049937144,-0.39417884,0.012564898,0.31273633,-0.063260086,-0.028558584,-0.18131848,0.02280299,0.033770353,-0.40490332,0.31519356,0.26235402,0.24442859,-0.24961013,0.16123636,0.500958,1.095263,-0.014646228,0.030171016,0.04691415,0.037728496,0.32647154,0.15210597,0.0004630573,0.13871095,0.17737481,0.003930341,0.032614086,0.4330212,-0.08678368,0.20489253,0.13294935,0.4804519,0.19196267,0.1200481,0.06824572,0.09782191,0.0015880065,0.06377658,-0.03362474,0.21526346,0.028004255,0.028284796,-0.09719342,0.056622617,0.051033977,-0.011434564,0.2331403,-0.009177128,0.1152576,0.019749884,0.20169611,-0.020527847,0.46651256,0.039746758,-0.15881823,0.03137355,-0.034273766,-0.012153974,0.51153237,5.899806
0.103228845,0.5283547,0.013302708,0.34897348,0.2704107,0.06629684,0.30252603,0.08320083,-0.032714505,0.20221251,0.23177391,0.04958002,0.27659333,-0.45315173,-0.10130441,0.7018729,0.5782298,-0.24114284,0.0876826,0.09749221,0.082007244,0.40146795,0.1541891,-0.008450268,0.14084801,0.19391584,0.001021414,0.050159995,0.43974772,-0.08491138,-0.032150656,0.15317246,0.40734807,0.072967365,-0.06534314,0.13504133,0.19208342,-0.0024645636,0.10791438,0.03514439,0.2826222,0.018433606,0.0829628,-0.051061224,-0.0181593,0.03668969,-0.036122397,-0.06860862,0.089762904,0.019625261,0.026410459,-0.090368964,0.029810872,-0.06590068,-0.07534033,-0.024525926,-0.032627188,-0.09127985,-0.005879195,0.59216905,6.1057396
-0.0022844896,-0.35007027,0.032278184,0.28041047,-0.0046172207,0.19627914,-0.011248715,-0.04461091,-0.09100101,-0.29811388,0.028107172,0.16078559,0.3450654,-0.24722254,0.15374762,0.07120958,1.1412994,0.037477855,-0.037091248,0.03958542,-0.026925344,0.34022716,0.029389264,0.00017437106,0.12166743,0.0061343126,-0.013181504,0.08424954,0.3848596,0.060314473,0.16287833,0.005504351,0.29316446,0.19486482,-0.015603367,0.08681843,0.007465113,0.0029061504,0.08894698,0.097293854,0.21255705,-0.090044186,0.07159371,0.21257257,0.004162317,0.079104945,0.1441171,0.2330697,0.106165476,-0.104566164,0.007088511,0.32025936,0.041337833,0.38676873,0.06461011,0.6132279,-0.014535198,0.07442489,0.14952831,0.35965222,6.1822286
0.089908116,0.86720717,-0.05042211,0.24782522,0.035100743,-0.010644073,-0.17597991,0.0043424554,-0.007597387,-0.31354997,0.31561527,0.009645306,0.33750585,-0.14794484,-0.07494214,0.56079155,1.222345,0.024883293,-0.0027855858,0.07462906,0.06787106,0.23741329,0.1521108,-0.006198119,0.119832374,0.19328216,-0.009095056,-0.0006327741,0.42764893,-0.10434962,0.13915898,0.008808794,0.41238293,0.08473733,0.10964533,0.1549444,0.11925949,-0.0023914496,0.15487525,0.06363518,0.20012544,0.023181248,0.0040279552,0.14834152,0.044304237,0.021023111,-0.030738156,0.31524637,0.074466944,0.07882045,0.021372607,-0.09922458,-0.019272907,0.29697353,-0.11417313,0.18233937,-0.027295928,-0.027196767,-0.0015905956,0.5366704,6.9562726
0.06430789,-0.0068631703,-0.02334126,0.33719966,0.21980791,0.16808867,0.28033656,0.099809915,0.03239833,0.57251173,0.27055162,0.079165995,0.3600489,-0.1330676,-0.028875856,0.74955875,1.0842761,0.085734665,-0.015463907,0.08919606,0.12812275,-0.08390261,0.04164112,-0.0036583133,0.052223198,0.18665338,0.001021414,0.055422697,0.32260945,-0.084460266,-0.04404021,0.14629303,-0.4753128,0.07814909,0.15069021,-0.115330786,-0.080386035,0.025187256,-0.04763096,-0.015683116,-0.3443408,-0.031544764,0.0071398336,-0.12243007,0.07323356,0.028400637,-0.050869673,-0.12167044,0.06739475,0.025708385,0.0070789587,-0.13295707,-0.02668526,0.090016775,-0.09794742,-0.10321841,0.0039915396,-0.10701994,0.0038265572,0.26520815,3.956305
0.059741635,0.7561378,0.085389495,0.25156415,0.28730467,-0.19117664,0.0005615745,0.11165402,0.45087197,-0.26636663,0.3016861,0.20169534,0.18186256,-0.32018653,0.10534989,0.27748412,0.8694819,-0.10568942,0.017200911,-0.00044026691,0.040500037,-0.11618017,-0.0109122405,-0.012666149,-0.16313167,-0.005215225,0.0014251124,0.055682275,0.26142693,-0.08921024,-0.0048500807,0.10815877,-0.43191415,-0.0077305157,-0.11126284,-0.14437108,0.16932867,0.0074837906,-0.05599118,-0.029123185,-0.15052855,0.014292646,0.027801149,0.2005185,-0.034200616,0.05680166,-0.05560769,0.24421063,-0.019117694,-0.057256915,-0.0059483573,0.08057209,-0.019924987,0.4101502,0.8397334,0.03777647,0.018040156,0.38031167,0.2223639,-0.80803055,3.91753
0.023790535,0.68306005,-0.035686605,0.37925604,0.23038606,-0.05274488,-0.07663453,0.0027871318,-0.0138293775,-0.20532134,0.32008088,0.19245945,0.30805543,0.28816113,0.12620695,-0.25961635,0.92360884,0.0362231,0.076077476,-0.13216643,0.018265165,0.005581367,0.1580127,-0.0078015523,-0.15705317,-0.015290198,-0.009095056,-0.029068124,0.3467408,0.047958832,0.30732542,-0.00019728951,-0.27121872,-0.330413,0.05383057,0.100618415,0.10986963,0.0031547614,0.1556967,0.09174739,0.22804226,0.005961826,0.014189304,0.16323356,0.0861348,0.030657256,-0.014958961,0.24311836,-0.0045998245,0.052627638,-0.00051634945,0.19848175,-0.023812655,0.3717643,-0.14605662,0.599213,-0.06363254,0.36750236,0.015689004,0.5844916,6.100348
-0.015416672,-0.15951404,-0.023582706,-0.31589302,-0.013125418,0.17423083,0.06919262,-0.03716091,-0.096993454,0.7673453,0.22693108,-0.0028054751,-0.1493769,0.43593186,-0.06977269,0.21316198,0.5219765,0.21555102,-0.037047632,0.08022261,0.12560347,-0.061218586,0.08167203,-0.015880898,0.14852144,0.011521883,-0.009095056,0.095693186,0.4341545,0.23064865,0.017332444,-0.07919537,0.66975355,0.3135947,-0.00041557476,0.11266324,0.04373832,0.0035247267,0.063430995,0.087225854,0.26034304,-0.019301375,0.10069616,0.18702061,0.11147063,0.113498464,-0.03902265,0.22793248,0.045791283,0.01750259,0.029211942,-0.04511475,0.113409705,0.20102774,-0.11100218,-0.10212659,0.12371081,-0.06220255,-0.056920506,0.33680943,5.4898624
0.009046253,-0.23376416,0.07086891,0.33476803,-0.0860566,-0.2060078,0.16084339,-0.08153674,0.029501349,0.23384777,0.11674426,0.14534622,0.2924769,-0.16102242,0.13508113,0.43839523,1.116868,-0.067536056,0.03305252,0.09140101,0.07276102,-0.16102977,0.069757186,-0.026354432,0.07681668,-0.15965217,0.0006166729,0.07340595,0.2798371,-0.084074855,-0.08631823,0.13894257,-0.48399392,0.18653478,0.09769524,-0.1347097,-0.01878875,0.007095428,-0.06334839,-0.0056526577,-0.2448084,0.013679925,0.009943621,-0.08673739,0.06330128,0.082735494,0.20575072,-0.10895845,0.077020146,-0.045579728,-0.005956944,0.40298665,-0.025394544,0.2663998,0.6787872,0.67092186,0.019616459,0.2548652,0.21543841,0.3884349,4.9843035
-0.009989662,-0.13995053,-0.01918413,-0.5005724,0.003231654,0.12159005,0.17920119,-0.053316355,-0.069705084,0.48314762,0.14776194,0.08043028,0.34563893,0.46056116,0.23121916,0.24001819,1.3287382,0.19150078,0.03428263,0.08901395,-0.20147525,-0.28429744,0.10677477,0.041424215,0.19765879,0.17788762,-0.013181504,0.09090741,0.4772135,0.23708709,-0.011875111,-0.12344758,0.6168246,0.3928795,-0.004353434,0.07598621,0.04000678,0.006096582,0.09185483,0.082457975,0.3003303,-0.019301375,0.08846985,0.20940283,0.14644751,0.11838657,-0.019688535,0.25194415,-0.061415404,0.017763976,-0.023334678,-0.04922253,0.08655549,0.20397392,-0.36138925,-0.031014714,0.11240645,-0.08378362,-0.079479024,0.18832423,6.135423
0.10431383,-0.12430825,-0.032357357,0.4705631,0.21567528,0.24040331,0.19754678,0.10443969,0.0015396876,0.5538246,0.20192699,0.09332922,0.30413628,-0.11886889,-0.042970892,0.7603374,0.81104076,0.09163159,0.026280368,0.083531216,0.12179474,-0.17419642,0.08874956,0.0012387568,0.12118304,0.19510981,0.001021414,0.049123302,0.33972937,-0.10217291,-0.03999532,0.12905738,-0.322674,0.20217896,0.07082639,-0.12926687,0.11719812,0.027510375,-0.14758362,-0.0035504848,-0.32660392,-0.0057861865,0.012292851,0.20441605,-0.06343355,-0.0984073,-0.05023206,-0.08854678,0.11935567,0.04698877,0.024439888,-0.14107968,-0.028218236,-0.017920852,0.00846145,0.010602025,-0.058532245,-0.11344592,0.004179291,0.26793933,4.1937647
-0.019029573,-0.42667842,0.0606776,0.29149747,-0.047625493,0.1413208,-0.1632502,0.09569303,-0.086627476,-0.4413316,0.3518222,-0.4972152,0.30432346,0.4798067,-0.14293629,0.19433776,1.0499667,0.080579594,-0.011356529,0.08976616,0.08587921,-0.005653495,-0.0811817,-0.011837708,0.15390176,0.16244335,0.003930341,0.088962376,0.3772726,-0.10110874,0.03340047,0.13086274,0.52352107,0.07160507,-0.044759035,0.15761891,0.13192596,-0.003510248,0.059344824,0.07238325,0.2975479,0.0092505,0.09655474,0.12999125,-0.026061457,0.10256593,-0.027119711,0.3120487,-0.07876087,0.059939705,0.00022555515,-0.11447891,0.09061613,0.46871656,0.6500701,-0.01339755,-0.007219932,-0.08090425,0.011661831,0.28592187,5.27591
0.044040322,0.8337014,0.10736728,0.33005112,0.24788134,-0.044768266,0.2571114,-0.018779514,0.3657919,-0.18014988,-0.7786236,0.072405234,-0.11666868,0.29637268,0.1669925,0.75008565,0.5269344,0.07085314,0.06354127,0.08000314,-0.014016341,0.021507006,0.11939404,-0.006523825,-0.16679624,0.17149967,0.00569626,0.026811562,0.42119226,-0.01929446,0.21114153,-0.0005445061,-0.3199772,-0.31599912,0.06799621,0.07292044,0.09510639,0.008168248,0.13470209,0.019424686,0.19422296,0.004844857,-0.013455246,0.116325125,0.09215369,-0.07934625,0.2798838,0.32170776,0.0965032,0.04424824,0.0057180617,-0.05482837,-0.017854314,0.2274958,0.021010067,0.019501466,0.071081996,0.065303035,0.013324898,0.66467744,5.6790695
0.087167986,0.8881415,0.04122295,0.3603058,0.29654968,0.008374551,-0.0049483962,0.053407304,-0.015460355,-0.082469285,0.3080177,0.08344339,0.25812194,-0.18654956,-0.07120665,0.60707706,0.9908544,-0.10883603,0.058376245,-0.20074922,-0.048549403,-0.14085464,0.088611186,-0.012450236,-0.22294739,0.00021209009,-0.009095056,-0.026030777,0.3834178,0.04151371,0.11295246,-0.07605747,-0.41541266,-0.41411024,0.068120286,0.08819213,0.08291453,0.0051932246,0.11144093,0.06632852,0.18708137,-0.022912795,0.014781351,0.25017497,-0.024551155,0.07021033,-0.027308894,0.27151442,0.035206236,-0.062560394,0.005446924,-0.07988316,-0.022648597,0.31612262,-0.021681206,-0.0721942,-0.002266449,0.36612678,-0.06477915,0.54724723,4.717356
0.002596966,-0.35684213,0.019579992,0.3040225,-0.09944662,0.10426336,-0.18241888,0.026126388,0.00094466656,-0.34291175,0.35966593,0.251344,0.25817388,-0.2840739,0.12601478,0.48883462,0.97533786,-0.0393341,-0.09107637,0.041235533,0.14036609,0.18660825,0.13368225,0.0048691863,0.11603786,0.009925889,0.003930341,0.07690737,0.46515885,-0.08245568,0.20933454,0.13982877,0.4169859,0.18328278,0.08059869,0.080691434,0.124087624,0.0024906017,0.11156045,0.06081517,0.23030357,0.021460459,0.08195249,-0.108829066,0.019216776,0.09972957,0.12966631,0.23505904,0.05183532,-0.046527904,0.022053672,0.29161048,0.017504064,0.43656287,0.36607292,-0.15813163,0.021107793,-0.026218044,-0.009194308,0.5223909,6.224368
0.013000319,-0.3230921,-0.020193178,0.27270615,-0.058453403,-0.10106267,0.17616127,0.030115968,0.04666467,0.3476083,0.22882529,0.22880109,0.25997502,0.3372624,0.19895403,-0.6564584,1.1711137,0.12856294,-0.012127664,0.07990918,0.11741171,0.32051092,0.14706436,-0.012736907,0.13050452,0.16788316,0.003930341,-0.015564308,0.42249846,-0.11242975,0.19192432,0.10681591,0.5337549,0.21900918,0.14061396,0.051161863,0.10691061,0.0005423217,0.045343094,-0.020014808,0.19707914,0.020847738,0.037540007,0.1499102,0.079426676,0.07107423,-0.019518396,0.21091916,0.06745051,0.08610246,-0.0030991393,-0.062262006,-0.020258226,0.2974459,0.5896495,-0.092994325,0.09130257,-0.050144736,0.11329394,0.32904333,6.986215
-0.01183494,-0.13271418,-0.01918413,-0.5005724,0.003231654,0.06741249,0.19335467,-0.05053947,-0.088988125,0.43555117,0.15250291,0.102837265,0.33706978,0.46540087,0.2381903,0.22486454,1.3219863,0.19150078,0.03416333,0.08185553,-0.19547464,-0.2782333,0.14456706,0.041424215,0.15668039,0.17788762,-0.003205517,0.09036927,0.45107535,0.23276745,-0.01691886,-0.07919537,0.6156466,0.37296432,-0.004353434,0.0968569,0.06758368,0.006096582,0.09185483,0.082457975,0.3097683,-0.019301375,0.08846985,0.21243021,0.12905063,0.12700924,-0.032914914,0.21820624,-0.061415404,0.017763976,-0.023334678,-0.049705833,0.08655549,0.20582038,-0.32217315,-0.0013647219,0.11240645,-0.08378362,-0.079479024,0.17355154,6.104499
-0.009989662,-0.13586405,-0.01853087,-0.49871022,0.003231654,0.1629489,0.16966718,-0.053316355,-0.069705084,0.56231505,0.15295756,0.08043028,0.28514373,0.45708063,0.23121916,0.24831307,1.180153,0.19150078,0.03428263,0.1033698,-0.22296919,-0.28509554,0.10700365,0.041640718,0.19765879,0.17375138,-0.013181504,0.09090741,0.46133876,0.23708709,-0.018492578,-0.12344758,0.6191492,0.3928795,-0.012971226,0.07598621,0.04000678,0.006096582,0.092620276,0.082457975,0.29087117,-0.019301375,0.08747783,0.21210666,0.15592672,0.11838657,-0.01972295,0.26583695,-0.09254153,0.017763976,-0.023192063,-0.049241714,0.08644254,0.21125357,-0.41809747,0.0047837244,0.11240645,-0.08311096,-0.05592349,0.1831339,6.0041823
-0.004304521,-0.18255173,0.012263778,0.27836308,-0.078104116,-0.07285471,0.3142516,-0.036791034,-0.015597938,0.40006578,-0.29428503,0.076653406,0.19878794,0.4270961,0.18131371,0.27191225,1.0011269,0.19686873,-0.041474316,0.09196618,0.12933147,0.4999972,-0.04101317,-0.0088055935,0.15586971,0.19626682,0.00569626,0.0722709,0.46984035,-0.12195743,-0.0041287076,0.11573348,0.6400937,0.31164515,-0.059252605,0.08961878,0.13208695,0.0065585077,0.16584054,0.046158053,0.2835398,0.02034349,0.09197906,0.09152242,-0.00648822,0.08590086,-0.02120424,0.23177683,0.10331203,0.02819973,0.01915248,0.023707917,-0.020258226,0.32990393,0.08255199,0.046053357,0.10188797,-0.053928513,0.040472455,0.33529252,7.3402743
0.024143077,0.86421627,0.03080215,0.31610104,0.21492186,-0.057381865,0.26626658,0.03399857,0.46876612,0.046816193,-0.7322918,0.08610441,0.18239312,0.3953651,0.16590776,0.821963,0.7706418,0.13758975,0.08404806,0.10080181,0.17390715,-0.0021589715,-0.08108929,0.0062227743,-0.18943381,0.14807025,0.00569626,0.03194025,0.32400614,-0.03168821,-0.04289042,0.0028364938,-0.2984329,-0.3184775,0.09344854,-0.13416308,-0.10697592,0.007964881,0.030863687,-0.040123664,-0.5791937,0.004844857,-0.020772215,-0.14167534,0.11145645,-0.021597886,0.3292385,0.2775265,0.099435225,0.050441377,0.043216556,-0.15957996,-0.017565388,0.21064709,-0.029635075,-0.065123975,0.20219454,-0.05344099,0.019548517,0.5377051,4.5983653
0.0015525436,-0.19303259,0.035596747,-0.061407,0.008370835,-0.22509757,0.05235917,0.0557838,0.18038486,0.24043424,0.31540778,0.21633261,0.24543409,-0.23974437,0.13225405,0.3399509,1.1731956,-0.038665712,-0.027574113,0.0812031,-0.029932696,0.32600945,0.13314553,0.0032190252,0.117348,0.16483453,0.0014251124,0.08385712,0.41482288,-0.084464446,-0.017032083,0.02016267,0.44577745,0.093646675,-0.05682052,0.10228806,0.13498402,0.000151315,0.14779615,0.038011298,0.21647158,0.021460459,0.094180055,-0.06216518,0.08132332,0.09869994,0.15478067,0.18560563,0.072860606,0.026923805,0.013028661,0.28479683,-0.017821543,0.4594691,0.6925639,0.5735473,0.06582331,0.14084505,0.19162774,0.29287627,7.918865
-0.016469734,-0.1628616,-0.021921078,-0.42306164,-0.04043235,0.07200967,-0.00086422265,0.04213529,-0.10005153,0.26004127,0.17754556,0.0030380972,0.23177062,0.28689364,-0.111874305,0.5440315,0.9024529,0.17730609,-0.036174618,0.069273025,-0.1258646,-0.0899615,0.12875411,-0.01782499,0.12244725,-0.0060928557,-0.003205517,0.10842584,0.36289915,0.20161124,-0.01470813,-0.08065829,0.5824519,0.26466072,-0.012674827,0.095494695,0.030442037,-0.0005846941,0.07273055,0.039394025,0.25525734,-0.06115625,0.11644852,0.2184169,-0.041999374,0.11815703,0.19359876,0.26137075,0.06504244,-0.024534741,0.031161932,0.21458364,0.063089795,0.43194193,0.618555,0.20586114,0.09166503,-0.092144266,-0.061663546,0.22991651,6.344091
0.017800607,-0.121536724,0.013684183,0.2752322,-0.016610697,0.08504606,0.29494455,0.07023409,-0.079370774,0.5624324,0.2821377,0.09532741,0.31411958,-0.21148936,0.0041709463,0.13479164,1.3745118,0.0074637383,-0.0069781467,0.09859614,0.18816556,0.5383973,0.19784087,-0.002080826,0.177462,0.20634171,0.001021414,0.06212353,0.4853584,0.024807308,-0.029943677,0.014178041,0.60144585,0.09647158,-0.017765593,0.15520403,0.1718239,-0.0025523403,0.12977438,0.057996836,0.29398152,0.022064278,0.10663962,-0.09210163,0.112255566,0.059460312,-0.03861349,-0.09388579,0.071796946,0.031423435,0.013330935,-0.08683393,-0.029460583,0.17254636,-0.10786351,-0.101897724,0.0040606055,-0.08454031,-0.009845771,0.36977348,6.862868
0.019433636,0.6529783,0.10371493,0.3274895,0.20860876,-0.040216133,-0.08052205,-0.011855684,0.03877612,-0.28548703,0.30129713,0.116188794,0.2694695,0.2473121,0.18551707,-0.70300925,0.5681921,0.13441786,0.0339587,0.037865512,0.003537462,0.06876686,0.008381238,-0.00203548,0.12117946,0.15299678,0.00569626,-0.008840071,0.32164443,-0.09209194,0.28035253,0.086010024,0.2798153,0.032347523,0.071474545,-0.12121169,0.054727063,0.00964259,0.028133582,-0.039382823,0.153628,0.012066886,-0.029698336,0.13624424,0.0434575,0.059206694,0.08058378,0.2846875,0.10272781,0.020331796,-0.0043191183,0.34761113,-0.01791302,0.38410643,0.10468807,0.4557978,0.06987952,0.29535797,0.0022800434,0.5497841,6.435783
-0.011332685,-0.11112327,0.0209731,-0.29472515,-0.075811274,0.1596321,0.15029965,-0.05320566,-0.033513214,0.56018305,0.14257844,0.07419375,0.18289162,0.44017625,0.20173246,0.092059605,0.7148287,0.18027979,0.029369865,-0.22455437,-0.22173692,-0.32859743,0.10963167,0.041557543,0.13394974,-0.07896918,-0.013181504,0.07413404,0.44462413,0.23063478,0.13116084,-0.12344758,0.6171456,0.3641033,-0.05455593,0.09357561,-0.004642971,0.006096582,0.090933554,0.0848643,0.2936874,-0.019301375,0.07823993,0.23289128,0.15592672,0.11620273,-0.024937563,0.29825866,-0.059417315,-0.005628663,0.02654244,-0.0769382,0.06359484,0.22172941,-0.36122534,-0.06786914,0.118513435,-0.03963162,-0.054407418,0.32519802,4.963641
