shap_mag_rmi_fvd_bmc,shap_mag_rmi_thg_bmc,shap_mag_rmi_as_bmc,shap_mag_rmi_tdr_bmc,shap_gra_ggr_hgm_bmc,shap_gra_ggr_tdr_bmc,shap_gra_ggr_fvd_bmc,shap_gra_ggr_as_bmc,shap_gra_ggr_uc500_bmc,shap_gra_ggr_res_bmc,shap_rad_k_bmc,shap_rad_th_bmc,shap_rad_u_bmc,shap_rad_k_th_bmc,shap_rad_u_th_bmc,shap_rad_th_k_bmc,shap_rad_u_k_bmc,shap_geochem_ag_ppm_idw,shap_geochem_as_ppm_idw,shap_geochem_ba_ppm_idw,shap_geochem_bi_ppm_idw,shap_geochem_cd_ppm_idw,shap_geochem_co_ppm_idw,shap_geochem_cu_ppm_idw,shap_geochem_fe_ppm_idw,shap_geochem_in_ppm_idw,shap_geochem_mn_ppm_idw,shap_geochem_mo_ppm_idw,shap_geochem_ni_ppm_idw,shap_geochem_pb_ppm_idw,shap_geochem_sb_ppm_idw,shap_geochem_sn_ppm_idw,shap_geochem_tl_ppm_idw,shap_geochem_zn_ppm_idw,shap_geochem_pca_pc1_idw,shap_geochem_pca_pc2_idw,shap_geochem_pca_pc3_idw,shap_geochem_pca_pc4_idw,shap_geochem_fa_factor1_idw,shap_geochem_fa_factor2_idw,shap_geochem_fa_factor3_idw,shap_geochem_fa_factor4_idw,shap_sum
0.004891118221250039,-0.012673526756084179,0.052384701463164256,-0.005393715814021526,0.027327492235533574,0.0030866945998675294,0.005705617083697408,0.04287944551593289,-0.0005757808543857438,0.007435345448977462,0.02803752242354128,-0.006758421832502035,0.0050930380918783194,0.0042724021864359195,0.023428994598723045,-0.008297090217917212,0.0066180820007997986,0.005851640453696283,0.00903814280396569,0.0010357074415700105,0.0020327312257043253,0.01031581673344814,0.008198252549861503,0.005318840280934247,0.008506788151366223,0.011471231564823235,0.01813098411352892,0.005786312890884568,0.019939125618816306,0.006603614129311669,0.005808704232207939,0.007596891917886376,0.0036883629965852632,0.0059746434091883125,0.025111859454852288,0.043457265610470475,0.004181870410296347,0.015459561354063112,0.02201748360243945,0.002150346522576893,0.0023185095011729368,-0.0003190774441186593,0.4271375279204227
0.003226238538002969,-0.015134076309378689,-0.01601622709970393,-0.006656563760273802,-0.0052286252349702245,0.006307065316180127,0.008319726465557812,-0.00790119387364721,0.005220322512753784,0.010637652169687633,-0.0009161789016424645,-0.031255309045640514,0.017758600634776116,-0.007963516427204071,-0.007106825108880861,-0.029047488626614642,0.013052606940477947,0.005772191127342318,-0.004999841196430782,0.0019057527684413805,0.007114081717506546,0.014371118142944605,0.0028560419400107655,-0.0029400875636703635,0.0010435693567014432,0.01006812333183087,0.007655167251061961,0.003956708780043852,0.0117790256203164,-0.0010283445273361295,0.003511966556416545,0.01014239841476217,0.0012994625717731448,-0.0017838597480445372,0.03572743322284354,0.026238757198187388,0.0026596166968391468,0.013830292994886395,0.03465474137569785,0.006832607704862863,-0.0003747180834478134,-0.0022618795099060554,0.1253265343331135
0.03331898527805842,0.028223840750791148,0.045836051380742655,0.04726185930782963,-0.004139637512198348,-0.008255730695629324,-0.002467892586634247,-0.0039737553934463465,-0.003976953173979721,-0.0015168823979454162,0.017209356557983096,0.046355918443216994,0.003068205053348001,0.0004669610309350398,0.013970534969062141,0.05079528648947151,0.0041670545734263575,0.0030382587903325306,0.005498511340067812,-0.0028974131962762003,0.0022337294525532135,0.0073182948941854335,0.003536099445319283,0.0018527187815219229,0.007500406084140219,0.004202315093870239,0.008476955831726524,0.0041024094832748425,0.0006613850727237227,0.0030980164707363395,0.0007402443780970611,0.005749245362566188,-0.0018642764367260679,-0.0003094467444988238,0.008205533312258758,0.030942138038050217,0.004319419504448829,0.01671496352056175,0.015688284387400477,0.007769646415622447,-0.0026002871736407877,-0.00023745413992120421,0.4000829000434263
0.02830428691833906,-0.015322155723539833,-0.01977653763920186,0.020215471062308213,0.01141419528845814,-0.0006726218527134205,0.003768869655001806,0.020765308672928307,0.00494296915248806,0.006421037548811032,0.02343140326730574,0.052096497154192616,0.0022881767440689513,0.0042191857728682575,0.014748533218889753,0.0264195826798796,0.00557172366472702,0.0022073422587772524,0.0024686573775036845,-0.001623740693085362,0.002184928337348902,0.008824664569501508,-0.0011214668534295378,-0.0017168176995931799,0.007639756164427668,0.00032871539649926754,0.002677095022781164,0.004381018217805356,-0.004597311575572738,0.0015405783269216518,-0.0037536482392196303,0.0002629387783737562,-0.0036144067097937244,-0.0030138872378297167,0.013133724699596028,0.029767498657030367,0.0022031122757264366,0.013241344582668535,0.01964723563842907,0.005921751186976168,-0.0031074012991782005,-0.0049929101677795825,0.27772469659969656
0.05911013749297588,0.057526371705943,0.08146043877970922,0.07018383917098478,-0.003502788743063847,-0.001299327545969276,-0.000310439828549558,-0.006397540357206881,-0.0007527116901426935,-0.0008274630120841222,-0.006420012287773162,-0.01762602223162057,-0.003575545696927186,-0.0030568548882500364,-0.006578411701147704,-0.01834052049852224,-0.004288670010788337,0.008002320199366,-0.002335048710528752,-0.0024926289350639956,0.003599645531513179,0.006058575024770237,0.00042549775933358374,-0.002425989228748929,-0.004279869079022484,-0.0012268311984170324,-0.00918002541600424,-0.0013497995310991443,-0.02290020234614855,0.0007256262454227095,-0.002909639781557621,0.005868038711799849,-0.0013701173389733276,0.006999008093428488,-0.024041290610945405,-0.034931392962797854,0.0029480882174879692,0.015321578365544555,-0.023078262128808653,0.006438956605876899,-0.0014024360453810903,-0.004998162230585531,0.11277011786802812
0.0266408242268047,0.03862153132010416,0.04773358922403475,0.04327237180062676,-0.0017573139297761258,0.003830242976825319,0.0059427717466371995,-0.00603306664695125,0.002236041616333105,0.005650308237525898,-0.0010223178705667736,0.054601610362421005,0.0007724109620525102,0.006749726903387461,0.019408156596219635,0.05194048943536082,0.003344410260650133,0.0009148495201917599,0.00465245602636245,-0.0025218809005624378,0.003349989433370745,0.009222925747153582,0.006202618605682983,0.0011053416089861238,0.006406635553947445,0.007181934954409914,0.01355909806671415,0.004970712225601209,0.01445463357459097,0.0018022650973153471,0.004248325281756929,0.004174294311373171,0.0011723609312231517,0.001371198424077948,0.01768500182999222,0.032826801937584686,0.0027316367569089127,0.015534490223294757,0.01753067993752366,0.003487748457307894,-0.0004638834966888641,-0.00016705491221007563,0.47336496641759795
0.020169170430135594,-0.013371393783037385,0.033829166605119164,0.0019471251029778709,0.00976505711959069,0.0007574242780007554,-0.005159352178633893,0.01325997073215643,0.004868701141612891,-0.0007731525389144781,0.023176221795531218,0.04463421918843671,0.0015088937096399088,0.00312896109165917,0.012519526361583329,0.04675496093767483,0.003437369876999326,0.002648569749538342,-0.00027712300213994365,-0.001028773204393113,0.004250147497230133,0.011074012082079834,0.002648780678744087,-0.00047096912469943617,0.004036949639738668,0.008246221307358583,0.0075160937463058745,0.0033162282991213597,0.010203846011514526,-0.006616522096982575,0.0011655652424541517,0.005975160540335508,-0.002173931383428725,-0.011213516410172165,0.019071676862661674,0.029617173042911258,0.002657766265309772,0.014697848424059306,0.025486980761820797,0.0054628821478620625,-0.00109386441024034,-0.0021814627885965317,0.3334726097489253
0.032416084471649446,0.04471278547539025,0.0572762574242096,0.05127888335350375,-0.011141936136465466,-0.008927133101303279,-0.0006594162778680761,-0.008154094891455216,-0.0038277127059255637,-0.0009060311131853202,0.0003559799465702469,0.047828622742107994,0.00294067622406106,0.006599860724671155,0.014086271134276452,0.04918081853867381,0.004130930750453981,0.0037526633862187096,0.004155500934821447,0.0005356505579398131,0.0028340006849172385,0.010704425278842543,0.0030843145281534826,0.0009235255599070226,0.006787741742693897,0.0033333452280737016,0.009580603856390434,-0.0026110712217573707,-0.0052200567130163515,0.001765650747823589,0.0009626787812740557,0.0048499721411851245,-0.0014615347954556707,0.0011201121649906736,-0.023311942232064356,0.024934106913115556,0.0022294911358855043,0.017387279120811346,0.011781290426510996,0.007260229120367942,-0.004063354857449327,-0.0005639807634359897,0.35794148828610883
0.02642052937416995,0.028147554509839374,0.04429545267443515,0.03765430584899582,-0.0012587110070592065,0.004135935297442507,0.005771312039373305,-0.004119454620194762,0.0034696196523141026,0.006108472012517695,0.02277121164543965,0.057905014216922894,0.009938753547681905,0.0037289481196229293,-0.009152787160959033,0.05489348243897606,0.007148284346204024,0.001254379363309415,0.0042300706079449425,-0.001611460364255643,0.004199014734331827,0.009988520592988317,0.0044459024456501815,0.0011700492295928675,0.0056826962614795985,0.0072106104435791935,0.010956124420769233,0.002852313710543138,0.014031370393294877,0.0006727600801934737,0.0045500144241596005,0.005020161536126955,-0.00015208101317653954,0.002161297640881743,0.01656036686927979,0.03235672085419191,0.00126096192801834,0.015425200878487035,0.016092889701909998,0.0018058238349031761,0.0003388556871283337,-0.00106739968028234,0.4572930875167717
-0.0076774006048472895,0.02869479849857523,0.041787033008258326,0.032377992941164696,0.01224577273968749,0.0022375949000360885,0.0024991011780596756,0.022221723081034456,0.0022692453622940602,0.0030311680466412498,0.021881228313671085,0.04344270652159475,0.007986022930084213,0.004602379482379371,-0.011496502431138476,0.04112210602514703,0.006263813936916479,0.004534465771047547,0.00397503194164083,-0.0015484277926490204,-0.002652573583074163,0.010020538268227897,0.0027444785566869945,0.003459476913815478,0.0049007928847989305,0.008183838353710692,0.012838581380753554,0.003169378154928872,0.015508076828842386,0.0035712853575222106,0.005486058457074518,0.00575461323091319,-5.535428343197412e-06,-0.0009268728002111193,0.0024483376276689364,0.03272169206102474,-0.004398317540025085,0.01628458356878971,0.015980046733044283,0.0013155204198231176,0.0016846665731294309,-0.0007068654889145389,0.3978316543797847
-6.699994475175929e-05,-0.009702328822254235,0.04046548358003562,-0.0068294864340635525,0.012063527995640637,0.0034323045891663643,0.006176591216794947,0.028873732510743384,0.001227962679251872,0.0070230600021821705,0.033133269464757226,0.06441306596355903,-0.00817731890787982,0.006674128422239819,0.018676733993679365,0.05318235038059055,0.0004476115166496243,-0.00041090855534888377,0.00402508709506019,-0.0036004240018659875,0.006427364161550334,0.011018307365030401,-0.0030532272867273666,0.001746639034642296,0.00340950682551565,0.008490126806951407,0.005590619857244878,0.004781138409771135,0.01334581381578613,0.0009292903244453216,0.004451674522041899,0.007774002607739242,-0.004940551722957712,-0.00013243338260497824,0.025679247524721744,0.03520909642551652,0.0038084196935760676,0.015780017839078106,0.022753117037275433,0.005898030791900019,0.0016063271780511943,-0.0016893227410338712,0.4199106478317004
-0.008033733361308868,-0.004320369761594756,-0.006548216098403359,-0.00793882994420016,-0.0054075577596333,-0.0017633333274430115,-0.0013804464475903793,-0.007508072791756356,-0.0015152270582076302,-0.00196880103733413,-0.010435432275030155,-0.025851519251004613,-0.004017971005094176,-0.004599856952969831,-0.005665286419252947,-0.023701163964767215,-0.005907411156622129,0.0035966174015239724,0.009770320545783346,0.001352795021661147,0.009787280139568477,0.011784099404619686,-0.013322504600082519,0.006653020454532734,-0.006951046323736978,0.007781937847520709,-0.010652353158901593,0.0017406905115716137,-0.009914859865394879,0.005557847927924178,0.007988102176355037,0.01875360662757674,0.001478389880952533,0.0028763994804754966,0.03717380591576642,0.0555319382519373,-0.0028772706597154723,-0.01958056053107114,0.0365872658903194,-0.0010271560264445406,0.0012038915194502655,0.020571238381543244,0.04930026760152217
0.028606281145672457,-0.016375064551909332,-0.021793824527681298,-0.009926448102128687,-0.0020071460471586845,0.00023414269418054314,0.0004988898501433225,-0.002411365001718055,4.03548455533342e-05,-8.574715513767224e-05,0.02664385761552613,0.05903231928723655,0.01182104118849213,0.005322178285050465,-0.004056437247891095,0.053713250519580806,0.007409050551845283,0.0003057458074959248,0.0004422561436654837,-0.000993187683679893,-0.0016153530348496053,0.012142503362097467,-0.0036357225894993934,0.0017516347970351672,0.00481526988023417,-0.0018064670235205685,0.00694322934562311,0.004285992960357787,-0.016262369668113064,0.0013067107251136763,-0.0016729286159132453,0.0023529647169566303,-0.004466458959384383,7.958444469379854e-05,0.02305228787003041,-0.06718864245207219,0.0005355351760596328,0.015338187251094636,0.01755063499917573,0.004641336030424618,-0.007702599285291392,-0.006200165885368623,0.12066531166202213
0.004546917166570275,-0.01221456214706233,0.04299501727078305,-0.005283299438410129,0.020589165795560718,0.0021616735727830513,0.006699777649068809,0.039273782087541696,0.006975808646011243,0.0012801007576555513,0.0027090080646905495,0.04875853050459018,-0.005222431413068571,0.006746010335179552,0.02461367422416219,0.04079504080615807,0.00021072617496960342,0.0021856257812368396,0.006739331221720515,-7.999154483344466e-05,0.005492841813123679,0.011944562697763785,0.006192614682537528,0.005300895634741101,0.0026046811769196445,0.010353846594535256,0.013235600614566048,0.004619138427003724,0.01795591904514033,0.003605944490387147,0.0014031424228760079,0.007314752713832567,0.003143623970126343,0.0034653031752373753,0.027059079039817614,0.043467324693498094,0.003813225592564233,0.014836940121852915,0.02495714223265143,0.0030209982840814628,0.001761708530586775,-0.0014552661254882602,0.4485739253436622
-0.0108924599106777,-0.00016995485621254077,-0.0013478083287932503,-0.008368103160115613,-0.0008763068845084109,0.0004899910863652687,0.0006328906877157947,-0.0007677351149350905,0.0012012327922399043,0.00024700842887800327,0.040674272399676,0.0756111448493184,0.014561952667730072,0.010764638948014308,0.002819624122564449,0.07456149746306044,0.012991470113751114,0.0024712389704799574,0.0009690709251408333,-0.0014585429199646502,0.009941265162018719,0.012201903477247117,-0.00037377195042797516,0.0033733414253640315,0.001336858078521117,0.009651413131563346,0.005319464410525561,0.0012746627513414393,0.014244773773851435,0.0027734267351272046,0.004937517958415544,0.007155349973977806,-0.002279093130360344,0.00035850265661826255,0.03580779055085353,0.05836138369876763,0.004203627680148873,0.008625049274956376,0.03427454247249478,0.005196954175568523,0.002941549833102579,0.005790913490777013,0.4392325479101799
-0.017148442876858353,-0.01716048601245722,-0.031089488058709255,-0.027059505811883433,-0.005232496486980732,-0.0016906094066484467,-0.001128877514959461,-0.00862767231240748,-0.00085911724029153,-0.0014495604799191493,-0.011168851988802186,-0.023138725813009523,-0.006191634938259392,-0.004188939929878228,-0.009445958192014449,-0.02374215992049104,-0.006106456628712623,0.009202062526448822,-0.0029033946495793934,-0.005490942011974098,0.009143443634927119,0.00746328517325116,0.017174464968281438,0.004404823606352303,0.0059430256576986,-0.010473105235149499,0.0015925872166445679,0.0018582953397993935,-0.0053675716451214925,0.008685380433725657,0.0005543562499829652,0.010528277953335566,0.0023717551853031857,0.0078086400878778555,-0.030329782105191674,-0.0479972754230768,0.0007541510059872061,0.014904378071684403,-0.025912989497708167,0.011918815524780276,0.0017279946820845944,0.006783599291202138,-0.20108470757071636
-0.0011573641705312197,0.0290120093754445,0.034451060800914465,0.02974907400517954,0.018338363914084586,0.006523018553121194,-0.0014664672302086078,0.02731390766316245,0.004157848992246542,0.0045412470168014665,-0.035367784261321214,-0.013100204879391964,0.0020402999297109005,0.003272001478981986,0.019459901814505173,-0.01504757621069895,0.002589148823211719,-0.002292495277497933,0.005049412210015329,0.0012228436656947896,-0.0016457341673931406,0.009236349001953881,3.645772092736923e-05,4.761888270685594e-06,0.002181460944716446,0.009242673657387046,0.019108964109833516,-0.0010253546679030144,0.017682611090545496,0.005350759753492429,0.005522942038889146,-0.00047957642603704446,0.003527959901292956,0.0036653875333124827,0.022113631308292775,0.035998603280232536,-0.0006467482314743114,0.008693758477012781,0.024634697312431654,-0.007861415482275287,0.0006793741491710171,-0.003633961618414214,0.27167584778768994
0.029849676452218768,0.04046264591777209,0.05513148328631366,0.03779061950730128,0.009455868367177996,0.0015743426474573161,-0.0030141332701157375,0.01748741863561926,0.0019691557934744587,-0.001584143798135137,0.016531896025427626,0.04117031337293984,0.004642703082243348,0.0022505586088327314,-0.006175626155427485,0.04523412893732138,0.0017361478426513408,0.003166248226175703,0.0045517736281214085,-0.000341157052109594,0.0022985967271979026,0.009141285074985617,0.0028162001277685215,0.0013223432078196126,0.0073414395620834275,0.0009597322676935529,0.008894090474861532,-0.003275291256178018,0.0012382553668542167,0.0015371014051169067,0.0010349896436035138,0.004364501560817351,-0.0015696960723039144,0.002182770906899107,-0.025826517977467787,0.022055077789284384,0.0022554482462782666,0.015953195672594303,0.00737192415027095,0.007329901568849756,-0.00508345641046076,-8.637302940059125e-05,0.36414543906242813
0.008761345118837107,-0.012558576345783733,-0.009015774863430175,0.001375833985262689,0.028211537189288847,0.007255012159642279,-0.0009631212258077658,0.03996972959862003,0.004024437276692308,0.003898129520987788,-0.0007580085131427428,-0.04661292349561152,0.002882609138093554,0.011926401648050373,0.026565816644088677,-0.023851299535570025,0.00690431140713293,0.0015306906447587107,0.006779312355898386,0.003160715845206218,0.005482272698610917,0.010370157530181532,0.008624717846580051,0.005089007840972573,0.005338307349160941,0.013080613325809915,0.01792760326972658,0.006847834027686665,0.022301359818734337,0.006678746255063844,0.004352131799575838,-0.016134364378935798,0.0066727771001658135,0.005232425651761888,0.030364850869689885,0.042965440668732174,0.005225718331770653,0.015529813242557484,0.028113879504000037,0.006654902320002292,0.0023724269564183342,-0.0013440172829072463,0.29123278329857266
-0.010176873964369356,-0.003205096599067966,-0.00547649884019486,-0.006230785995668443,-0.004070074076099204,-0.0010905099402904826,-0.0014308477929356,-0.0059942823990930165,-0.0014638120558044144,-0.001763542867673108,-0.008892390563976242,-0.021691514490084825,-0.0033021960382300466,-0.004294643335843184,-0.006554968513552077,-0.022146905402434892,-0.00471300370174995,0.012153236726411254,0.006275170319452928,0.0034345255941202854,0.022835238748428945,0.012156855619300773,-0.0003225020875216254,0.007770119044958341,-0.008038454107323569,0.007687747757038522,0.010681896677287186,-0.00016117149499740932,0.007344229058041437,0.008525140430616408,-0.004809874094036461,0.012364121263424363,0.006903134694540726,-0.007290992790746168,0.04077791563651168,0.05405000040006785,-0.002449272218682713,-0.017613839170833565,0.035136877719735136,0.00550093783798123,0.0044003584513498,0.026772464386421155,0.13158591782447884
0.017871639900975463,0.031062649110284647,0.0541268172075236,0.03793040864738227,0.021208099605515823,0.005237342761193452,0.004927548416725048,0.03635334889333624,0.005124719498554447,0.00242954027712773,0.003107302257222282,-0.005539693295513057,0.0034222057741887793,0.0056900185353472126,0.02290874168674247,-0.008182810338602315,0.002656865852441499,0.004949267268174413,0.008672790671479592,0.00022259081107105176,0.00036219647313677505,0.009233280109969986,0.008221920986123732,0.004854126398428767,0.008189348223663137,0.008169380652260506,0.015126399204032713,0.00543700513460206,0.01857213250870553,0.005581677296690932,0.005030271314488898,0.005694108118361054,-0.0035563257873090963,0.005937754354954985,0.016566140085939443,0.031886115807644014,0.004107387474200268,0.016569837172121495,0.017328798404845393,0.002042094651329972,0.0017058302067750914,-0.0007610662688039254,0.4404778060633324
0.000831377065641349,0.04200855009078391,0.05564409773919482,0.03876333683188806,0.02542186944645647,0.004086603862676869,-0.003338846646377132,0.041023346860310665,0.004962928726989485,0.00605493575999674,-0.0017544426469411163,-0.007949924310423778,0.01250429377538261,0.005538844249247525,-0.025064497543287493,-0.013742949235794348,0.007993505664915105,0.0012213302756212626,0.004216920017350526,-0.0044306651181460315,0.0035361882237093228,0.009494356758020756,0.006923187844800348,0.004157581400287839,0.005662745628551994,0.008912358667039797,0.011611241502800875,0.003592107925088823,0.01712730068735127,0.003705268304551032,0.0022149510493695073,0.005006658933141814,0.002462116071834009,0.0030084845306433483,0.018088946542019445,0.031470512725245856,0.0024403634808369207,0.010054061564738148,0.01761150265213484,0.006071608209375312,-0.0014919572343515207,-0.0024522233583823615,0.3631979769742929
0.02496704171262037,0.029054144413315764,0.0417003319227738,0.034566453286387425,-0.0021666191150655056,0.0047510614589457816,0.006108442364367106,-0.0033763512591908408,0.0020842457791796815,0.0045582595143005234,0.022403438155140735,0.05476649974585588,0.009829922572337703,0.004329552165415439,-0.0070944962693464215,0.05075395309839181,0.007160409654424298,0.001848737997868423,0.006610547127158329,-0.002252222247983072,0.004770823446076356,0.011554312761483084,0.0052106445566823065,0.003516300565685597,0.007715085519471945,0.007488374455244201,0.012966183944060775,0.003600220656692771,0.013150529946830497,0.003570984375794524,-0.0018470702304237924,0.005576617330997432,0.0009859347986898143,0.00539242372876197,0.01645978007480391,0.03269533124943991,0.0033939805638632174,0.014461572002637103,0.016571452859060046,0.0049251072813855145,0.0002986952768025457,-0.001134512196390861,0.4619261250445461
0.002033861076751897,-0.01212321912592663,-0.01253483268883383,-0.0016011593598333894,0.0253841880541061,0.0067032181868889856,-0.0019785506278320038,0.033219777083796906,0.003599556591977802,0.0017275615740370582,-0.032174477290777485,-0.020891580079870995,0.014431100886574335,0.0021840906525599,-0.011924090676193747,-0.02205993060785202,0.008861559420235574,-0.01590486288242642,0.006641784187672303,-0.008471560793977985,-0.0002069336130901557,0.009751193262814196,0.005967494760018069,0.0030576542663298487,0.005584014236731879,0.00864157030488078,0.011596653041362518,0.003718357533566297,0.018404558678191508,-0.0019432035893062077,-0.008229200161370867,0.005721861687484541,-2.700989703220424e-05,-0.008198463432299116,0.024264940014406666,0.035425966105401586,0.003123828245051125,0.009711243347280523,0.02037839948994893,0.003598290346688111,0.001653066658816414,-0.004243431473930554,0.11287328339302025
0.02686095393116602,-0.001924321845325304,0.02887653609627989,0.006756254477518561,-0.010965183637139261,0.00453642059371325,0.005892495785762991,-0.000760193878955634,0.0018177948308415559,0.005806790678853048,0.034617743022365664,0.06066961163231235,0.009640732500073503,0.00807718656917549,0.0005936762972953633,0.06030200432353049,0.008168431216751725,0.0012166848058850067,-0.003950569925684948,-0.0016298528523754968,-0.0014618397062533732,0.007720582815613698,-0.017425732182485706,0.0015078185325441214,-0.0008696713648049803,0.006022198636066286,0.0007434546116789854,-0.0002600419736747704,0.0063321670208115665,-0.0010361097631611804,0.00420601394106037,0.0012652090224895796,-0.0032718081871959456,0.0008517431747077325,0.020445946489084228,0.031161144006904114,-0.013186873522058941,-0.006436836574131502,0.02202137579939427,-0.005696500672939179,0.0020439450890997034,-0.0016676927688958761,0.29761168704589747
0.02129486196572032,0.04525867209716268,0.05430189981266833,0.039582312599957994,0.019316036821308773,0.0063478818712825544,0.005687445369461821,0.03091946361493352,0.0027278763836109435,0.003402386719151824,0.0019560793966768106,-0.009329141450147481,0.0031239951583502375,0.003418247899197975,0.02113665860112403,-0.010716326659733837,0.003352762154252605,0.0044175077760355745,0.0032978724554213685,-0.0031010685284837774,-0.0006071254437534064,0.008423515632959292,0.006250292386711018,0.003847484311066959,0.004653854298707718,0.006948116068324182,0.01757927888092969,0.005069198481035422,0.017666695803981117,0.005580622017761621,0.00406799880567424,0.004736869960061967,0.0005898515039586864,0.005060531649238372,-0.0008249734394302522,0.030097726927657657,-0.005744489313283589,0.016246411568009007,0.015267896420084725,0.0017603842120411414,-0.000340203922892781,-0.0009114761647524778,0.39181388470204254
0.025221366646969154,-0.0027799930833691255,0.0034612639756896684,-0.0008949821827460857,-0.0011185938320911115,0.000615761243963221,-0.00032268113687887,-0.0013824516385664094,0.00149510125063552,-0.00026750724848949,0.04148576989707803,0.07946460696144404,0.0167280839205561,0.010691448869253155,0.0016484042834605634,0.07732256432023388,0.015001031313840082,-0.0011075436691929288,0.0010616944031724565,-0.002689031709883682,-0.0026816198997797547,0.01079297389314101,-0.0006378987662130884,0.00022464935109757305,-0.0010760844768013854,0.008675151262173728,0.0019778421959119,0.003172246829770641,0.009344029554901325,0.002152733703122899,0.005172613942300532,0.008577106641271934,-0.0040996912638026324,-0.0014157064485023898,0.03256071083818628,0.04778596841598245,0.00334415999447541,0.013567657398467874,0.028437540068554604,0.005271551119673607,0.0021724328666761815,-0.0018179833617795581,0.4351346964439073
-0.0049087290907629845,0.03471479250759452,0.04652342239365584,0.043516626103916926,0.01106075181935935,0.0036427683578809677,0.0005441191675134434,0.022027453026622318,0.004561383568235935,0.00013597426005411374,0.01859789950907291,0.04315541770350577,0.008463675967800257,0.002088790933968169,0.012430002622217563,0.045136730259091366,0.0054616183294487475,0.0022334537216724478,-0.0005162846954924423,-0.0037443511679069756,0.0026349415103834187,0.006613082188876509,0.0036226499593781697,0.0014104218312928527,0.0060919485897194805,0.007150724630170627,0.00925012109952164,0.004337791053976952,-0.0025412815832072553,0.00041519427085174806,0.0009248369125426688,0.0062213804109101465,-0.0011705008077127967,0.0036840619862273105,0.010026723054415527,0.029500704217151022,0.0042639924920737544,0.016405368379144986,0.01721713324586329,0.007827218568681536,-0.002192569439443004,-0.0009373448545748254,0.42588211301369205
0.0234220458654367,-0.0018795879872289683,0.0017082977091003697,0.0018489672201288986,-0.000496092936780913,0.0007945570419221115,0.0006096238272156726,-0.0010382502500862795,0.0013127679564354875,0.00039628418095202084,0.03614611335926536,0.07029960371515089,0.013361449376849598,0.009237414176882832,0.003293727154951642,0.06504565105120447,0.01206941177614691,0.003172976048600713,-0.00010475879758955345,0.0005223515775691514,0.009980912858101288,0.0029998377758244012,0.0012787341990114084,0.0028658235533434544,-0.0019882997185410225,0.00945653436713678,0.007390315802920711,0.001685562036143092,0.01279016898362184,0.00181664596208912,-0.004651977323052209,0.00806307607334466,-0.0026836228774634605,0.0012821797750069744,0.03340299443974824,0.05724756462601654,0.0030278497934060253,0.014665062683056921,0.026702330494867563,0.009547629097995081,0.003291886289341244,0.005456379885516115,0.4433501408435619
-0.008814202536244533,0.010860478118012485,0.030729786795398346,0.030691023833146217,-0.009386730951493005,-0.01491574188798967,-0.0005550336475762518,-0.014347274968498002,-0.014141957537704319,-0.0012688002898719733,0.02571941397579181,0.04970080167762963,0.007549964181140638,0.00158378686980157,-0.003813770508321418,0.04984610264023815,0.00794537281189437,0.0007072765166988128,-0.007422857500252804,-0.0016693370344502852,-0.0036169605866646906,0.008747444107824976,-0.01630743157232365,0.001463637496696545,-0.005148234004691185,0.006408301711659049,-0.0006527168626521253,0.00022623199229999716,0.0037467451622067126,-0.0005298435009832684,0.0038822539745720854,0.003155304282584776,-0.005659123812409298,0.0004004407376465904,0.019167094998475367,0.029487729798428865,-0.01323569787281498,-0.010404931776080203,0.019947646201304937,-0.007360296352285298,0.0009394078745073533,-0.005429829927864032,0.1682254726267883
-0.0018501453837391647,0.03049066505248401,0.04662809482447975,0.02513601710512101,0.015771377639002767,0.0001132368354362085,-0.006191677108376644,0.022975822718253474,0.0025523858767448546,-0.0042349152279296766,0.018287783766879912,0.0350074149851949,0.008006249951503031,0.001756581485860913,0.014900560981743747,0.03169960135327856,0.00158118999424662,0.004602277145607365,0.007130346337172289,-0.00036161512998606355,-0.0007329964198907134,0.011049524858693106,0.004773101308837868,0.004088496209488322,0.008665329399293209,0.00927062294550261,0.014679451004879584,0.0035551595681702582,0.015984910670589547,0.00419458410195113,0.005730661645804635,0.006249868889161998,-0.0004843352688375136,0.004834729519903494,0.01773847510502407,0.036006696992828144,0.0038852074413076388,0.017221252404402355,0.017631585840071257,0.0030772827933459954,0.0014241271833172536,6.253241859457948e-05,0.4429075218154166
-0.013964621413880421,-0.00525028149786137,-0.008243757008065565,-0.011402269367181247,-0.002742907302778693,-0.001162831140520235,-0.0013344216192231863,-0.005634424674257758,-0.0010230729389114222,-0.0014460116081222033,-0.011983891223907413,-0.024692587378845773,-0.004180763431164179,-0.005688059383256638,-0.0069377415105517665,-0.0258299847569679,-0.006858201327547593,0.01611945549929381,0.015879285694594708,0.007180073367386072,0.016430333258044938,0.011936261710597543,-7.853747174141307e-05,0.013078954278591931,-0.007304464132627299,0.007829094086708217,0.016932073833266892,-0.0010023333986137449,0.01028196543076355,0.009371339249390626,0.008054705345695835,0.009120630936531229,0.006864681027067283,0.01821762254420672,0.03637282150579317,0.07019251389831907,0.000768312274056418,-0.0028836398767937443,0.02767898011424245,0.010770095218916087,0.005604742272089122,0.031181837753178784,0.20022097683591492
0.02458203521729112,0.0012973514441606145,0.020085414338770296,0.006017136375701475,0.005932826127717716,0.0035101965659960154,0.003378338152152198,0.008240381634470238,0.003856060020655661,0.00344842307721511,0.032007577307356073,0.05487143136848578,0.009849574041076824,0.0072474692567761475,-2.0381632661077237e-06,0.05735110728327616,0.007265656804086642,0.0006397245944084775,-0.003636519458758668,-0.0012722530220392618,-0.002594802658325968,0.007169668282518854,-0.016917692128308376,0.0010666902453032457,-0.001983933419419617,0.005807614928162906,-0.0018348266518290622,0.0008745930887209308,0.009886485184621575,0.0030455152896944433,0.0038020357680430337,0.006776198348972131,-0.003442230539785081,0.0014438870664690718,0.02176476846086501,0.03328272183067316,-0.004400689133876055,-0.00460247125914767,0.021832871724267313,-0.0001638759144924056,0.002342692593533968,-0.00827513140379046,0.31954998266840345
0.05051887749026083,-0.01048761434697912,0.061428061612302756,0.03729444324394618,-0.0023857218844944923,0.00022831575620148737,0.00032074050098510444,-0.002753480942633322,0.000249797108316272,-7.48192039025335e-05,0.0192767965922186,0.0431497949622494,0.009155232073884268,0.0036018812420071586,0.0038201633387928953,0.04158578254250527,0.005688264562320834,0.004614479095836756,0.00010372299402839467,-0.0007370985157968692,0.0002323524881629574,0.009733687622792671,0.0011665185759482403,-0.0015184285464508024,-0.0014454295659707846,-0.016420178825847138,-0.0061654346830858,-0.0011267891533193316,-0.019669338712845492,-0.0052336369041454415,-0.003479141069719716,0.0038339755211945522,-0.0021430482617558182,-0.004025781554467016,-0.029220489334028266,-0.05017823109553336,0.003960130980102363,0.016535066037200657,-0.031581917233131244,0.0037677993733466536,-0.004726017064283402,-0.0017078881505526867,0.12518539866566164
-0.0021796533457009706,-0.012085109332986493,-0.020708787670272018,-0.008476877250335734,0.017629613775552517,0.0026350539069241816,0.00562250339143862,0.02956342861338288,0.0009601304484192801,0.00701706273905267,0.02544424964157881,0.05727346529354554,0.011539686398849835,0.0029827920321040696,0.017602598755322142,0.05459131006146034,0.007572495183603428,0.0017003363630727502,0.00025820681857768955,-0.004609325508712265,0.005148779409367149,0.011924499199524388,0.0053459706893096036,0.001859083766527121,0.005076945985772526,0.010434213892184135,0.01194252984290061,0.004789438868723483,0.017260383332094575,0.0012430426632510053,0.001912918974743599,0.0065031330768279385,0.0019388575658058555,0.0007787888156855361,0.02758107703347784,0.04296813495407057,0.0013573097047197033,0.011163766146784047,0.02403442090707962,0.0034393595417433753,-0.0010920828271808623,-0.0027534538522016247,0.3871902980060874
-0.005685903891701432,-0.0041416726698504085,-0.002432253346096598,-0.004931974657775612,-0.00354524573409028,-0.0014043754292690281,-0.0009469698747413241,-0.005942765922633264,-0.0010826323540150725,-0.0014455124000191631,-0.005895103571665586,-0.01500602750152593,-0.0028016398220085032,-0.003134432098297273,-0.004556991616040374,-0.015132387660644933,-0.003305962503486317,0.007457451405325558,0.01021763419917159,0.001420034467094967,0.01139122723873925,0.008875232456239005,0.003074147167229274,0.006798011479571936,-0.007630604614394392,0.009201814561406764,0.015743572419412943,0.008459660904510087,0.0012076922834362352,0.014223636558806145,0.0054612095081254634,0.023350422753822042,0.0027972562600544547,0.019561776319916166,0.039347948308250676,0.06654584750635487,0.004667941270261635,-0.011689291276980608,0.04518740197972753,0.0019441827509364682,9.703030844455753e-05,-0.0004804406653653965,0.2058389444962361
0.016340320712498937,0.04199716970218181,0.046415648725089846,0.03357432667648239,0.02189864046182599,0.006829175055025219,-0.0023085796183722205,0.026080418374400532,0.005125754672959326,0.00416742657349042,-0.00903790714519892,-0.02972449325556253,0.0008769642080253892,0.0067202059403413785,0.02092820319966785,-0.0322098069231838,0.003930204793772904,0.003667039290069204,0.0038634525826220798,-0.004188522710503376,-0.0016805696273519213,0.007420931492691027,0.0056425402814022085,0.0037267098700671385,0.004808244003924526,0.0065206622876361475,0.014760161186986274,0.0035295151102635054,0.016754745573086025,0.0046237375143261756,0.0036084967242830993,0.0032476873159787956,-0.00011183029461402087,-0.004583689434186299,-0.00176686064541271,0.028274779505062186,-0.0060799591186533955,0.015123237637735097,0.013454115629878565,-0.00013528965744503304,-0.0011814461126016104,-0.00120757382315027,0.2796939867355379
0.0013262851648965204,-0.010766341642955517,-0.004536364217362762,-0.004165548594903512,-0.007308372857441324,0.00856774563178898,0.00943136388897835,-0.007965119589997165,0.005751651652142536,0.0034040125426691653,0.008003181559266312,-0.007805778463065681,0.005860009259139019,0.01531313578029827,0.02126783445567823,-0.007872202621764824,0.00990961273743877,-0.020781425446960693,0.006445955540332455,0.005381062026201788,0.007991710174703553,0.010964874267483979,0.00905350401276566,0.0020336925137398034,0.003982328542723574,0.013770747807731883,0.02224240395751717,0.003996221882425645,0.025444718625746286,0.008721564641087939,0.007586638764546341,0.004387512399843501,0.008399256893945769,0.005814838293822194,0.035314738580561035,0.05559184318603858,0.0026586124930920137,0.014233068370259006,0.03734071953716576,-0.0008054325903286697,0.0028223735097294648,0.0017136665250039559,0.31272029919398336
0.008075660364468938,-0.016758385194493568,0.04946510395254838,-0.0054258676836587095,0.02767737364113345,0.007111599727974835,0.008061178792138057,0.04676438497031981,0.0010560092307655658,0.004003629189120637,0.0035546392590270993,-0.009552310111375363,0.0029617900815253934,0.010566359287376797,0.026792824298925252,-0.010107575033905034,0.007196991328973314,0.0015314708690490953,0.008798044860437823,-0.0010100167051932654,0.004430088249955005,0.010330108769844259,0.006351896238342744,0.005963173314611885,0.0018584531149203746,0.010865930811981072,0.019948423310642265,0.005933158043853915,0.019291259360133758,0.006021214341000192,0.0014691408607040652,0.0022992363025920786,0.002391100090393951,0.0067625223801940516,0.017801797398120715,0.042852457346356176,0.0036792383452431054,0.009807151557727205,0.021704957359583395,0.0015447497274455393,0.0015190493930826918,-0.0028825687364442635,0.37070544270544264
0.0055270448474846155,-0.012832289953877326,-0.013521608438028658,-0.0016977651430075814,-0.0006241669389212756,0.006237234004337948,0.00920528353302263,-0.0026591333231468462,0.004697696340556914,0.01168402302652896,0.0020964722039970725,-0.015072727519581382,-0.006184373934257943,0.010635295274182645,0.022594725300974297,-0.022196186320537874,0.003107569826769852,0.0037992219370932842,-0.001995583218006002,0.0017678207464272059,0.0032995264216968646,0.014021402556701382,0.007240814877342223,-0.0017018290743120528,0.00490655505860122,0.01414675514450981,0.01245450990379945,0.00537826162129773,0.01770843248757247,-0.007688724765019213,0.00262865720737824,0.004468255512446584,0.00432266827112486,-0.007473181106633178,0.03595371722592401,0.029448135577211158,0.0038204412400051693,0.013241183239942321,0.03569825720263277,0.008920448825283688,-0.004024847049520569,-0.0032633000224082122,0.19807469260758723
-0.0027419486604573365,-0.0006742283372234973,-0.0009709253444094157,-0.0004878784693140145,-0.001586345853671893,-0.0006415372880820927,-0.0007208214463432984,-0.0032746923316473685,-0.0008068701527965776,-0.0009869061577115602,-0.0029634395215481866,-0.007399850439845468,-0.0009871657321206353,-0.0017138065431059743,-0.0030370706794281372,-0.009726773969117567,-0.00160041728557085,0.009093151519470283,0.04063376999237171,0.017010127281900284,0.011383852256050441,0.014258625783441895,0.015072718051748745,0.02390237000994063,0.025026591232845008,0.013271346354168968,0.021066915839933253,0.012573282560413547,0.009863364302322524,0.013961259388311033,0.007890309908467305,0.02290835066982835,0.004612217371453046,0.027421038716172935,0.04596745668017396,0.08057226715355911,0.005558128661801358,-0.009452545953758018,0.04878483544265933,8.325090847224637e-05,0.02443267933435018,0.01783161470851686,0.46340629996222116
-0.002932343292144213,-0.0007309280538914383,-0.0018026316547095304,-0.0005508895603302153,-0.0017073292678174562,-0.0008207753903726138,-0.0007078956771776033,-0.003071574619452719,-0.0007065154366827379,-0.001108988773515667,-0.002629445813461825,-0.006358674081251657,-0.0012378723994589344,-0.0013683849933213551,-0.0034780459054439034,-0.007207332009897621,-0.0016839052271758511,0.003330503618200479,0.041280200198653146,0.015185785460035727,0.010765489851265552,0.00944223259113457,0.013426566991390543,0.025821798966163382,0.02409545449189672,0.012637852975376507,0.020573844662479197,0.012782656905381167,0.006333821507995446,0.013547811842810637,0.0067116241558083396,0.02341839165228562,0.00454190461212116,0.027086824379470215,0.045064989621037964,0.07405926142200668,0.020703528670051367,-0.00948916865904915,0.04713656863353148,-0.0019554539679471025,0.02460049552761895,0.015275245761875852,0.4482746997154891
-0.014232667754161616,-0.014105298700478252,-0.023553639976397853,-0.019132734708634865,-0.004784657423497237,-0.0013023841203806102,-0.0018183304521454913,-0.009666531301757977,-0.001219857467433332,-0.0015611516236077186,-0.01061063704284231,-0.02509827547943072,-0.007569753240587724,-0.005498005506882866,-0.009914963484660168,-0.021086908904597763,-0.007506612552765543,0.015489330531264178,-0.005877191538132493,0.030705987411031983,0.0069878044771665366,-0.005039118441078897,0.013857534553221664,0.006610299200324062,0.0035900411375707603,0.0006036547849091313,0.013510328009708736,0.006722015279433635,0.032736881877640935,0.0006755932749805073,0.0031220740384343875,0.014444876172697988,0.036947671823948106,0.020289157260026888,-0.013664064934447839,-0.02516457564391255,0.0034110449861388804,0.016391026193102523,-0.013706251223522965,0.010636712532189853,0.01504118996321563,0.026939122154880195,0.03659873414052978
-0.013169087853980277,-0.013943710834658982,-0.02293076438629455,-0.01839819093739379,-0.005030361810855409,-0.0016077205564833479,-0.0016760482915328084,-0.007829278541697635,-0.0006786990087383155,-0.0014027140874592779,-0.009809325121757107,-0.021749319329570433,-0.004557017494884056,-0.0039429333735454,-0.008539830398847396,-0.01790095676617386,-0.005990873853209504,0.01336411517006691,0.014556694926519996,0.03587001309607912,0.005076543931331336,0.011061442088141905,0.006723828656019263,0.007599891226449134,0.006408327404468621,0.008217334613324143,-0.003198916149735271,0.011219245540589846,0.028086362488793645,0.018947704751405656,0.0052329989206153695,0.014108800911523825,0.0360099642341867,0.019286132057678814,-0.02193900640640418,-0.029267018904797375,0.005693116261249829,0.017906704916242962,-0.011048613580680945,0.009124547674569359,0.0083739361584753,0.020779130129170077,0.07903644746820188
-0.012390514472730424,-0.010615157951766426,-0.01649123171180588,-0.01750828328594956,-0.004531202854572485,-0.0010378049024889397,-0.0012525970905890862,-0.007943636985882341,-0.0008681635553111632,-0.0016026234184346436,-0.008175790475115128,-0.021855673733730388,-0.0036837224942480556,-0.005046502613137469,-0.008449772092981832,-0.01671348241978482,-0.0060765776406546635,-0.011953233576027702,0.015128730765501747,0.018520240356920497,0.009118914836355293,-0.005196578782218677,-0.0003727175704281247,-0.001056692537068975,0.0017714128358206234,0.013139800999592355,0.0003270884826148458,0.010016509076784965,0.019598675584147306,-0.00038622001658001346,0.008967772119844744,-0.013789420156132725,-0.002032112215463541,0.01490382358901912,0.04509801153762336,-0.04378077886993629,0.0020761088713251536,-0.019509817390616545,0.008321868599521024,0.0010616456555641376,0.0018103164470379385,0.0012639938079559384,-0.07119539524802684
-0.02268081173389785,-0.022186367648051427,-0.038973214033855785,-0.03505621655029529,-0.012638883664181042,-0.004545671741512869,-0.004750647081034764,-0.01834268443723599,-0.003688835021213113,-0.004882333161385182,-0.027802796760584846,-0.05133554064039981,-0.013639104516799314,-0.014373305723132548,-0.026064140252724022,-0.05158188972398797,-0.01656575456573327,-0.0036365593909574666,-0.01202174906910501,-0.005491960036313021,-0.0004626196077355466,0.003187351852884073,-0.002966389616367089,-0.005396188907941651,-0.006486226897613481,0.0019905029254981606,-0.008411833174058135,-0.004446491225091573,0.0003255056613442548,-0.005179649389644704,0.0017533446955597042,0.0022626490555250327,-0.011161240630989135,-0.011483278123801122,0.0114089946941618,0.022873447288428394,-0.0034319096858663614,0.0032966369193587787,0.005785928298531384,-0.004055879337016271,-0.0021794798165340914,-0.008653736086311465,-0.4116890268600797
-0.019798832172395867,-0.015671557164421257,-0.03046586647729252,-0.029511244484464766,-0.009287576554035754,-0.004590795714579985,-0.0032921831772425936,-0.014399166309343316,-0.0028721587566142583,-0.004373877086175284,-0.02667423492559516,-0.05200626758545304,-0.012053703800045204,-0.01179497731100807,-0.020046632875242738,-0.048598592552970665,-0.014300754677825248,-0.004641104678653429,-0.012387990223940491,-0.00924047309629891,-0.005793448887723619,0.0015479019891321785,-0.02178351430140569,-0.007777775448043438,-0.007423220828611976,0.0016578025638808867,-0.012264762171721486,-0.007501049048646926,-0.003197617397984621,-0.010338702288657261,-0.0026747307419179057,0.0016302582919748472,-0.01705478748434049,-0.015451181623476393,0.018981355317858797,0.02387985123629545,-0.011809020651061413,-0.010915718561268535,0.0162892014592055,-0.0094654948930325,-0.0033506205773848486,1.0464505755147169e-05,-0.42881279916477283
-0.004794280716660521,0.03258905877848206,0.03782251498467593,0.025031784341399643,0.019429972055176818,0.0025176173465677903,-0.002643575676484292,0.030144882574773445,0.002934241862112003,0.0038755431430393724,-0.054861903559716936,-0.031922519789265455,-0.013762245889382928,0.0023169329621826294,0.015563256639924559,-0.03510599733992982,-0.004808493788489351,0.002880717003307272,-0.0023991578650869676,-0.0045802724225068835,-0.004111803308653095,0.007192611881779249,0.0036183427847619443,0.0017108162593848005,0.0022753220342068285,0.0071685229638326405,0.007060011749034889,0.0018049258329156082,0.014969154183616757,-0.0028029689439108677,0.003064099284912987,0.002227189878102912,-0.0016279264948415948,-0.011327633005990732,-0.0013940380994933532,0.025753552039857852,-0.006570991270317494,0.011218750304044537,0.011861609412426932,-0.0005771434667646034,-0.0012303778230541122,-0.0012677007731242643,0.08924240006684618
-0.01910932670526765,-0.02042623515614413,-0.03493022578780412,-0.02868076356401367,-0.006576508977288492,-0.0024244726918945434,-0.0015040700575579362,-0.010604719072442405,-0.0011046473294312896,-0.00197376942386345,-0.014460272413928396,-0.030593281988124853,-0.00740330141018403,-0.005882399845104463,-0.01142816123963479,-0.028716873918983338,-0.007565177701714107,0.0007215432135168842,-0.006427061874316899,-0.004666659149399582,-0.00027594741351115497,0.0017777886356631963,-0.0018990508891811252,-0.00454304136610121,0.0010899765049115844,-0.018757294037101836,-0.010175734340694974,-3.681876782484013e-05,-0.00558593726675557,-0.0032348730188567184,-0.00302696317640244,0.0039291007303936115,-0.009223969476456808,-0.010033499444259492,-0.04444982567356878,-0.06590548606264748,-0.0028391200932705338,0.003792474903838278,-0.04507225741917906,0.0025462555314170222,-0.005140068422183222,-0.006653318583287947,-0.4674739942386408
-0.004686503369148789,0.028655578129806354,0.025048321948908978,0.02764315055472079,0.005890457525739618,-0.00040108007691871315,0.0012225185069936373,0.004512708775456779,-0.002939600012619791,0.00141329147034707,-0.07349288722922148,-0.0863070670411997,-0.004908078021187617,-0.006428676827350421,-0.028894656927341254,-0.0432590293775214,-0.007148006058678659,-0.012164179656337856,-0.005454495932803892,-0.0003501719175338049,-0.003978338618603004,0.007532092767850642,-0.006426164272843641,-0.0024397984629428364,-0.000396861957757065,0.005983458941947809,0.009549079892188592,0.0011451955548565475,0.010478253910781204,0.0009133414761102873,0.003042392166069437,-0.0031225129138066935,0.0019274233582075861,0.0021548326353817543,0.013587787245179781,0.014429168233002644,0.0021664990362607744,0.00962328549097547,0.010013478987297217,0.002321446334430559,0.0001874527711494058,-0.0031412295313897392,-0.10649812249154342
0.01446099418055469,-0.013762377310411255,0.02465708912354236,0.009487983238999539,0.010792542778204085,-0.00040446747018551996,-0.0018092398406499841,0.017592061670827455,-0.002259538388641519,0.0026902648576512286,-0.06921659428238415,-0.08554938367498896,-0.014381299903152001,-0.004117425332773613,0.00633439692330508,-0.06695586272311155,-0.007442997272984117,0.00030263816285311694,-0.01544498555560366,-0.0055871933711297275,0.0017952466470280862,0.009371145624097845,-0.011671391338885083,-0.006160608380944522,-0.022525288338663872,0.0007515438867574011,-0.013326627284974737,0.0015541086873645544,-0.0015231191141880688,-0.010203571490282152,-0.002079189707622163,-0.0005129309338138515,-0.012551892256652998,-0.006732626101496263,0.01108194465471281,0.01511279932162593,-1.5709475357526543e-05,0.00953806729316192,0.005929915786671114,0.002211025836317877,-0.001124453846569432,-0.003561454340588418,-0.23525645906238005
0.014878938024263178,-0.004926622944956567,0.004132180449041394,-0.0007620886205040245,-0.005304676740204781,-0.0014794445352171058,-0.0006488746856140894,-0.007528158633590737,-0.0011525395556558256,-0.0024034966850956965,-0.013518961819752304,-0.052453480359469284,-0.016808241491093372,0.0013614029134315993,-0.0022115003088030187,-0.04692375941859677,-0.003122530053486574,-0.0001745005321314312,-0.02079517640953402,-0.009373909805318707,-0.004689720039442407,-0.0032918819090389244,-0.026648543729306584,-0.017488789331254674,-0.027501295371951173,-0.00044923654156733643,-0.01821154499035064,-0.007387250688805501,-0.023180929420842298,-0.0078689756698958,-0.005165485140724657,0.005274292825463762,-0.00414782144920479,-0.02434671347469969,0.011618681963310866,0.023878315330109177,-0.01644329894919197,-0.04401021716372514,0.009306343622084516,-0.01300446199490093,-0.009297885441741085,-0.014438405557903893,-0.38671026433586736
0.02079774671824094,-0.01865461878968801,-0.027992748604284613,-0.01037303682221563,-0.0056061881526977796,-0.0019123039640488795,-0.0010903135848248256,-0.008705411397439937,-0.0009668028496035158,-0.0015470252436041046,-0.01263782546900748,-0.0265827589144423,-0.006831431565056396,-0.0048254684990941404,-0.009735433269058342,-0.02615742691872945,-0.007191807166890735,0.002549952997253344,-0.0070882570014843245,-0.0060521213213406665,0.001844516956511297,0.001079669587326547,-0.0007171289202453813,-0.006195849919874725,0.0005365849343334121,-0.0169053133924494,-0.00923570786179918,-0.00256506897657959,-0.023886489700826956,-0.007252307491291491,-0.002980818225153166,0.003027417835129536,-0.008320071260706647,0.0022554746802899905,-0.04365519153151011,-0.05954287103835546,-0.0014337058206393572,0.0018475602729430927,-0.043972823556182344,0.0030998445698751124,-0.005302916948797959,-0.007344757921070859,-0.38622323354709054
-0.021699927490569936,-0.023069170336901833,-0.037490085672574835,-0.030718163019475983,-0.007260680761015083,-0.00423021500607504,-0.002386310733613545,-0.012981536713501912,-0.0024597366068259147,-0.003005250023139125,-0.0161565477203852,-0.03753735092704574,-0.009541894440120388,-0.008151355707321468,-0.016461137939683016,-0.03446571906795601,-0.01030348699436805,0.0008821201180243915,-0.00597544532955835,-0.004451815683494793,0.002343458625659869,-0.0029531605387294897,-0.0037471685569335457,-0.0055998210246553815,0.002034696786466881,-0.016461108027148074,-0.0009695396628131619,0.0006489996618950742,-0.0072303796090297575,-0.0027281872821128947,-0.0006185104453010947,0.0034769420691010563,-0.009740753709108981,-0.00854581514501703,-0.033195872275608114,-0.008106643302004638,-0.002428416503466143,0.005701543395637311,-0.04004573163241405,0.0034558742516307534,-0.005681720475471994,-0.010831186930042367,-0.4286862103850676
-0.0166094415933466,-0.01870460073494324,-0.03165665589688449,-0.027625072027571227,-0.0063688040812957016,-0.002089501153925015,-0.0012407345018326475,-0.01028737094029622,-0.0009718816194039144,-0.001594333339429839,-0.012909971588180642,-0.027130231825958716,-0.007646010102676877,-0.00477799050239217,-0.009243388976510475,-0.025612588186828586,-0.006845946700474507,0.002825168995551113,-0.006380135814852428,-0.008414546210182106,-0.002840331408821866,-0.02261863392349418,-0.0031918530069387375,-0.005680977628734777,-0.0022481355038995155,-0.021609682643393146,-0.011619638759686244,-0.0009608671981339317,-0.021519464424478534,7.969721469898702e-05,-0.005072558147385546,-0.001279837364943119,-0.006228485014053354,0.0007664591875188699,-0.045879715402028766,-0.06204993904232456,-0.002278897497462293,0.004984574724002973,-0.04522756180435376,0.0029039340242026333,-0.004815991973550888,-0.010089949131843993,-0.489761891526538
-0.024493967199016996,-0.025659113193565064,-0.04085218359708235,-0.03746224768337777,-0.015716140181700675,-0.006504289811380378,-0.005552185480171702,-0.022707107574261406,-0.0042416983419588635,-0.0055333065090497945,-0.025977776768620963,-0.052792124637272245,-0.016273928791129346,-0.01501184219662007,-0.03475256978016043,-0.05003877389156273,-0.020194081321755288,-0.02142420277869699,-0.005129041359109437,-0.010375413674417936,-0.00301067966729691,0.007019187469330458,-0.003831880678216955,-0.00426799112087184,-0.0009515935850464148,0.005283619061458198,0.005467832345340028,-0.0022053954326797824,0.010752879534595292,-0.003880157027119745,-0.0019570603115586114,0.009144697800852631,0.0011489662219138282,-0.008170062244925018,0.013978828855153017,0.023471086209665357,-0.0023340342445672306,0.004640165908801768,0.00876768589067143,-0.0011926219537363887,-0.0012285199555520444,-0.011059548352680115,-0.3951065900473795
-0.01818186014300687,-0.01925385888244484,-0.0317195181737075,-0.027944281625726843,-0.006221785892762902,-0.0022493986190336773,-0.001155622458539252,-0.010251822911329539,-0.0009412283364012053,-0.0015588108850581204,-0.012428857956335068,-0.02717735157656951,-0.007045147600484917,-0.0043296253665556644,-0.009987473506318546,-0.025284225529290695,-0.006735270360718466,0.00397209784133879,-0.00539472269714715,-0.007147616587297132,0.0016448351660994036,-0.018235006858099947,-0.0013949156529698436,-0.00011283355509847146,0.0017981911742841836,-0.018343818653630637,-0.006476961459821579,-0.0014412785124497665,-0.019218980169461056,-0.0004786172063476787,-0.0035086600875677203,0.0009450822203784568,-0.0001497545136075073,-0.003020345861526545,-0.04305582430275579,-0.05996079792746171,-0.0021793946836970108,0.0076533153235190075,-0.04222896809231295,0.005327490317261091,-0.0016807634810248164,-0.009626616883024216,-0.4347810049667042
-0.0248002568827488,-0.028574756934412904,-0.0472784268871906,-0.0403863093053473,-0.017033292499387703,-0.006611627378271002,-0.0070442001102289445,-0.02491512877189519,-0.004735501758695083,-0.005264094648779708,-0.02709537733928568,-0.05456119991483046,-0.01561057210340267,-0.01831372612557471,-0.037456201108171716,-0.05189368182102591,-0.01874823767760518,-0.0019403888031499148,-0.00308465744030394,-0.0052614523576671865,-0.0002236290933807192,0.005413891286575679,0.0019455853310194366,-0.0075515169195913825,-0.004113747037666177,0.0035832414403425363,-0.001206097609917748,-0.004167713642024493,0.009117527128735266,-0.006487900374897847,-0.006417577315852821,-0.0008825691193398518,-3.513978052951286e-05,-0.01194331033413532,0.010967930002437372,0.02188298848342381,-0.004909447188871284,0.0018733682634712518,0.008050284956681045,-0.0051696985420744265,-0.0015044552787086512,-0.010916182933084983,-0.4433032581453634
0.05382401684449868,0.04508698734840903,0.07606458943111867,0.06307517437971973,-0.003785717329241579,-0.0016079098513228796,-0.00043210830564952707,-0.006831809581552285,-0.0008526133485811604,-0.00109620230369263,-0.007469038610583312,-0.021762711718289668,-0.0041617939473613235,-0.0037394009429935924,-0.007126480013004871,-0.022259335788216462,-0.005058155685682523,0.0029846685532643443,-0.004285858315941871,-0.005256814423832284,-0.0001871840059580537,0.0030770875342492426,-0.0004544404772247412,-0.006785055521521492,-0.005354613077704965,-0.00913057564330771,-0.012836405498338139,-0.0031272485561722237,-0.010983863925104614,-0.008112401108980679,-0.003558178784596983,0.005056316486268715,-0.007452885369377698,-0.007104664543027201,-0.02946845662121583,-0.048118705650319366,-4.7811242746014675e-05,0.004387975571315159,-0.02868391000714319,-4.445922500357834e-05,-0.005074548699417699,-0.000491769449664931,-0.029186311423927504
0.011332779130373715,-0.018467250005427833,-0.02688493458031847,-0.02190595859366241,-0.006017809562654647,-0.0020654674802532244,-0.0011358186107745332,-0.009382428986690733,-0.0011757250739248058,-0.001541889537176334,-0.01306011397603771,-0.027085845032340346,-0.007679334654710643,-0.004852796412384811,-0.00884395964160963,-0.025549796135462176,-0.0064884591838972995,0.0019578597038493947,-0.006695898608782578,-0.00814641381230572,-0.002552187710709224,-0.022291461178291193,-0.0018922418046687507,-0.005549924765709103,-0.0021412496527435246,-0.02086226527985558,-0.012815242163732083,-0.0036629361273451833,-0.024571201947335947,-0.005360827560045084,-0.005685979724429416,-0.0012319660704062157,-0.006931085048103169,-0.005299532480931562,-0.0457717185467353,-0.06398434865414501,-0.0023462043491893894,0.004763261282877559,-0.04679152713141454,0.0035402297111691225,-0.005278207370721674,-0.011063153008336778,-0.47146903063499285
-0.011259032170124346,-0.009212442844809196,-0.012751999361718693,-0.013214729993613674,-0.007401415562746682,-0.0020713054792036345,-0.0010931328315460813,-0.010849234945033521,-0.002073089716646059,-0.0020390894294682114,-0.011446333892887923,-0.023491887040035738,-0.005872365574095835,-0.00555767561494092,-0.008202375520722612,-0.023712303303635336,-0.007489869653074034,-0.0361481946247569,-0.009061732485854882,-0.005349914899329759,-0.03622482118166687,-0.010231106280636774,-0.02224221330784333,-0.011593785474929551,-0.016088174975752854,-3.752014106941287e-05,-0.014593121855588736,-0.003638565533236059,-0.019537545656641047,-0.018687263080927472,-0.0009020902084388996,-0.04909420760192447,-0.006693324301469507,-0.013876150453019152,0.017103535524875493,0.005443644185824694,-0.009554416657937418,-0.032162383377677246,0.017395199123880413,-0.015428979549676753,-0.0074837830042781784,-0.00935631772459538,-0.4657815164769725
-0.006404485460301871,0.0009646965965554009,0.0010845453995362046,0.00662795355395974,-0.0049050055238026675,-0.006416184706915703,-0.005156768045307626,0.002445969321048411,-0.0035047572425128152,-0.003943419598560817,0.010331189699388591,0.02359947130118005,0.0074935502973498885,0.0010530722808600758,0.0019367845554176264,0.027402440307580937,9.450868261532016e-05,0.004096723784098335,-0.028712348584885087,-0.004560342810690203,0.009168889531375369,0.006470496765620556,-0.006445268907036176,-0.013023616466584304,-0.03547626374691658,0.00436374386824878,-0.007573666006451432,-0.008762596328694942,-0.007359171790243531,-0.006708266835653152,-0.013865197423515267,0.004979215882719105,-0.00042390808418921763,-0.03536687754820335,0.020252461297303084,0.030430680619866052,-0.028618452490667388,-0.058839556016719446,0.012835774018710009,-0.005784060264244891,-0.0015258154634511108,-0.0199407036090301,-0.13768456519114414
-0.0035130103833498536,0.029211513583884012,0.03000035071198876,0.015636026525421166,0.002985651703543966,-0.00613826195163542,-0.0018778435217712663,-0.011158656453688508,-0.001683806571871392,0.0010987829385120905,-0.006493055697037452,-0.06974490766183752,-0.007813741756501933,0.002132569131195924,-0.025649195446565447,-0.05148753674414993,-0.007183753996656634,-0.026057247557099962,0.004439636120282664,-0.008158235689123166,-0.00282879079804407,0.007590500995393222,0.006048018594511698,0.0012268393315339166,0.00397842588981411,0.005348809384503343,0.004914879825389721,0.0009725094480011961,0.00953236706069808,-0.005736193910895119,-0.01176424942407322,0.0026546872006130693,-0.0021552670942156993,-0.016236878921035716,0.013343292389643643,0.021859731668275817,0.0021165815377448397,0.007283844163654987,0.00952790631976801,0.0017489590394195054,5.648793705210294e-05,-0.003473314351634499,-0.085445576430341
0.019760701632546732,-0.018385341364695797,-0.01895411148783911,0.007505868449754008,0.008013805421526006,-0.0019336041109458313,0.0012415046257187546,0.015090691120570853,-0.003036686099201326,0.003211398198926503,-0.016454534408991514,-0.030188246510269117,5.919160419846792e-05,0.0015433486026383031,0.012815346851960206,-0.03277973100417918,0.0023703998796186887,0.003035901108759088,-0.004486963910383465,-0.0009423469816463969,9.201087522204334e-05,0.009855236657170979,0.0024687986670027928,-0.0032205373669332424,0.00036559023240374073,0.006865261513346009,0.005316362718951406,0.0019806174085279164,0.010639266020394453,-0.015125150711886167,-0.0007476968170331334,0.0035965060715553426,-0.009392405841509516,-0.017037280948629652,0.01887996260523809,0.022055094794931646,0.0004179862599612982,0.010440449318917805,0.02594175786644207,0.0033650840881465395,-0.0041761496256705125,-0.005315535100163871,0.01475182030445191
-0.01143110112199545,-0.009199426870057406,-0.013204142421391696,-0.013425922879916985,-0.007415610133205227,-0.0021692744843630307,-0.001159050364735163,-0.010980278462469904,-0.002073089716646059,-0.0020390894294682114,-0.01157377580057855,-0.02367405694842652,-0.005910113169157782,-0.005549476302474844,-0.008278799307271486,-0.023279030461600025,-0.007540202448872576,-0.03595298967567258,-0.008066047645592869,-0.00556956166090363,-0.036374986500299675,-0.01121599217727214,-0.021817552059441653,-0.012049363524827798,-0.01585132009699307,-5.700794930330059e-05,-0.01375637511404348,-0.0027593459227240225,-0.01981575975396784,-0.018741244928483135,-0.0018908397602503506,-0.04813781043997056,-0.007042900943640685,-0.01494848446065814,0.016293254813794983,0.003545624920465788,-0.00937396495402163,-0.032724780339980615,0.016799249758456116,-0.015628011758477414,-0.007824884829653784,-0.009670288054502846,-0.47153382338059524
0.014390173041054156,-0.008451300754763165,0.01518866471349872,0.0010508414111527144,-0.006066447105901529,-0.0013013508448115872,-0.0008950662339567104,-0.008982262891604411,-0.00188887323301766,-0.002040307675937919,-0.006198311565418088,-0.01844158450391501,-0.0034561843732342766,-0.0009205822124080778,0.003613945139500896,-0.021330226708752467,0.00046865122307578234,-0.024587959416523263,-0.023584063554402148,-0.007979726203240785,-0.026257214630054135,-0.000614071514147079,-0.02912587846195475,-0.01724518874091138,-0.026999972731115367,0.0004850549297857898,-0.0180718548657708,-0.006923742282513442,-0.023004634247535807,-0.009333173915288095,-0.0007539621641521754,-0.028368017826640297,-0.006452586124504123,-0.023389862534362364,0.014177121847296647,0.01959310034298097,-0.020283607717054557,-0.04845307879228364,0.0164336506353805,-0.01910782252658369,-0.006288846123324827,-0.0030235354045947157,-0.36442009459695207
0.011213805833118406,0.005051991779423158,-0.00017791211893788787,0.010471261849815398,-0.009952034861832779,-0.004103716637033845,-0.0006562991119964727,-0.009992287375718945,-0.002926801740736603,-0.0006227982762758093,-0.019266132011810582,-0.0353005232540068,-0.015257981057327667,0.0012780836170552569,-0.0009849356384619853,-0.038818118833804954,-0.006045635899239397,0.004679723634287862,-0.021055078371607278,-0.001151199666663422,0.004239848459717343,0.005579154407692624,-0.007558659899532496,-0.009066719936310667,-0.02915385329605297,-0.0003265253722567298,-0.01040286789521016,-0.008595345434605108,-0.007849431030014994,-0.01712846415970787,-0.011238565638383081,0.0033091334213578697,0.0008920668531436601,-0.022486381684821595,0.013909401046286388,0.022115282278559165,-0.02096662516673302,-0.049752261390031575,0.00899384860615525,0.0007606793597923055,-0.0002770051789221503,-0.012147893614299268,-0.2807677734059314
0.016981216702473288,-0.02299515132750124,0.04220497461631577,0.007334096941340384,0.02022989037670898,-0.004680323268463384,-0.0036138432080130155,0.02502008359834765,-0.0036622446465432567,0.0011244583772789178,-0.013894149162549952,-0.0259363202015432,0.000315921788263221,0.00454668519781394,-0.03169006852852798,-0.03256831468849154,0.0008343300337935179,0.0028547941778236403,-0.0011398480526681309,-0.005999545481500861,-0.0017166242035724028,0.004938511947558156,0.0037986451062446977,0.0013965496814316177,0.0009596669553672314,0.0055069163393107095,0.009471639850678122,0.0012904169520547397,0.010381511795252549,-0.0027564927807058335,0.0020075918897256807,0.0028957094853723584,-0.0006051332434962186,-0.012615083118265804,-0.003560838157042466,0.02375882963967231,-0.007985506508937704,0.010119997258540233,0.01124916932912221,-0.0018331819758474282,-0.004108428150542099,-0.005053138230774248,0.022807373105503157
-0.009383877342914548,-0.0074060059502597765,-0.009583236984062573,-0.009903145632283852,-0.00452747898479414,-0.0022450078173099105,-0.0012392768649103815,-0.008091657989072501,-0.0013113384541454177,-0.00236718715676539,-0.009187360218692053,-0.022792240901597476,-0.004304294215472194,-0.004236857557786227,-0.006372182662421294,-0.022347944227249714,-0.0054980640550398915,0.0023077801723387797,0.002709135684428689,-0.00026023364073924656,0.0010135741111374844,-0.00279572188383598,-0.011500437124412215,-0.0026399841945564124,-0.014010461713875383,0.0047023975448935214,0.008955012347044036,0.005316220742922495,-0.012485620852948954,0.0054707761695501,0.004244376965066088,0.010077413392967777,-0.00025844747158762906,-0.004565385272223492,0.03079687010762227,0.02224849598589312,-0.0037106415659391503,-0.022475318372101857,0.028038439535988318,-0.0012214655637183165,-0.003193963368165916,-0.0059955343830325235,-0.09002987966206173
-0.017007117275042085,-0.018582180442152787,-0.03199016203216087,-0.027877263437085045,-0.006285590665948718,-0.0021886890892901466,-0.001159025122687579,-0.010079316960606294,-0.0009725473836148586,-0.001564950031537167,-0.012900514448086561,-0.027306970602327924,-0.0074667603909310265,-0.004788654472767659,-0.009170473024451422,-0.025343064775669395,-0.006837328868472555,0.0030517625938351043,-0.006216396602305963,-0.007856256511325524,-0.0017317739337690881,-0.02190509218149174,-0.0015480307129927737,-0.0024899469742387928,-0.0025945788051444803,-0.021358809884086307,-0.01141953650823164,-0.0015602013731871001,-0.01978472004847361,-0.002065754400621177,-0.0054303041122970965,0.000528455917606214,-0.006891287921430703,-0.006122645770944717,-0.04472566421448851,-0.06183906542878266,-0.0028164082996027214,0.005217712049522193,-0.0450204443660092,0.0029062614826875248,-0.002880080904899092,-0.00989956835017956,-0.4859729842836836
-0.017093518473470744,-0.01876361702244127,-0.031996877177714614,-0.027880821173684928,-0.006340278831654917,-0.0022050924757335785,-0.001159025122687579,-0.010173713057482865,-0.0009739286749152801,-0.001564950031537167,-0.012943460019393832,-0.02751959281624012,-0.007497249153026618,-0.0047978287056777745,-0.009237728555804488,-0.025616913478937568,-0.006828410305055452,0.002818868682962964,-0.006266209560606031,-0.007906460164479457,-0.0018669505196949095,-0.021578879999567306,-0.0014489188583399404,-0.0027119996848590086,-0.0026152592812998536,-0.02137790071182212,-0.011885607360241237,-0.0016088529957645947,-0.019888799004157107,-0.005122864038405629,-0.005343825227048154,0.00011285562959425659,-0.006757131047256232,-0.00524150152241866,-0.04555961549577808,-0.062368185701857315,-0.002875021957652489,0.004631586330224124,-0.045008281790268875,0.003103613754237219,-0.0029548460400883833,-0.009885584395745405,-0.492198776035791
-0.011434912336903786,-0.008893674069023055,-0.012529808165732155,-0.012726235106401194,-0.007125598670771859,-0.002122984583351509,-0.0011046564035778797,-0.010792173100095547,-0.0020662721923601387,-0.0020278134855975364,-0.01140386934921311,-0.023440035287555203,-0.005843987228775203,-0.005541483052155924,-0.007886244623984807,-0.02318480057600775,-0.007435050893093294,-0.035377150391383526,-0.007210314123744404,-0.005164051307692758,-0.03602776107451101,-0.00883617389079801,-0.02067533395154375,-0.011227667376405655,-0.01576563782976235,0.00016163246373075788,-0.01340291852037746,0.0005023608113716447,-0.019323676029300015,-0.01791913762436415,-0.0009949717730478533,-0.04724387977289395,-0.006873105777566119,-0.014609265942849335,0.01818153659514955,0.004843460982763342,-0.008960723578864955,-0.03221237159273772,0.017494702114930826,-0.01497146774225744,-0.005992148510550329,-0.010157719589007724,-0.4473213825563124
-0.022563506605022602,-0.026314457924912393,-0.04333648729010139,-0.03453782063417671,-0.011147455684211561,-0.006061812486117407,-0.0048703429189516905,-0.018059552823348153,-0.004195697412704499,-0.004824401627721399,-0.02564957001956408,-0.05174402820051541,-0.01595036989506702,-0.01504907236960836,-0.032284556355913915,-0.048974990117658365,-0.01833649225457937,0.005435446071415517,-0.005508226660538255,-0.003957517161926072,0.005494415097821823,0.006532344550072351,0.002550454149296867,-0.003175186564099982,0.002280723567701807,0.006385767548052904,0.00648072041843638,-0.0012007828027054668,0.012467328280382101,-0.003605615137836279,-0.00013008393428974165,0.003524421898740762,-0.00033760060170371004,-0.00686626835381924,0.014695002568425911,0.020832304216767537,-0.0007404048469407125,0.00794246597188445,0.014848408457382072,0.006449068821212754,-0.0022069646868525476,-0.00997227348200585,-0.30568266723529897
-0.020909516415683116,-0.019132573992226364,-0.03299969645990819,-0.03263423977173936,-0.010619395274063035,-0.004563028980011996,-0.0036373613300510494,-0.015509377341584436,-0.003757313909154411,-0.004456611120039478,-0.028795176131217133,-0.05270034959809479,-0.012811618332651147,-0.013679652497095149,-0.022589838791038996,-0.05335535053402836,-0.015555577457964362,-0.005883894617741399,-0.011615266110306393,-0.008911731890206071,-0.0056769194119242914,0.0034348216729175665,-0.02352889135253377,-0.008058571083829381,-0.007323293885959907,0.0018465126259803895,-0.011680853521348457,-0.0067440478262398166,-0.0035133693443865853,-0.009117271763238942,-0.0017288777563976535,0.002752220690124966,-0.017143086371021903,-0.01599799626621903,0.018220335189825947,0.023962842234871464,-0.00857459340524547,0.004542007476891377,0.018386996612881453,-0.0008936506030692721,-0.003809190660745711,-5.739675240950535e-06,-0.42476818697871316
-0.024780200789996907,-0.02935492868431362,-0.047173066819470075,-0.04080706508737222,-0.01667675242459972,-0.006483851063143081,-0.0059258589687949705,-0.024423420867934642,-0.004737575969275733,-0.005837196314563434,-0.02722792305485378,-0.0555692637639961,-0.016043978555754023,-0.017102010683334355,-0.03751527500986793,-0.054772214815978035,-0.018601339418981247,-0.0017671665247751785,-0.007553084813028357,-0.010316205925177553,-0.00020464554425185982,0.004179741652534993,0.002048209557814534,-0.008692504692792162,-0.0022459168074283648,0.0029092440437347186,-0.0018782941173158766,-0.004180056400380995,0.008360826134170886,-0.006692752719634917,-0.0048081440116152455,-0.0009363646104701028,-0.0009366002513649086,-0.012119819582126583,0.010981563300957045,0.021534022934538554,-0.004970046738422107,-8.234146667637768e-05,0.0072367485778908015,-0.00493459895656842,-0.006260484015475014,-0.012250278316463473,-0.46661087158455583
-0.02291568375381105,-0.025616067462671366,-0.040059874036772095,-0.033218952027389725,-0.010040442661835442,-0.00556523223928773,-0.003989533057178921,-0.016904709684166106,-0.004046860654773857,-0.004805831602047333,-0.022653053197876177,-0.0502002555566125,-0.01366175633555315,-0.011967956199648222,-0.027565856191230354,-0.049080643752496475,-0.01694156920281209,0.004824905482144145,-0.011421322316781089,0.0009480760147798828,0.006063788275967337,0.008196247113559738,-0.0017500113279187487,-0.005937583367554648,-0.0028510837171432284,0.006970709737514318,-0.0007469684111248419,-0.002532475542709964,-0.004502655235541038,-0.006299864441062205,0.0011839664265153387,0.005995631879538676,-0.009053459417836331,-0.009371606597159373,0.01968524932862894,0.019643670929361985,-0.0018980000300549112,0.0056904764382182515,0.020178157221805108,0.0038564037345943584,-0.0023117434046710504,-0.01254113077970245,-0.3272148996227943
0.01340569283415568,-0.0036156282382896914,0.007148919591821924,-0.007122953404899725,-0.0052818117698721564,-0.0007481388428186304,-0.0008892841809231461,-0.005963996954160044,-0.0009921480323926294,-0.0019478847040845567,0.014101394575276963,-0.021508829534949207,0.007500882635314581,0.003333652820784995,-0.0012946278587047041,-0.02419821099137657,0.0036741107705487576,-0.00023272097620402602,-0.025107004237321023,-0.005552345930018935,0.009738634230533295,0.004885610857309375,-0.021822753250822134,-0.01718428423169445,-0.028480570688724206,0.0016598058018942386,-0.016608157582139366,-0.006538540217756131,-0.013010400036331644,-0.0030474364821813107,-0.013444252627138128,0.004175647588218972,-0.003249575535364039,-0.027409554521898506,0.016412346496634575,0.023029645480065628,-0.0221810987089224,-0.05042728775117891,0.014395884948737635,-0.016953135298184804,-0.0035568038955330764,-0.003867100319747136,-0.22877430817233466
0.01593226927852097,0.015475679772927523,0.011188747815923088,0.009470680134986732,-0.005450538918875661,-0.0013950831790577308,-0.0013838092749403964,-0.008110610817917386,-0.0009541127395511134,-0.0022333209315492813,-0.007355886147842941,-0.028552802394604702,-0.016058333822836928,-0.0023594411308355953,-0.0010038515516625688,-0.028583681965229125,-0.00317624286176338,-0.00425548654252798,-0.027132497029146288,-0.008643405027688955,-0.004500498516598646,-0.005247808677073352,-0.025887975237910317,-0.01787850623904163,-0.033923674812135075,-0.0005676374882878949,-0.020523650595932655,-0.007766950266698521,-0.025605857066237928,-0.010941758816681977,-0.004708500485280343,0.007550578309620387,-0.004705928727200283,-0.02753060037028304,0.009827313367176647,0.024781943006894784,-0.023266724237750554,-0.05330947325537691,0.007381559801297322,-0.01981474496426275,-0.008628655251506008,-0.021961087401396184,-0.36181036525833665
-0.013872911217148943,0.0021023032642231484,0.011875427626809933,0.013603817365122887,0.003171189783168821,0.0005295012554354395,8.157469443264256e-05,0.006633099132782292,0.00048461889777801667,0.0019117359051665792,0.022899133876748877,0.04305027415650574,0.008102558323524005,0.0035830851206934285,-0.004331813700352118,0.04366451915464485,0.005347985356097987,-0.004215749292525613,-0.011785375638627159,-0.004757679588037244,-0.006877772497810218,-0.005714815424638089,-0.0054442709955559885,-0.0017704027751269604,-0.00830316909026916,0.005475663500354581,-0.009687838658718988,-0.003462831159986582,0.0020387057378232283,-0.008797360618851079,-0.003224774181399084,0.0015665208892865462,-0.008027559902672662,-0.003858242250008252,0.017274371837620036,0.03081234122239067,-0.003706201071941482,-0.0010519104025448415,0.014296207074443724,-0.004102668194959364,-0.0019123557348011348,-0.02899224411975928,0.09460668765931918
-0.011227455646159614,-0.009199426870057406,-0.012931715210863174,-0.01330478337768748,-0.007295891262083048,-0.0020713054792036345,-0.0010931328315460813,-0.01082389408139629,-0.0020654197369417582,-0.0020390894294682114,-0.011446333892887923,-0.023474461859255686,-0.005872365574095835,-0.00555767561494092,-0.008160403721026197,-0.023747845056719827,-0.007489869653074034,-0.03564084798056435,-0.008862380486979097,-0.005349914899329759,-0.03622482118166687,-0.010036822249787221,-0.02217634714596614,-0.01183208344670345,-0.016054610678830204,-3.752014106941287e-05,-0.01465246434076202,-0.0037988662354832207,-0.01958519808623206,-0.018687263080927472,-0.0009020902084388996,-0.04919782513710641,-0.006661853030651075,-0.014096149297190096,0.017716731510138438,0.004846389722638173,-0.009310169016142449,-0.0320818586647321,0.017179273666710584,-0.015470297525651216,-0.007369196821078957,-0.009474964178146073,-0.46556221823135846
-0.001822877561059399,0.02197228966635442,0.0298189486399944,0.023370529569801346,0.00895303982976681,-0.0010545082366423652,0.0013211158710821425,0.019469212802809256,-0.0028238633276111455,-0.0020426248292987033,-0.07006385181777215,-0.017279648255368246,-0.00010215902265533862,0.00030740078311797,0.014332079328854969,-0.015853871074776708,-0.002700759998624909,-0.024590240618512078,0.003395359146856414,-0.0015709340790110867,-0.004110534525143903,0.007193712021902229,0.003707438756248572,-0.006851623444849189,0.0021795745847972892,0.00582484694052869,0.010393014041757827,-0.0005381436887477106,0.015955869877536718,0.0008082743271980797,0.004150086735245206,-0.025597183317129187,0.0012666525962116383,0.003559591469023781,0.01895658823070977,0.024909844397733253,-0.009075857211870476,-0.028147963488212132,0.02067853109404209,-0.00966517308006014,-0.001952443358070573,-0.008831143562429516,0.00784859621372792
-0.011873905166841394,-0.00432534681647871,-0.006602764095498773,-0.007918644708971393,-0.004754281525726186,-0.0013879517895237397,-0.0015104804836518569,-0.007078139256777302,-0.0016564517286188326,-0.002270249664227421,-0.010113437413007513,-0.0241024778907528,-0.004751634831804235,-0.004421956020302805,-0.007127144164721427,-0.02489026307505745,-0.005217509568326183,0.0076193268017263555,0.0023150639149838413,-0.0011163606129150473,0.0175404962031046,0.009518629935967148,-0.001925266663156058,0.005405521312629143,-0.010262513177998875,0.0072288883900162365,0.0025016110055255864,-0.004842627006923781,0.00573867314217204,0.004155505715195221,-0.006245273329718004,0.00843867968413435,0.0032999684464968464,-0.008764395759805145,0.031910318495158706,0.04872894423611874,-0.005244342542025688,-0.020554968352443557,0.02721855139790611,0.004014981109387627,0.0018732324494061367,0.024435514307058894,0.022985520901713394
0.017900632113327566,-0.004017119756036883,0.009776154051109579,0.01593126868468038,0.0018132969129101377,-0.001324442880619848,-0.012004902304878873,-0.0021949467129574398,-0.00019672552932819198,-0.004315111162695595,0.020721951351128785,0.03702172679176321,0.006179745103737236,0.002255715943352549,-0.00577940272993444,0.04124395322284348,0.00394288001145339,-0.004785267181804881,-0.010431405023054813,-0.0038063154337917003,-0.007064303043536997,-0.007123488153902686,-0.005762228332806525,-0.0017191000760349035,-0.009110345508519014,0.0037579297472979745,-0.01123650446516439,-0.00394310066394945,0.002372379902582322,-0.009531740538306075,-0.00236872839277664,0.0008125421622997069,-0.008945511323509108,-0.004287636876389894,0.015247757902416222,0.027860132606146098,-0.003831082156421817,-0.0004457348034550658,0.011878873804511783,-0.0045639670127762995,-0.0014863711414938945,-0.026576743170330656,0.06186471593708434
-0.017158263513426676,-0.018933500136774764,-0.0320546436209795,-0.029010402876159427,-0.006333574757277304,-0.0022529372521079803,-0.0011811833626109213,-0.010377555599573256,-0.0009585441077822446,-0.0015646338178787946,-0.01305480093794481,-0.02811477335112781,-0.007266105730995858,-0.004798131583666985,-0.010267903120851376,-0.025873923803110734,-0.006783252871121093,0.0029931435058904938,-0.006232706725057725,-0.007886260620890807,-0.0010927629886925984,-0.01974191762213705,-0.0013319705088631925,-0.004295367321933919,0.0009236757275047794,-0.020530488466112305,-0.01091221211303085,-0.0012846378596152864,-0.019705367531180278,-0.0037422322144426774,-0.004400898727260576,0.0006033897807825537,-0.0069194233984686375,-0.006865322896703905,-0.044854080382780374,-0.06100899162697761,-0.0025966485789084724,0.006612277384278635,-0.04412186743744933,0.003832107070363145,-0.0025414080162537564,-0.009521059305847112,-0.4806051613171764
-0.011113620302293313,-0.007547940754031073,-0.01032913153854533,-0.011237637878406679,-0.0065273705291044575,-0.0020257477715805317,-0.0016472391420623014,-0.011137977848704154,-0.0015013737388308909,-0.0028282455936829817,-0.011615506229867123,-0.029840917252266504,-0.005472577074026525,-0.0061921479573887675,-0.006957146380714034,-0.02838650346744364,-0.007655286529772444,0.0030913921309171253,-0.003585235625992746,-0.0044212461573412964,-0.007430986141284519,0.0029007864170383884,-0.02143804365499164,-0.00739073240243581,-0.013408347147483644,0.002630990783157247,-0.018464028590119027,-0.007590619859830702,-0.016995469299376197,-0.003664052157188955,-0.0017060369787426349,0.009095530135988345,-0.0029243358290977008,-0.01085155459607229,0.02073761305449931,0.04769691571112254,-0.006312367596873501,-0.027227280218738253,0.017783455458806836,-0.007337621235000684,-0.009383550804875853,-0.008979838974000228,-0.23719103356663662
0.00930022452360956,-0.005231011276559926,-0.0030177350987745867,-0.006242704953487928,-0.0034524359742077477,0.0002960533372998237,0.0006965736701638359,-0.00439388482427767,-0.00025311378781143026,9.729383455072977e-05,0.0141267003494603,0.03117809723276656,0.0057858797398037875,0.0036442202370557016,-0.003233026237109762,0.0319116134721383,-0.00031528533763343824,-0.02717259143493814,-0.02234336275258524,-0.008073986085101636,-0.032088849184563034,0.006620259310427626,-0.02294059470252776,-0.01748280769450361,-0.023984589053239472,0.0029593938869445645,-0.006312364462664145,-0.005912502293141628,-0.031145587305293248,-0.009753924070272828,-0.001333121062271288,-0.038443513927557064,-0.009456126060052871,-0.028594916669579785,0.02024266992261368,0.03014405411341143,-0.018604884194380136,-0.05559546525849595,0.021284965646794485,-0.01601658653907006,-0.012320299207840358,0.002033742209067353,-0.23339352796183302
-0.02471166401259735,-0.02914484086572418,-0.04745463564339717,-0.041189785051524784,-0.016707670500912576,-0.006483851063143081,-0.006208543337326282,-0.024540730338657765,-0.004737575969275733,-0.00552980371797257,-0.02716757036382979,-0.05611460514534099,-0.01587474861116621,-0.017278242124574773,-0.037697587413754265,-0.05477886359214017,-0.01877148107981036,-0.002378285156609351,-0.007620616280339979,-0.009626687403431677,-0.00019672957796150941,0.004963318404142146,0.00232473944666104,-0.008763320238591834,-0.002877821368858407,0.0028298650946002664,-0.0017162407422613758,-0.004051307170249078,0.00900724905207543,-0.0068546681650143515,-0.005401511428348881,-0.0012557471403850124,-0.0008038014926885962,-0.01217905585921947,0.011304066921563273,0.021330678028488814,-0.005700671197659319,-9.244253654858573e-05,0.007240794317177672,-0.003097893816385076,-0.005804346371298615,-0.012116847094821678,-0.4659294806071122
-0.023979154229046652,-0.02775246520430328,-0.04460148224201701,-0.03900491922900996,-0.015036616619408603,-0.005893229659353595,-0.005026876564762934,-0.022571724030355823,-0.003849136434007936,-0.005565575200205803,-0.02519832681330332,-0.05243268943658835,-0.0173735995421788,-0.014338134788674869,-0.038158859665524,-0.049985668780486374,-0.01977418219528229,0.004801676792405931,-0.006340366776658841,-0.009495147396144274,-0.004982256401721252,0.00539593569899954,0.0015815682399106577,-0.003706256051931981,-0.0030218687627167895,0.004575239507569338,0.005504631081337162,-0.0027917878122024117,0.007899958669948423,-0.003014362477604155,-0.0032659136696639077,0.002684161193643478,-0.00151877178592879,-0.01053522197125131,0.0017846724299501414,0.02235050126465881,-0.008752738078215304,0.0015314373930736256,0.007284616682079843,-0.006014384236269007,-0.004980777297572501,-0.011156684797572827,-0.42472477919638596
0.041512977475408254,-0.01192811452451079,0.054066677951740326,0.028831062422913927,-0.0027928542062852875,0.00019839750414555254,0.000368291678122171,-0.003027113948838243,0.00022106993322468905,-0.00021304424699666085,0.017711928351376183,0.03898063451216659,0.007767237420904307,0.002885219491864843,0.0023031082726813266,0.036201685203332924,0.0015655620682777762,0.005919347886908337,0.00017407500435945796,-0.0033755242519195733,-0.002560813133202228,-0.0005584148788053217,-0.0012854671121389197,-0.0023906800764442477,-0.00797722713061723,-0.019239767329696487,-0.010007524123522524,-0.007126298874568184,-0.022674128352094758,-0.006143255510754207,-0.013619226125875055,0.0018859798033082206,-0.0035893094593607965,-0.005412624330281404,-0.03284262921589379,-0.06142466963870344,0.003092529813287689,0.011379777709053828,-0.03855699595298971,0.004408767414994376,-0.00583319455894887,-0.0064798349278997755,-0.009584381992276719
-0.02168831266725935,-0.01726994801934012,-0.028518610970331808,-0.032636390444320686,-0.010196571326853842,-0.0044287384985176245,-0.003988945415524775,-0.015399267713729186,-0.0033593103985785225,-0.004743899815707813,-0.02923246037055153,-0.055106134954238155,-0.013854968661020945,-0.014280394482208811,-0.022869983195757494,-0.05349179739015821,-0.017788526860248646,-0.005014979595192069,-0.009930957834448223,-0.006864235983533875,-0.006343103903301236,0.004654370801629628,-0.008657079937546962,-0.008251075961707538,-0.009187678494974861,0.0017600637686739655,-0.013344058939358517,-0.00682027029308392,-0.003907566396569586,-0.005328692282078168,-0.0011895084160841796,0.004487570389834259,-0.01757810960931573,-0.016686752973558122,0.017941489244854614,0.03167684487934449,-0.0018327439586566605,0.001853486434924362,0.015002607492888238,0.00128736322513882,-0.004324135453871724,-0.003984270679029455,-0.39943568565936993
0.013814198480039721,-0.00420899849379045,-0.00294115890221919,-0.0017711433305491065,-0.003473438900171166,0.0002172453003609714,0.0006900725795704244,-0.004315935192799513,0.0001577562859789532,0.00018217232443800576,0.018655704431539914,0.03503479157343185,0.006244391506613707,0.002462512154921332,-0.0023833629285707454,0.03353474197489757,0.0013536861045741176,-0.03166821405076391,-0.023195901459706205,-0.008450755451097518,-0.034122140308462966,-0.00933317030507607,-0.021656676586046992,-0.01852625180510144,-0.026235957471225674,0.0019788793714804803,-0.016288340235554172,-0.009170803696524113,-0.03051298029201245,-0.010269199989172612,-0.003231828504768617,-0.042647601917716965,-0.011249919463020173,-0.029397005521197794,0.016502302108365376,0.012213251492994672,-0.018730054363645412,-0.056520532213357406,0.01714243164790574,-0.015507129654960882,-0.011611350369478527,-0.004722084588579477,-0.2919577986584567
-0.024780200789996907,-0.029525855014137573,-0.04734994534017789,-0.041215225824041773,-0.016725128923828648,-0.006483851063143081,-0.0059258589687949705,-0.02452070637251354,-0.004737575969275733,-0.00552980371797257,-0.027462258643486403,-0.05604757033270355,-0.016043978555754023,-0.017284295950397446,-0.037599315643332125,-0.05477886359214017,-0.018737122451801147,-0.002378285156609351,-0.007587835234621013,-0.009674393421991037,-0.00023782392602185817,0.004963318404142146,0.0021721209307495426,-0.00866853398287911,-0.002719314689367833,0.0026705766803570576,-0.0016759422530978711,-0.004051307170249078,0.008049242383791278,-0.006728846208825275,-0.005401511428348881,-0.0009424859188427282,-0.0008935975795112677,-0.012660981452312233,0.011106161830894959,0.021452553149676982,-0.0056799552021644896,-9.244253654858573e-05,0.007342443305148217,-0.0032208582170031065,-0.005799558177244002,-0.012130244023839911,-0.467535057048215
-0.01709061293475472,-0.01870440926728996,-0.031994879082821545,-0.027883528738806448,-0.006302677706736701,-0.0021899752077400936,-0.001159025122687579,-0.010173713057482865,-0.0009739286749152801,-0.001564950031537167,-0.012943460019393832,-0.027533160154097625,-0.007495604042843641,-0.004801564496928383,-0.009237728555804488,-0.025561725573468863,-0.006999193814026282,0.00308567605410261,-0.006262960423796865,-0.00789773739988273,-0.0018517679684976857,-0.021093105837155023,-0.001463671687295756,-0.0027119996848590086,-0.0027933011505377188,-0.021420280438575627,-0.011691983563720748,-0.0016088529957645947,-0.019534352079042205,-0.005179070179326799,-0.005343825227048154,0.00011285562959425659,-0.006923848192255698,-0.005169783513790637,-0.045354883650429084,-0.06228042875313129,-0.0028295564689413658,0.004631586330224124,-0.04499621971569276,0.003111099774330012,-0.002972818105289062,-0.009922384409595196,-0.4909717501377125
0.03857796666389535,-0.013185736759098015,-0.024909329402289373,0.02864035408204162,-0.002865525672336926,6.274837904508758e-05,0.00033341767417774225,-0.003110227345796225,0.0003267731632683555,-0.00017168147131134412,0.018455745206959147,0.039450807962268596,0.008242486566161953,0.004182929262007185,0.000385289463165891,0.03983924653226966,0.0012094657407206145,-0.0014411832944326406,-0.0023544677673518048,-0.006541318610945128,-0.004177963062978832,-0.002183553633932513,-0.0018370369562743232,-0.0007339896031986904,-0.0002962475523289817,-0.023198072756996427,-0.010181237115803451,-0.00761889294354881,-0.025236242460311618,-0.005763896882655293,-0.015452420680392837,-0.0015979505520087008,-0.004703986954011329,-0.006974248592367426,-0.04389794313033704,-0.07345191264386755,-0.003795076594822026,0.009216898480134593,-0.04761175464185332,0.0029019238939723795,-0.005511390005457763,-0.004873052860697172,-0.1518502868773174
-0.020214784519943838,-0.022768574244986753,-0.036575788353235585,-0.029739300922618447,-0.006817226359732056,-0.0035567265199850876,-0.0016959268341938851,-0.011743801079029973,-0.0014290709172222252,-0.0024167109598601556,-0.013741881234198072,-0.033501812180301176,-0.008265854133527914,-0.006618962986745773,-0.013476983925771012,-0.031180922774966056,-0.009090322602480426,0.001167611358068681,-0.00908709533016272,-0.004343976510585097,0.0020206587690845125,0.00016209266143645164,-0.002312830672097624,-0.003404999779009412,0.0014959239468119848,-0.01776509788712491,0.0009461079762576215,-0.002301383584572907,-0.0049493386879680915,-0.0036678613962919547,-0.000224331430425686,0.0031647030329775405,-0.010654625427007023,-0.009936490836569459,-0.0330554903477848,-0.06131766180066616,-0.00029141766155421774,0.0070225684164276405,-0.0405556729726179,0.00433540054091957,-0.004642473413519255,-0.011449738449418545,-0.4524800700341902
-0.024843427396099894,-0.029298122542681566,-0.04782836978046817,-0.04084137242533614,-0.016705412059567847,-0.006483851063143081,-0.0059258589687949705,-0.024526897016124812,-0.004737575969275733,-0.005690789804974963,-0.027223112505916965,-0.05580161641145013,-0.016043978555754023,-0.017284295950397446,-0.037711194266346226,-0.05487369410502589,-0.01858781241597692,-0.0019763437571609322,-0.007744284097605493,-0.010223003318176596,-0.00034964726245720947,0.004193793803940592,0.002045078942916513,-0.00862372041484705,-0.0023206039275964854,0.0029471511047533265,-0.001659408109943436,-0.004245636111716701,0.008513466686739609,-0.007053279807296498,-0.005307760380977681,-0.0010404265929511683,-0.0010811271510211178,-0.01233934071798386,0.010700729299987971,0.02029498391384018,-0.005448668666667686,-0.0004259300582276536,0.007287179040417926,-0.0049373264378584315,-0.005788728495564605,-0.012241565150060328,-0.4712317989028516
-0.0161632392230723,-0.01811527908528131,-0.030676536372017393,-0.02772163265718079,-0.006113049303814996,-0.001943804031160901,-0.0011512954506497936,-0.010418206499491574,-0.0008722958783122451,-0.0015841742273507067,-0.011583888028525294,-0.027609280741269095,-0.0071109755341923295,-0.004484320481642858,-0.009746214835658294,-0.02536382738524285,-0.0063851052594310394,0.0032646261963966542,-0.0049063679475604745,-0.007719708939363516,-0.0025198094682489765,-0.019723461786071015,0.012502377596844071,-0.006193358050006188,-0.0007153226167879988,-0.020919789811204285,-0.014449653240750074,0.000501761386116606,-0.020325090648995164,-0.005451272995078916,-0.003299124472634869,-0.0009378280183663522,-0.00339636792274257,0.006702373944462922,-0.04221732059283424,-0.0601902994069999,-0.0016310002972297643,0.0018328211013551446,-0.04148998144054307,0.004399215550145411,-0.003634844610461886,-0.010090934608911906,-0.44765148609376415
-0.011399524598030718,-0.009199426870057406,-0.0132294266405779,-0.013425922879916985,-0.007375887236202367,-0.0020713054792036345,-0.001159050364735163,-0.010980278462469904,-0.0020654197369417582,-0.0020390894294682114,-0.011469385730166908,-0.023682189686877898,-0.005910113169157782,-0.00555767561494092,-0.008235501948105402,-0.02326446686952176,-0.007540202448872576,-0.035772292548529525,-0.008146537920447658,-0.00556956166090363,-0.03637127515043976,-0.011005053826483119,-0.022211864617323888,-0.01218773178559819,-0.015909539546489722,-0.0002554466405613555,-0.014771178563058922,-0.004054902620956923,-0.01981575975396784,-0.01871582911160238,-0.001933747965935978,-0.04925093427173142,-0.006953446421560454,-0.015130819990483534,0.016498972533284396,0.004295120860021017,-0.009310169016142449,-0.0325532238577259,0.0166115786073926,-0.015621026912855294,-0.00771029864645456,-0.009701563524106418,-0.47415139951790813
-0.015254160854484465,-0.01841372772555387,-0.02877565097085734,-0.022492880751696608,-0.006404403035735075,-0.002166627593473793,-0.0011219335520482108,-0.010040991059839657,-0.001234672790987949,-0.0015999227977796344,-0.012807838065023593,-0.026388136774852185,-0.006844448959364211,-0.004626694658794019,-0.008873406715253258,-0.02435904722897373,-0.005870857488237652,0.0024521790715587286,-0.00637211889932234,-0.007913237241852255,-0.0020958061957367076,-0.02311102519959891,-0.0012224912118083554,-0.0026439170121979327,-0.00258054704254468,-0.02096707904460104,-0.01200288288609161,-0.002881170290315525,-0.021352984179584995,-0.0003087481181635362,-0.005215334164228013,-0.0005400360530373963,-0.0072059980030178,-0.006708843674936868,-0.044825918692006986,-0.06404940015438162,-0.002710706008028032,0.005451817073627492,-0.04561179155395076,0.0027628382511658838,-0.003922469949633404,-0.010395686796605696,-0.4812467589982476
0.05508880437252345,0.054743447084474865,0.07690608840379327,0.06571153532210772,-0.003658119908733558,-0.0013206182952964702,-0.00023637870308700355,-0.006223965691882935,-0.0007512786203871043,-0.0008334213792132745,-0.006637175720787512,-0.018203345258667118,-0.0039259432130648855,-0.0032424769314682344,-0.006679666650797175,-0.019273831649838914,-0.004531222466185909,0.006973338906975714,-0.0025145213193960925,-0.002867191214762041,0.0033225915152772212,0.0030493814270796072,-0.0016169630376010123,-0.0049640588482118475,-0.008611975272515981,-0.004842191775585907,-0.009528654460576269,-0.005424920571743151,-0.02375349776014406,2.467583365119568e-05,-0.004928922395178716,0.005229749961951284,-0.004860278747099906,0.0037693642283909315,-0.027569521963768884,-0.035411347199446684,0.0029460311553543344,0.014376820123855154,-0.025519647371339202,0.005490962611474921,-0.003709277992425625,-0.006033801405429426,0.04995857512227476
-0.024489119185862194,-0.026530508576872308,-0.04354819285240973,-0.03910634605823895,-0.01666147535156587,-0.006600598185427515,-0.00693043814253632,-0.02337169021861731,-0.004251418635738101,-0.0057784872354673614,-0.026750905263672433,-0.053756723012602,-0.015577311601563478,-0.017419203794985117,-0.03492676411402307,-0.050300195926624464,-0.021006228892556364,-0.021168672250693365,-0.0006842883049295614,-0.01053480685086596,-0.0007965909914458445,0.006452256510236624,0.002771728136724047,-0.003166575567864931,0.00037376616716973827,0.0048140776329411395,0.0019314110012662949,-0.002950526516477043,0.009989805736102505,-0.0036580623789537444,-0.011580556917638877,0.0029722082735096095,0.000535678442430999,-0.009496853308601647,0.0126355716063205,0.021093892210523903,-0.004459996663736824,0.002632210286763717,0.009232554131637847,-0.0013196856808625414,-0.0011030761099100224,-0.009836435555668505,-0.42232657401078444
-0.009291924379346476,0.013561691672220651,0.027639489186524535,0.022039274625681612,0.00895540846477929,-0.008393596677744442,-0.008676712663622922,0.015803361234481294,-0.00029408587580601026,-0.003410431479020952,-0.013286749831253246,0.0388120729919205,0.0074798317892894595,-0.000599464156950817,-0.007168498466993762,0.03504027050767573,0.004676197756184629,-0.00666279785743574,-0.01096035534021346,-0.0019516548595966679,-0.007239310957377294,0.006199664850411394,-0.021110627992060895,-0.0030775437277101845,-0.010859817016532635,0.004691533135397677,-0.008327614453868273,-0.0035946132168444395,-0.00047966463944770695,-0.0037725572999954913,0.0025060136600330847,-0.0019294495462096291,-0.008946449660497128,-0.0034633098827821338,0.015748090944188033,0.02181549960890737,-0.030416647171788085,-0.017446988208090052,0.014710386030245872,-0.02808589150428898,-0.00299789038922947,-0.013108717354128354,0.004125421849105897
-0.011215986183557718,-0.009154369093448526,-0.012625732957506443,-0.013089332616776734,-0.007287474504602605,-0.002056527195984183,-0.0010863929863967527,-0.010849234945033521,-0.002073089716646059,-0.0020390894294682114,-0.011393847263568065,-0.02347674444801706,-0.005717039025351597,-0.00555767561494092,-0.008198099689750347,-0.023521059439909973,-0.007428439125148989,-0.03566357503975814,-0.008439849911162891,-0.005216260799144899,-0.03616122988169439,-0.00971739005204108,-0.02220532356278272,-0.01126243477037696,-0.015929472534144843,0.0003471869995402423,-0.014404205238381668,-0.00289767026431902,-0.018487044348762003,-0.018687263080927472,-0.0005366010757631651,-0.0489703526645561,-0.0066793808421890645,-0.013551867047136174,0.01728987211922655,0.005706857256412066,-0.009196637733642007,-0.03188009935381481,0.01752207469662907,-0.015280522454599063,-0.007474486293362008,-0.009085121568792643,-0.45763093168165087
-0.01903067251170966,-0.02423176215344281,-0.03599313846799935,-0.03146256382929334,-0.008087845404024721,-0.0037383252731337884,-0.0024814713060636226,-0.010586279019533497,-0.0020467599711923947,-0.002815889812930585,-0.01574128683874842,-0.03760987240673986,-0.009813396639552292,-0.00857329465674019,-0.01534358104838949,-0.03802026472594057,-0.010871901858610042,0.0017926471433106904,-0.005442128512720716,-0.004541651000525092,0.0003044169518271313,0.009290251808904896,-0.0031750278109044443,-0.0040375155533973195,0.0009752395350690727,-0.0019945731680610533,0.0017446923998762091,0.0010165109527201577,-0.00839414761323183,-0.0022380344005130783,-0.0015945302703556342,0.003772194376721062,-0.007690552545724618,-0.00938089048359749,-0.035729957009152685,-0.06961715655367305,-0.0029994601261148055,0.00840599663012221,0.006224051910912911,0.005372928641802069,-0.004579440637397719,-0.010794412370615732,-0.4097588536287635
-0.014117131020804743,-0.011000229355888097,-0.01131388346153687,-0.012972364271630281,-0.0039243091973968506,0.0019492079618470112,0.004682537189130225,-0.00749946879188772,0.003466904890649608,0.0014104651736328905,-0.05142366981831057,-0.06706096410909412,-0.006516588429924068,-0.006731466692763075,-0.00977866114594108,-0.04670828388609401,-0.0068968451631904815,-0.0017495590172109396,-0.014638670305127898,-0.00965869307707427,-0.0052935956595592136,0.004693417511402661,-0.02336566167559665,-0.00644812940171205,-0.010268764081438626,0.0023440836691000803,-0.013998294072836686,-0.006252543253782284,-0.003252716067305446,-0.008537245065893696,-0.001502995314113036,0.0009738019340299885,-0.020017354364920043,-0.012141130051166864,0.019810471038228143,0.024913054624217817,-0.013831394526709354,-0.00783961614057717,0.017560638207187843,-0.010748389008595146,-0.0026948624581918496,-0.0028016347700002514,-0.3491805314568472
-0.01526826003669098,-0.01529915018222298,-0.026749204806832343,-0.023776968693040294,-0.003325724647635269,-0.0002008678970974025,0.00034320670596370636,-0.004833041073612383,-0.00012146599602861247,-2.3841770372105474e-05,0.022285550735000388,0.04623060509198388,0.010911638886996264,0.004557492484050318,2.1463016321913487e-05,0.044859443375833134,0.0057143336593669354,-0.0018376803918437005,-0.0030091735101752033,-0.006875388480395217,-0.003751786749348596,-0.002830145500887013,-0.0050298265919864965,-0.00027047942722153697,-9.124149820182317e-05,-0.02392612631973279,0.0021373905281480204,-0.0034768591158094984,-0.020247907470876125,-0.0019481617149597478,-0.014319163541508098,-0.0034232839214918265,-0.0051336769796645485,-0.005563835702160263,-0.047502802525285465,-0.08386329768899534,-0.0031720723906344638,0.011063130665770284,-0.05391418758506271,0.0042643786215632385,-0.008316365801319022,-0.006895004974243098,-0.24260835921433688
-0.023979154229046652,-0.02788435808430661,-0.044370701899668685,-0.03891759896248404,-0.01491437841999757,-0.0058684364165048596,-0.005026876564762934,-0.022399036635485824,-0.003886202694817655,-0.005565575200205803,-0.024749130071574955,-0.051807988143373264,-0.017375920728978186,-0.014425052508021343,-0.03829692969178011,-0.04977304736749937,-0.01977418219528229,0.005455658749908045,-0.006311463373830122,-0.009634757357160807,-0.004901086947041917,0.005555894401266812,0.0015901319755790189,-0.003706256051931981,-0.0030738492795165462,0.004575239507569338,0.005980654745636183,-0.0025087867340566764,0.00824208162370847,-0.003116499464383103,-0.0020288836662512026,0.0028107017977844206,-0.00104665728420436,-0.010299179897229893,0.0013776291786371901,0.022390487572585938,-0.008506298664537748,0.0016703123348282241,0.007834084346133975,-0.0051446351196282065,-0.004967256919769106,-0.011063946591584564,-0.4178412509312788
-0.015348195210063725,-0.01697161506344123,-0.02768953155753184,-0.0272734818289333,-0.005912283683060752,-0.0018395899087471376,-0.001117524517161519,-0.009624752819537712,-0.0008356401778400427,-0.0015236506094054509,-0.011874368294544602,-0.02660476601534373,-0.006555848494439364,-0.004472392785128171,-0.008458766782604555,-0.024625375019626843,-0.006170359780196625,0.003993694307316755,-0.004995829184358961,-0.007691516606313344,-0.001934064966066368,-0.021382276712943973,0.014176169388015874,-0.005975363398338739,-0.0034769009630827236,-0.02160248904068709,-0.013573031994870217,0.000911569920393333,-0.02123399140911282,-0.005277792435565092,-0.00499810733257125,-0.0005610145005719331,-0.003700756443861784,0.0040136336003317044,-0.04297463788837682,-0.06058574496229943,-0.001666366362376654,0.002030082183216885,-0.04088045060523667,0.004195714855458845,-0.004964027653819405,-0.007928879731972023,-0.44298052048529857
0.02161554758288117,0.014337741972294945,0.03654752958987398,0.003056214274432895,-0.017271380439869925,-0.02015004177841336,-0.006060497479365097,-0.025262775969195718,-0.01904873019427691,-0.004669867326411048,0.0166149675926569,0.03986790862533875,0.005684117346786343,-0.0003990669615568809,0.008788900895600018,0.037800883376105,0.004217983814144303,6.060631928931349e-05,0.0047877836147388365,-0.001956464536041946,0.003423432331215661,0.009548466507826424,0.002358759423405935,0.001490677651337176,-0.0015967411682172017,0.005118686001652485,0.008762887951490219,0.0015420118840997006,0.008203792321867487,0.0005646592399861703,-0.002270649068021558,0.0038757758410150737,-0.0012375953181011,0.00319086473123783,0.014219284745855893,0.029252515008606397,0.0022232588767382663,0.012572023542817319,0.012597319423087647,0.00044301631416028645,0.000458404663195882,-0.0027114771532705285,0.21059073407099702
-0.011495268163528943,-0.018290326338866972,-0.029922340822378463,-0.022790364351833754,-0.006115140139664159,-0.002187042929662643,-0.0011092463670067333,-0.010305134365665458,-0.0011701568775586116,-0.0015876018813870078,-0.012134396567147345,-0.02668696825096935,-0.006596864956375282,-0.004508168204870225,-0.0099392821511459,-0.02484242791456299,-0.006298144959783278,0.003610740979789727,-0.0053573774049579335,-0.00795844142772116,-0.0009107533850601507,-0.0004581377859727113,-0.0029291369039520874,-0.004574010151824977,0.0018957959972957252,-0.017687333519496553,-0.011847456388512902,-0.002341687944002603,-0.022945356121271486,-0.0045703756642461076,-0.003758033782511508,0.00014719095241705752,-0.007797152438978829,-0.0059609684273595285,-0.0428506523303785,-0.06472470787111213,-0.0013941276455366367,0.008048987073753485,-0.04549622580008418,0.005225130266450348,-0.002079801857762481,-0.009914938733119393,-0.44260770555656265
0.004475408225613572,-0.01547465074080602,0.013522851181939069,-0.006343038733018282,0.02034157056126083,-0.002476106154889322,0.000444174939135598,0.031970307949158554,-0.0019010923865330133,0.00022424387379834808,-0.06885317492069581,-0.08153251261460759,-0.003422374989677143,-0.0056238243420910555,-0.029577049329962378,-0.05412978788889797,-0.0005488443865535423,-0.001571496390088614,0.003846108161349081,-0.0025399074713421356,0.0011871951578091779,0.007214914102373872,0.002655854705178237,0.0026474405425441754,-0.0004617685645682002,0.007627353915566334,0.012399254773972346,0.0015907331349728012,0.012166619880540094,0.002840957137324526,-0.0014890286016730851,0.0006335787409210655,0.0005566882166318714,0.0024891537386960948,0.010645521540102936,0.02704308493025603,-0.00040721034759550406,0.005241904483433719,0.01385794141644717,-0.0012253154254179843,2.2288917646873454e-05,-0.0057405886635078255,-0.09767262172525308
-0.018054365909538253,-0.01631262827345512,-0.025780388163681108,-0.024591549124096265,-0.007409413046290077,-0.001662384153547578,-0.0017796910790309828,-0.011042797837536988,-0.0009094342127408974,-0.0019852591020142695,-0.013109868922346387,-0.029484123873343017,-0.007026228069347995,-0.006260080618716219,-0.008685938889989621,-0.02574564805812838,-0.007743586357749752,-0.0031732876050128986,-0.006287834892804308,-0.0011404592135831372,0.001322950365767765,-0.019783961007742375,-0.005427538831545041,-0.0077188877809171675,-0.010071975031006044,-0.0018239319940485308,-0.012767575242657045,-0.006365805231353297,-0.006386951649265201,-0.011586784296756393,-0.0020082174944146066,-0.00025976347531957,-0.00963663147252397,-0.00982894013846563,-0.012867028895779488,-0.07578210308168522,-0.004382098314905795,-0.01671072957404356,-0.0060203323197753735,-0.015569607024479378,-0.0031350644798830915,0.000696287403042572,-0.4542996569707097
-0.013937300267618734,-0.0075164115229161485,-0.011183873931648129,-0.011608985430130829,-0.004852768701121359,-0.0015770875636611891,-0.0016676978079365392,-0.009124374846049865,-0.0018065135614312993,-0.0019173914306495178,-0.012896629505336833,-0.028574451973797058,-0.0057324098529088294,-0.006336870314623909,-0.00831829197103125,-0.03080774885835138,-0.009079045284934658,0.005102834439844737,0.0035866702449352038,0.0007220698454346058,0.0032945416853730576,0.0046937234764482996,-0.003881010762500571,0.001386564492483963,-0.01288961279514564,0.0042908341500377395,-0.010704315775752933,-0.007329212520329836,-0.0054194518527169375,-0.0014102933952982023,-0.0016625909225314042,0.0008692835202242601,-0.0012659980644997855,-0.000149459838439308,0.023782015131470165,0.05142363615961682,-0.006410337642372678,-0.025937455141733557,0.013014454692263458,0.004475645603067366,0.0007966351453948112,0.01470473561328639,-0.11185394733558751
-0.01660998054178064,-0.01870462249857504,-0.03162260072413222,-0.02762813678130486,-0.0063688040812957016,-0.0020397246363122396,-0.0012410621792144872,-0.01028848658705184,-0.0009718816194039144,-0.001594333339429839,-0.012747892903572493,-0.027194349278663585,-0.007646010102676877,-0.00477799050239217,-0.009243388976510475,-0.025655977514129742,-0.006869326452927317,0.002825168995551113,-0.006443251959554734,-0.008404849940239097,-0.002837079126159614,-0.022766543610087155,-0.0033243740194802466,-0.005680977628734777,-0.002249307953597651,-0.021566144160995147,-0.011619638759686244,-0.0009615253169663623,-0.021484806582428958,5.726766037776639e-06,-0.005069665896620338,-0.0012707828303118855,-0.006130665200606833,0.00035019005067044777,-0.04595042091640455,-0.06197783875345593,-0.002297540859450825,0.004984574724002973,-0.045063079225317694,0.0029397371733804107,-0.004801023996170845,-0.01007648698855845,-0.49007517473455803
-0.0164812954302178,-0.018119373806233675,-0.029816351700195268,-0.028230089013420744,-0.006175525494454601,-0.0020397523310721147,-0.0012160294018132521,-0.010177954673820598,-0.000910743550624452,-0.001605841376448833,-0.012481046789684591,-0.02711424927327251,-0.007361784717713718,-0.004698751947746645,-0.008758720033519957,-0.025223207214935258,-0.006719591171607442,0.003972692576158072,-0.0035353126543706047,-0.008492764003741337,-0.0019651502252747395,-0.022669330259166565,-0.0032321799368623776,-0.006309220959933986,-0.002295577449104527,-0.021974437398216785,-0.010770539960858729,0.0004075763394585448,-0.022294790699749063,-0.005479887841101795,-0.004604418175141824,-0.0010425827704434358,-0.005861991084822474,0.001462999649154522,-0.04539268448826513,-0.06185530482430788,-0.0019423022720279697,0.002380748187377193,-0.04391896792158341,0.0040613451868964975,-0.005004694171432749,-0.008943616242782669,-0.4824306993269246
-0.011581895453841926,-0.009135112041211596,-0.013012789648680365,-0.01340444845029218,-0.007481411536866001,-0.0021251981485741174,-0.0011046564035778797,-0.011106774784695891,-0.002073089716646059,-0.0020278134855975364,-0.011632839026899454,-0.023832552228417545,-0.005910113169157782,-0.005549476302474844,-0.008274523476299221,-0.023075564561651187,-0.007540202448872576,-0.03627963919272208,-0.008483247160097782,-0.005501714159546817,-0.036345177248932235,-0.010099233180662805,-0.021817552059441653,-0.01213620610186547,-0.01588488439391572,-5.700794930330059e-05,-0.013476283529263462,-0.0027025196879432154,-0.0198116811266151,-0.018741244928483135,-0.0018423016193925023,-0.04729288941967901,-0.006710938221882105,-0.01504933635063471,0.016331933714642578,0.0038985323929139047,-0.009024735113452786,-0.032289990871194184,0.016993053300623902,-0.015462994506524127,-0.007714394529707606,-0.010411499247716737,-0.46878041207455234
-0.00012144228802988348,0.00970316753325593,0.006013798525276679,0.010798099052215206,-0.005074176154464626,-0.001710288223498504,-0.000889820851795174,-0.008860067009365086,-0.0014526244052931734,-0.0020282481149231433,-0.0070458672328141915,-0.03088565316018491,-0.013984622335833951,-0.000166369439655689,0.001805814400769472,-0.040717216495880164,-0.0027885320297266767,-0.01933191375428831,-0.02329339501243916,-0.008303298263044722,-0.0009498663728065559,-0.002633247630353017,-0.02644410026517615,-0.015998364946334585,-0.029776804547391407,0.001747483189032661,-0.02206644770014473,-0.007569536843930307,-0.022557752279595132,0.0033920002809538115,-0.003375260209518268,0.008630997532627764,-0.003443352071106629,-0.023301284387039198,0.01742263975633949,0.023885331616846618,-0.020277203705036877,-0.046792928366195086,0.013528483192374789,-0.015941063315747434,-0.0087218646407172,-0.02013504454043865,-0.3397098415130762
-0.01742736248442345,-0.019145973330681666,-0.03136466974662216,-0.02781591340539171,-0.005899035675284031,-0.0020606222703452473,-0.0011899539574730428,-0.009888059105193995,-0.0009493515726513899,-0.0015746583339669112,-0.012559009881403833,-0.02694298301961994,-0.0070819024758086956,-0.0047514633796161285,-0.010400559044848313,-0.025629791297630898,-0.007455377027037045,0.00558840264075967,-0.007189272360150663,-0.006308147144536745,0.002302374144120276,0.0018678332029243075,-0.003802938389699779,-0.0037953443046691675,0.0007864843160684803,-0.014461318472387193,-0.008455894360545224,-0.0010118014834776968,-0.021570541210643123,0.003661880904855604,-0.0032949780615041152,0.004320223181960974,-0.007177964925338894,0.002338591157526013,-0.042956077140824334,-0.06159180329235272,-0.002696368480731144,0.0016110738080044541,-0.04427757844408978,0.003401271762812343,-0.0023874160168391514,-0.009709990477296948,-0.426945985454053
-0.025597489321391043,-0.0272465865594534,-0.04158174917584842,-0.03943951834819958,-0.015635048324083717,-0.006097278555889265,-0.005661735495821349,-0.02351188615393608,-0.003989161655092418,-0.005234453489769603,-0.027246058518649273,-0.056459103212524064,-0.01606733876666605,-0.014434375653188546,-0.03510204299133814,-0.05346716233035881,-0.017284013315656942,-0.0042059846445666755,-0.005627339438406322,-0.007567250730727301,0.0007724283678805516,0.005283376952805225,-0.006576273400500074,-0.003633376849237328,-0.0013557957057790165,0.002845746523414987,-0.003352401305187611,-0.004158672493822009,0.006547306730514284,-0.006764819541670598,9.701482548776788e-05,0.0011399538846004426,-0.012291553715885192,-0.012421683725420315,0.013960294995508842,0.020339065796887008,-0.0025612826835353154,0.004548533028449953,0.007846055360872798,9.284465915545067e-05,-0.0024199889538816664,-0.009602616072090111,-0.43312142000299897
0.005576443830921107,0.004512241932141954,0.0052687707457287365,0.007590261882853265,-0.010734027543679706,-0.0035776523861982016,-0.001589486519895688,-0.014115909241811395,-0.005604870204495949,-0.0006014298381380682,0.012175784917930489,-0.019246374063404997,-0.009632550293286824,0.002119686760140656,4.9196427417657375e-06,-0.022833221814188977,-0.0017198447165002267,0.00014323597026116345,-0.028424933775258492,-0.004704437368015038,0.007293554082023372,0.004166098120448299,-0.024228756852451905,-0.01655229290884851,-0.034645146854981816,0.0009072777927038938,-0.01921082337695785,-0.006723640934730053,-0.01588930047894231,-0.010406688002909916,-0.01426130949351311,0.0038757606034791016,-0.0016123829484774345,-0.03168327363021977,0.01475918292896734,0.021266696442835444,-0.028101739369442155,-0.05446731885200274,0.012026928614506037,-0.01975408228761221,-0.0041373144080530345,-0.011961478343687494,-0.31473344224002126
0.00343641656416128,-0.01527089118317764,0.022990496850477955,-0.008877965988330065,-0.013026775391351525,0.002505227998490104,0.0046499826952946495,-0.01081145862587733,0.0020884229134128032,0.003246931150769769,-0.05143289481568295,-0.07862609978089469,-0.010627821474783555,0.0016867095192313354,0.018080192926178913,-0.0416898617076929,-0.0009287078840935609,-0.0014692055521368032,0.0068612576383193305,-0.010524442922836224,0.0012525666940621846,0.007362816893232229,0.006040215742661213,0.0027446540503578507,0.005691126908973605,0.007778270175982399,0.013417472616539177,0.002851419923050178,0.013344856257054871,0.004815686010664202,-0.00761682806529914,-6.266521984476396e-05,0.0016695359233041146,-0.007298935527041903,0.015032545914887199,0.029060063083547277,0.00010620168085731907,0.006404134448993945,0.012044174685191976,0.0005919183299900683,-0.0047588768652318736,-0.0054420019988371945,-0.07271213540742617
-0.018144500338074326,-0.018478106540049485,-0.03174348546250947,-0.02625920080662871,-0.006152009891031105,-0.0020786885739521367,-0.00106971921934245,-0.01014000046959072,-0.0010345164206361122,-0.001820038988493876,-0.013257702127909096,-0.026535586335430367,-0.007292050554945461,-0.004711890682720392,-0.009425161767940851,-0.026535841567291035,-0.0071280455556562905,0.004644502332286713,-0.007752006640214167,-0.007046993610875303,0.0011522441864987298,0.00320238608333683,-0.003668880161006484,-0.0031437769719997446,-0.00216545418046079,-0.016859234970334584,-0.007991697226459427,-0.0008524169542873608,-0.008127107843347126,-0.0037053936235498615,-0.0037189476731446284,0.0033736052095207714,-0.0076290868231811415,0.0025489748534383585,-0.0425814656304903,-0.062162845556215256,-0.00218124279073528,0.002211679856593977,-0.04285573425517411,0.003783126247878199,-0.004731736991370341,0.0001579448831651608,-0.41790610355232904
-0.021494750528132985,-0.026187228274875598,-0.0394563878991994,-0.03333234018657678,-0.008953166364901202,-0.004421178004398653,-0.002680209945632712,-0.013300573897684687,-0.002946343827827133,-0.0035589903927800075,-0.019887639047700637,-0.042158772602438166,-0.011808545604865084,-0.010764001021186725,-0.020142090164155815,-0.04274415026766309,-0.014542641423999537,0.0041909547470394245,-0.009728148858142492,-0.0017206640464500858,0.002096258012748117,0.007560848261838613,-0.0018833197353315596,-0.002133719995823718,-3.870376073182542e-05,-0.002342102434141669,-0.0013689421223808786,-0.0014418224006573007,-0.006628959155760944,-0.00659353744884776,-0.0013078815708710949,0.0020270754211415675,-0.009890048729020882,-0.011462604171114775,0.021098680787845134,-0.06568555643117734,-0.0010021329123223433,0.007478077074164887,0.010188777268920415,0.004084361923582882,-0.0013478253907546897,-0.00873479311420868,-0.39296473823447514
-0.01677261538589159,-0.018597412275352432,-0.031910550395048164,-0.02765943481351767,-0.006373639340318955,-0.0020069473399780286,-0.0012372509817483192,-0.010100883203446494,-0.0009879868963538617,-0.0015857649505539504,-0.012780048524116879,-0.02709795137634678,-0.007603638578373002,-0.004762937340477875,-0.009353886546811765,-0.025525649700696387,-0.006879495934021959,0.002848952846734245,-0.006090427020518093,-0.007673261639209989,-0.0019158191111603683,-0.022886891944091554,-0.001225557200723214,-0.005730849779858894,-0.0022500499020994946,-0.021323768899015657,-0.011142275415520405,-0.001467662444667502,-0.02002149223324773,0.00097120536082162,-0.005282440640444847,-0.0012678164937302934,-0.006617137269956587,0.0005410976606505287,-0.045329898196097264,-0.06130419915569335,-0.0024970508459341667,0.0048726301341533345,-0.04495890783555815,0.0027255665698981513,-0.004620715363065124,-0.010059897963912696,-0.48294276036530165
-0.016396513893983274,-0.01881413312162232,-0.03169925175585652,-0.02838273320496109,-0.006481616977917374,-0.002171711091411851,-0.001232488033605556,-0.010220606478432776,-0.0009896434242110965,-0.0015918220991649598,-0.013192297574718228,-0.02745018158790516,-0.007699804462325892,-0.005003346912219702,-0.009479474125362751,-0.025630251414225605,-0.0068276236117016395,0.0027552247529305045,-0.0063851488832736975,-0.007362207356304542,-0.001662478387720407,-0.022843798883207693,-0.0005674754406357469,-0.005094777332791317,-0.0021955337269523845,-0.021020315045688177,-0.011288254682565084,-0.0013749849521981136,-0.019008432036021032,0.0009044608828589544,-0.005095210800506356,-0.00034270275710967293,-0.006743106380415835,-0.006184457965648597,-0.0449899716473118,-0.06192183671835,-0.0025561901912936713,0.004302761832195248,-0.04478379904274162,0.0029157789793349815,-0.004207308791100142,-0.009950808772735579,-0.48796407311687756
-0.010828789581578456,-0.007103957066551639,-0.011069756972790723,-0.011180978991713983,-0.006061931768661839,-0.0019080900366155878,-0.0018287902374643503,-0.010011376239302122,-0.0015401168711262968,-0.0026393104579432868,-0.01096459576963309,-0.028012147825038133,-0.005264966303495075,-0.005788987501851105,-0.006644320366673,-0.02851725624557032,-0.0068965520398828585,0.0006802438656656951,-0.003761827153679814,-0.004638230429417538,0.003473716820155318,0.007358371364849538,-0.02215713658250299,-0.010008433079715637,-0.01347796770653005,0.003997635686865048,-0.01863644701156548,-0.003769847484583235,-0.016350464509885417,-0.0027911630050623023,0.0040529111609301375,0.004676818430018054,-0.002406666584468939,-0.013294434808918194,0.026235489653671954,0.03942751363866868,-0.006939319623654801,-0.03003568295240964,0.023408039818842458,-0.006342922209006101,-0.009224627481005575,-0.007853071359029793,-0.21463942581766052
-0.012348555204874438,-0.010458026290313201,-0.00955974465399987,-0.016048206413131195,-0.010171923992453043,0.003012020002299957,-0.002323939358979671,-0.010677182386822939,0.002905133765763746,-0.001266515744425677,-0.048502641794605714,-0.06732290161862599,0.016732585294182638,-0.006411526468734048,-0.001934551670411274,-0.04915711955101877,-0.004366084036233044,-0.0017919565479012712,-0.01301307258298687,-0.00910865540502172,-0.005833416326377972,0.005628654691429376,-0.02347575596473085,-0.006305477394208035,-0.007475750219739484,0.003591067237053281,-0.014271074580483892,-0.005203118284654343,0.0006551436745852317,-0.0010635927601618687,-0.0007857311924485807,0.004589342368157351,-0.02002248711289638,-0.010061993443385169,0.02071304820790472,0.030477699112790822,-0.010469385034771909,-0.006245536389952516,0.01844902849699774,-0.0015769598054461188,-0.0014364992525515755,-0.005190759784709608,-0.2871264184158922
-0.02089133823994462,-0.01859516418179202,-0.03465143104005863,-0.03067778432321709,-0.011027586383332304,-0.00401575713468131,-0.0044010046358521696,-0.016422796893966835,-0.002952727680409703,-0.004597861608303241,-0.026409518205291534,-0.04873015262622871,-0.01214721766488583,-0.011874822220314657,-0.02366403626543685,-0.04638712116767253,-0.013601384438301464,-0.00278393457320271,-0.008926157076424383,-0.003788855351584538,0.006152193357817632,-0.001132360465482654,-0.0073191540615336285,-0.007608364228924786,-0.00594532070579296,0.002127041671188982,0.00546055631686984,-0.005943259586047837,0.005066148611632506,-0.0001774763645111589,0.002140350029997364,0.002886171107790158,-0.012096749648253975,-0.007864659317532559,0.010196821243643954,0.029552737988664823,-0.004319559088861003,0.003381160898154904,0.00521590444967887,-0.011670321791935763,-0.0022183657648267904,-0.008244745588869099,-0.34890790264803434
-0.015521565525709732,-0.017437729553853185,-0.027714598050377733,-0.02707505051290595,-0.006307724259891217,-0.0019977939616733073,-0.001173422688836922,-0.009885302975473345,-0.0008868153846769652,-0.0015772800858153359,-0.012279939328176448,-0.027211233936660355,-0.006941468983222766,-0.004649998410812753,-0.00853258358953684,-0.0247991406193573,-0.006433580903984907,0.0014525269800249277,-0.0012441615147523084,-0.008197957054455767,-0.001979511559018516,-0.021482447287295533,-0.0029736899945081844,-0.006330256792794435,-0.004644161357951547,-0.02222988503799192,-0.010631048440671581,-0.000527925981436403,-0.021701462987272244,-0.005381258832274092,-0.005137567337136261,-0.001103589021474022,-0.005940295548922796,0.001690514545180886,-0.043086008220797146,-0.06325809879513795,-0.002522491856318688,0.002007158118292355,-0.04332135136149883,0.002817482794373338,-0.005662409344336875,-0.010353589262353285,-0.48016671392149196
0.03051652614880312,-0.01503606600402688,-0.024576024138983465,0.021607614757230078,-0.012076743577698636,-0.00989947265493423,-0.0018751198301612793,-0.020966009670683277,-0.011707860482044127,-0.0034536550521446314,0.013894323235464438,0.03394208661573055,0.005927702483662225,0.001116975625394538,-0.0036573818792572806,0.037753419343451305,0.002914567306671049,-0.0016541415483375332,-0.003445765709930728,-0.006189226144585707,-0.0016883400657268226,0.008397528266930595,-0.00012221808815242235,9.300818329825185e-06,0.0031859557773290157,-0.01441672441928093,0.0002695397444298865,-0.0068529853283667815,-0.01941440599907725,-0.0036183216515501223,-0.014918387067457435,-0.002433717180509523,-0.004991532368111962,-0.004504775306057747,-0.03643707835062148,-0.06635715505856175,-0.002430026442258741,0.01256850764146661,-0.012870589281328728,0.0023587249153079223,-0.00182710223046804,-0.005939850762317895,-0.13889790361243426
-0.016617216454393055,-0.018155783395049255,-0.02975716452274332,-0.028231241321543938,-0.006175525494454601,-0.0020397523310721147,-0.0012160294018132521,-0.009983752333978059,-0.000910743550624452,-0.001605841376448833,-0.012481046789684591,-0.026931312282934577,-0.007361784717713718,-0.004726214444133173,-0.008754628589222093,-0.025209340965723026,-0.006719591171607442,0.004008550471623971,-0.003523286351635246,-0.008492764003741337,-0.001847501949060984,-0.022881234002457135,-0.0032321799368623776,-0.006309220959933986,-0.002295577449104527,-0.0220969845923467,-0.010767388247508083,0.0005976190185662332,-0.02224199707756292,-0.005527332307499477,-0.004604418175141824,-0.001035370515315319,-0.005651108128085849,0.0019253429644991637,-0.04541806828332414,-0.06128017296920085,-0.0018312634237255406,0.002063762209108289,-0.042707117577994815,0.0040769984037426965,-0.004994667172882883,-0.009185718548994226,-0.4801280677479774
-0.011444049161831081,-0.017896599774198954,-0.029165747206329605,-0.02239079015351013,-0.006269271862782808,-0.0021396851031848,-0.0011213055107181992,-0.01028327279772089,-0.001191626163623106,-0.0015775647457287726,-0.012339492734771168,-0.026302574324283637,-0.006966028114597813,-0.004635668543640709,-0.008807865988619526,-0.024395407969597372,-0.00607545768132061,0.0027019204174637186,-0.006110213765029774,-0.008218500782184677,-0.002334853995201802,-0.02114298698279932,-0.0013408350366550484,-0.004654506773299863,-0.0027566846983208973,-0.021962400739898056,-0.012922190451384603,-0.003201181324155478,-0.02139130310519317,-0.005335411616481671,-0.004792446195059022,-0.001546633540785645,-0.00762816688403663,-0.005302624946840975,-0.0455063499410194,-0.06514046814505825,-0.002386098795066138,0.0059625524161999064,-0.04740585365295634,0.0031947969152548764,-0.0035230104205110154,-0.00931441016912233,-0.48506027004860075
-0.008574197818897516,-0.004672618634706173,-0.0031178218408661447,-0.007481357548685606,-0.003865034492035373,7.012758181826676e-05,0.0006274957891711694,-0.006117836618082635,5.741481636684007e-05,0.00010491222675550782,0.01881313065771537,0.03521487010693082,0.004715143662617716,0.0025566664808475466,-0.003314773095218467,0.03442743976071205,0.0009850975521686473,-0.031756237470607324,-0.021811557794833465,-0.008350953742667803,-0.032877804149900644,-0.008446861177938865,-0.021096322080405645,-0.018728644988954064,-0.025762445223965195,0.0017567683261462067,-0.01598320234060085,-0.008913564070908743,-0.028765779984848507,-0.010907405616681042,-0.003250426357718028,-0.045049929456517916,-0.011152306883598546,-0.02747231723883002,0.016229062091103193,0.01401321593218924,-0.017300579426050143,-0.05104065413500925,0.016554063527811743,-0.01477913977046379,-0.011823560564581288,-0.0073316680195576805,-0.3136195920307764
-0.01485884311065476,-0.01122991028923714,-0.017702872945484827,-0.01517707098467738,-0.00470632899718213,0.005855256438061206,0.006745979531101751,-0.009398293152695397,0.0009424544891456187,0.005993557286388691,-0.011997642172315451,-0.04078049954601075,0.012314388520006813,-0.0012238421308227135,-0.006307120453517836,-0.03848163017038841,0.007529220836247266,0.0006974006876093421,-0.014102433501702226,-0.007875831899999828,0.0006370754858391183,0.004314475770521343,-0.023587487529097555,-0.005832789656184288,-0.00682179675349087,0.00253937846664833,-0.008100102271108193,-0.005734810897161434,0.0035041672409310853,-0.004860889870642921,-0.0014698449821442955,-0.024877513520614077,-0.01586517135683825,-0.008491511761784313,0.02147019762400378,0.027325533406967775,-0.016634271275284343,-0.022283685704073655,0.021360822485743294,-0.013827678222904117,-0.00205907274244107,-0.003757745855303735,-0.23681678348454654
-0.015205774404511204,-0.016920264562921616,-0.027888885590536764,-0.0272734818289333,-0.005912283683060752,-0.0018395899087471376,-0.001117524517161519,-0.009624752819537712,-0.0008356401778400427,-0.0015236506094054509,-0.011953182387184243,-0.026604565892438647,-0.006555848494439364,-0.004472392785128171,-0.008458766782604555,-0.02452043586304623,-0.006085409563215474,0.003993694307316755,-0.004019431690354965,-0.0071928304357261885,-0.001797115744475904,-0.02135168401740748,0.015144182810151662,-0.0062567309596375685,-0.0034801431490237107,-0.021387146200898682,-0.014452416845173698,0.0009118478536309593,-0.021142907835197747,-0.00521695375511821,-0.00499810733257125,-0.0005610145005719331,-0.003821413331050149,0.003675679668290918,-0.04267291047052642,-0.06058488617348795,-0.0019717012198319736,0.002064617167259396,-0.041544568080875095,0.004401458509859359,-0.005040367190999223,-0.007430455080873976,-0.4415237535680052
-0.010553208905622339,-0.006628855420660105,-0.010470190352928385,-0.010643680156301993,-0.0056135925156219095,-0.002057599209447042,-0.0018539071184579252,-0.00985550762194626,-0.001522253614113557,-0.0023980479838449816,-0.01105994277211161,-0.02853322679846037,-0.005214539293688889,-0.005572530495290944,-0.006190982210101567,-0.028125548636729496,-0.0067563516119730094,3.7619960312869996e-06,-0.002916285823801055,-0.0029980787777539584,0.0028283587044812836,0.008978456248402095,-0.02271465173745394,-0.007336244359500224,-0.01272871502264592,0.003951654094478089,-0.014633709173264705,-0.001935717913110952,-0.015277790126363924,-0.0023311997400096737,0.004480215582106004,0.0012668136419589477,-0.0027556872408722377,-0.011921206332137987,0.027057041031044397,0.040953992115200843,-0.006422596222166239,-0.026971517654936487,0.023927636517994157,-0.00657325863787262,-0.008330358528545984,-0.007415048676822566,-0.19286410075286178
0.009322286545156024,-0.01846632808540659,-0.0273133089408301,-0.02192341699443866,-0.0060004565883006135,-0.0020654674802532244,-0.0011561736339217527,-0.009377634040837112,-0.0011757250739248058,-0.0015394419783811332,-0.013062761589920556,-0.02710630993818625,-0.007673226285065381,-0.004852796412384811,-0.008826616482656102,-0.02558453488523903,-0.006471758412872516,0.0023099179868451497,-0.00672478806671541,-0.008149344436991512,-0.0026094518605399453,-0.022314960514172963,-0.0018941028190423304,-0.005547179223091929,-0.0022685104707091063,-0.020844584426377225,-0.012808591241630092,-0.0031939256482450165,-0.023913326999079568,-0.005245674067061988,-0.0048556675006602166,-0.001241185389677349,-0.0069800541242103446,-0.005332279698631458,-0.045761692993570996,-0.06391981468459179,-0.002270196085318686,0.004756240015746436,-0.0469261944693661,0.003591827465568726,-0.005095252346326698,-0.01106621788248683,-0.4715786797577999
-0.020726348800802492,-0.01807566279242645,-0.026029127470186073,-0.024257694456529942,-0.003972689662043283,-0.00064620607411663,-0.0008559000913455052,-0.007913189748355542,-0.001144589066718407,-0.0008629956219290605,0.026013046552706216,0.05685862324618909,0.00735676244430122,0.0031408773490347757,-0.007906930409437875,0.0543644280226188,0.005902039801187951,-0.0014044087950696213,0.0006668821710727112,-0.003175287698632497,-0.003583975345635894,-5.123124913462081e-05,-0.004853049580117409,0.0010563050441228232,0.004235532907649986,-0.004324685131684999,0.00520248114183213,0.002441948639429601,-0.016731191289604017,0.0014224743209753808,-0.0046354583726364905,-0.0025786280738642796,-0.0038855265045305257,-0.002242642639027922,0.0008848777640463173,0.027988948112210043,-0.00014503098313902528,0.011499535708259859,0.01280353616298225,0.0037033545033315226,-0.009727650770860631,-0.007105416686274349,0.04870613657784713
-0.017713135975038485,-0.019206585948569724,-0.03181164404445429,-0.026986782479226368,-0.0062778567494562966,-0.0022612040541960957,-0.0013650568570733235,-0.010247122204078479,-0.00101166809404539,-0.0016907720343712906,-0.012758582145360856,-0.02808856581133218,-0.007260429081343016,-0.005390727780037749,-0.010256892597021535,-0.026460260323691826,-0.007443500487675127,0.003101458815848119,-0.0058459449327955965,-0.006663972038625387,0.0011683796268488742,0.0005348259539003363,-0.0042517913797001546,-0.0027477053701882113,0.000472295313495799,-0.015786072741781013,-0.007888266325076394,0.0007531040428414331,-0.021653087901476863,-0.0030880226886106643,-0.004502199155274177,0.0038000413813551698,-0.006849006694638813,0.002890025699989544,-0.04327219402589251,-0.06097345568204311,-0.0024824643092808177,0.0018892309460159186,-0.045928289129105807,0.0033140482666256673,-0.002430623836034049,-0.007741469181540147,-0.4404119420121149
-0.02167181926583257,-0.01732631059247892,-0.028939445032058118,-0.032343331509520214,-0.010159422054263621,-0.004343850141488748,-0.00398083904100289,-0.015253308612367537,-0.00334607923905431,-0.004809038895684866,-0.029084290943750857,-0.05470300547723362,-0.013490128925799993,-0.014426102704645756,-0.022256632172995203,-0.0535006120591654,-0.017774987942764213,-0.005802967484787479,-0.011221044116513096,-0.006923733609031874,-0.0065402028048422425,0.004467082933575856,-0.009250056729530332,-0.00795946721704341,-0.008037218847576348,0.0017010167639459064,-0.013183198399704199,-0.006518339980011223,-0.004474286255295163,-0.0057038227569722495,-0.0013624165617061737,0.004799241416316651,-0.017572436471801903,-0.016618711544497674,0.018476852591012383,0.02993124633328581,-0.0018804742696067831,0.0021274188093460787,0.015529758362222415,0.0012969715915442338,-0.004009223880537305,-0.004059130043558272,-0.4001963467818732
0.0015539465594138525,-0.015972675486131772,-0.011327894032664933,-0.012857232292412217,0.016916068974287643,-0.000698564651226019,0.0017180282393390641,0.003976190158497883,-0.0022250854010044093,-0.0030347006368270173,-0.06211846833860302,-0.07627124372739132,-0.009900611468489265,-0.004690644436134784,0.012492541125197144,-0.05758872001695408,-0.0033841172008137084,-0.0014560973695864144,-0.017821626695872464,-0.007108999139687503,-0.002605718351670261,0.007887580646846878,-0.022192997892706297,-0.00994004968731456,-0.011564798376124442,0.003982400312844743,-0.009798511573395214,0.002103644710976175,0.0007276216947860208,-0.005992065607367055,0.0009435910154790034,0.003840857312601212,-0.02136259201769801,-0.012009142459233601,0.017688606845126013,0.026166482069993287,0.0011377139495772639,0.00880674845878796,0.014899031582258665,0.0036280488434978827,-0.002167073789121462,-0.0044403388593160995,-0.2600608670082352
-0.024271215194156606,-0.02468885661154583,-0.03871993426621059,-0.03571432644532515,-0.015491275787662065,-0.005801861837598746,-0.005576927794561374,-0.0228535971328043,-0.004999025073503135,-0.005407831077073296,-0.02478899613867213,-0.050510163035416736,-0.01792152959844107,-0.014954179465621097,-0.03779473443944514,-0.04632110758714423,-0.02017705739824003,-0.0022950220236306893,-0.0024497963406222355,0.003935922399446835,-0.0019392604978743656,0.006530434163883043,-0.004010145892328785,-0.0018403871777479303,-0.00031700555030815975,0.007160132513410126,0.006179138402017228,-0.002680557084227826,0.009511775519751749,-0.0010660746607402958,0.00036277558437745606,-0.012161400877336269,0.003939066734410591,-0.0045984172971109735,0.01707940357754615,0.020996374668424717,-0.0015184241831879069,0.007059173719891573,0.012780839674993893,0.0004031036758601679,-0.000926615372341237,-0.011571791702775358,-0.34742937690964
-0.0032575972159971257,-0.01171590402223024,-0.009714244358771119,-0.005734344224895223,0.01677012178766004,0.0037948895568831417,-0.0013910781672095496,0.02026529061216067,-0.002979167275340066,0.0005521002366065897,-0.050622959486217686,-0.04208105474406343,-0.0027363383823516916,-0.0010391484762536961,-0.019555043965727215,-0.02371485240133563,-0.005948696325053857,-0.015858103005935303,-0.004782297752072328,-0.003821499559485804,-0.01742750906628268,0.005328567235212603,-0.003771994519861066,-0.0071746849156095385,-0.0029974850283866843,0.005607255711323038,-0.0002891735779651592,-0.006092880859091989,0.012086667080311253,0.0008749833109066034,-9.78796707821621e-05,-0.025843157441163514,0.0023172042166030027,-0.0015578388285974031,0.022376888378439822,0.032678719398218835,-0.018306469460934734,-0.02951190747430213,0.025515394813130546,-0.016618852909447174,-0.0013230972490783678,-0.0012628665824002325,-0.18906004460938666
-0.017046930503490678,-0.018689386527374993,-0.031981580585030665,-0.027973459808702642,-0.006302677706736701,-0.0021899752077400936,-0.0011759634090303612,-0.010153565683256635,-0.0009739286749152801,-0.001564950031537167,-0.013049171644381472,-0.027515285943786272,-0.00753121267694939,-0.004801564496928383,-0.009244418043989695,-0.02557838146134442,-0.007043287628456047,0.003144728377967368,-0.006240087461704482,-0.007885424230450503,-0.0019180409888909218,-0.021060486869032717,-0.0014746041435413468,-0.004429591846448393,-0.002719385378792766,-0.021472444131863114,-0.011543564760871138,-0.0013666222512449518,-0.019640611167595395,-0.004955612011700441,-0.00521565727137747,8.249928621157565e-05,-0.006911781563640292,-0.0059133669334035886,-0.045352139298114234,-0.062330253218230956,-0.0028874520498176804,0.004958771655197105,-0.04544715842555241,0.003090543322641555,-0.00298228581864078,-0.009852858447304292,-0.49313862565985117
-0.019972665288378186,-0.01581697540992583,-0.030756694025430617,-0.02964126412834098,-0.009287576554035754,-0.004592281281003967,-0.0032921831772425936,-0.014585306278657537,-0.0028721587566142583,-0.004374033018497906,-0.026710382069051762,-0.052006435249621036,-0.01205221228665882,-0.011761641490872879,-0.020046632875242738,-0.048811584061711114,-0.014300848886715985,-0.004656323607142267,-0.012609125809629987,-0.00945374789435351,-0.005881179067709383,0.001402807381495488,-0.02211377952419075,-0.007908147053010513,-0.008116651543762244,0.0016578025638808867,-0.012296282838707807,-0.007142699569572463,-0.004023842772574171,-0.010174175403448633,-0.003156771711480889,0.001416461357749126,-0.01733285454934564,-0.015862692733619375,0.018380240193442372,0.02267242788596613,-0.011809020651061413,-0.011321500413032934,0.0163316677486957,-0.009733082120548783,-0.003328195459719776,-7.70320572843574e-05,-0.4360165724869672
0.027853070633285883,-0.019609678663254675,-0.02973884991704291,0.023543633585113907,0.011052681246134163,-0.0018090460746325034,0.004472183654013952,0.02342271922447985,0.0035543393689052303,-0.001234672530084806,0.01964449634677222,-0.025026020770762054,-0.0012476894105168535,0.003203341654934841,0.008519865962397444,-0.03386226152146202,0.004553319625004536,0.0001349384159218832,-0.0007012867002486785,-0.005289199445407929,-3.138425111545058e-05,0.006770573676850625,0.0005001383974507561,-0.004551126731387458,0.002459517312088785,-0.0023507824536837616,0.0005328841545548181,-0.007348666231422308,-0.005984755799105171,-0.0050259987459839615,-0.0021807726161935832,0.0019475510388967483,-0.006976603724941651,-0.006863624417158713,-0.037069064432216366,-0.04875702370679511,-0.0036000786978597366,0.010309855068159375,-0.00022116462663919606,0.0017962733126873987,-0.006927161207480191,-0.007118476454346663,-0.10925400645208933
-0.019970140946672703,-0.022626959451290004,-0.03739097395616567,-0.0300257768553301,-0.007251661849507538,-0.003452823514219784,-0.0017292161146252054,-0.011819232422352187,-0.0015147018094176295,-0.002535449454947907,-0.014162616850957797,-0.035307421842599544,-0.008036574208246295,-0.007587192803382899,-0.014288191773466031,-0.03014418151341908,-0.009228355989085151,0.0005874405395204673,-0.005982700640088645,-0.004507271680305406,0.001854791483304787,-0.0015387227932867247,-0.0033792523707227035,-0.00547303347457545,0.001484966745890295,-0.016105230584516118,0.003728415961520716,0.0013768244680789877,-0.009515819896529292,-0.0029865570052299163,-0.0018053394295473597,0.0032384356937586586,-0.010099326000664686,-0.008351078328801559,-0.035023887474732965,-0.04929690567077195,-0.0016116073717360663,0.006492429262853451,-0.04138851009096285,0.0037784009850134145,-0.005621563931766443,-0.010874051237393153,-0.44809062419737605
-0.024452931226758467,-0.026504755821157668,-0.04332330726276436,-0.039104006876952396,-0.01666147535156587,-0.006600598185427515,-0.006927127511996886,-0.02337169021861731,-0.004251418635738101,-0.0057784872354673614,-0.026458880071977827,-0.05344181141906184,-0.015577311601563478,-0.017419203794985117,-0.03492676411402307,-0.0501744135437813,-0.021006228892556364,-0.021168672250693365,-0.0006587300295836598,-0.009906069842686866,-0.0007587251438855229,0.0068270820036788644,0.002792200470854138,-0.0029782909988814252,0.00032832293004625353,0.0048140776329411395,0.002172757997966903,-0.002950526516477043,0.01067927896589273,-0.0036580623789537444,-0.011580556917638877,0.0029722082735096095,0.0007047750692818736,-0.00949556290336778,0.01281513524641941,0.02109419549264169,-0.0044576574824502745,0.0027403113463787955,0.009459813140906569,-0.0013196856808625414,-0.0011030761099100224,-0.009836435555668505,-0.4184523050049366
-0.024829788145738694,-0.029377336370165753,-0.04706466608929618,-0.04062267034831102,-0.016661319986701843,-0.006451241206032953,-0.005856443991044699,-0.024488055307371054,-0.0047009365885335155,-0.005868029986491155,-0.026997346227514624,-0.05567132484795253,-0.016044246732530458,-0.017022633779727337,-0.037584620278442796,-0.054689627625145384,-0.018523188107137524,-0.0017151934211461306,-0.0075587213663028925,-0.010145440661960567,-0.0002969586537746202,0.004121378499346679,0.002129031747873756,-0.007458446314517596,-0.00220405850233967,0.002986090869349477,-0.001834025335254955,-0.004187166675034143,0.008593329755037406,-0.0069993788995639595,-0.004472401501287508,-0.0009850953936312217,-0.0008006235335199362,-0.012221889438279857,0.01062454684236517,0.020750935674079155,-0.004947720463974449,-0.00048618462459679813,0.007280478936627509,-0.005102364358422509,-0.007114856778046504,-0.012509487766269525,-0.4670076969813812
-0.008305273075443194,0.029336307829765915,0.03718664673872556,0.020637744904032352,0.009364739895514906,0.0004066775386271613,-0.0020366696023670005,0.01995004448913574,-0.0006993411839778604,0.0006443786151337823,-0.004322241866747782,-0.01796282570869145,-0.0006810777881131844,0.005042996669060792,0.013964572355033084,-0.019685286700005595,0.0033530478710142547,0.0011629831510286365,-0.0012297321293335854,-0.001390169477065548,0.0011825002129504847,0.00982131713898419,0.0031058251300797126,-0.0014083912073621127,0.0031871375918306522,0.007637402664597451,0.005283617194919566,0.003853770842198419,0.008544692946205242,-0.017793928891340238,-0.0011816603722325097,0.00387147497633605,-0.01115965827828586,-0.021841402067994037,0.01735160309821749,0.020984909724474376,0.0003051885082680476,0.010954986175559704,0.02057994910889088,0.0038483774536462426,-0.006842550583761015,-0.0014868734543834125,0.1435358104371263
-0.01150899700121757,-0.009153329591318173,-0.013003316069254289,-0.013300525503080052,-0.007361965649457884,-0.002110419865354666,-0.0010319990252394694,-0.011128187673402698,-0.002073089716646059,-0.0020278134855975364,-0.011665475430472756,-0.023738063418302074,-0.005888071189030256,-0.00555767561494092,-0.008274523476299221,-0.02285931847765692,-0.00740197593158535,-0.03617343693467436,-0.009278020072032196,-0.005405975525245868,-0.03606336034528734,-0.01144709427141265,-0.022223149215689478,-0.011915616371707958,-0.01601828623250547,0.00017604829685038292,-0.015222347328102674,-0.0038776400328076298,-0.019006379896643427,-0.01876026858456856,-0.0016485321198389106,-0.04826239915192384,-0.006626539569600977,-0.015265624804299719,0.0161766888483758,0.003500261612340997,-0.009096436699889729,-0.03171579355947792,0.016683245483603712,-0.015089962052379387,-0.007602160432701886,-0.01042622097493863,-0.4726737470534136
-0.017568184325273812,-0.011501456492859906,-0.019179371080969308,-0.020444626529317587,-0.005847988482853376,-0.0028863100548161963,-0.0018175974017338344,-0.009580822535054165,-0.0015650539000569895,-0.0027269412492040837,-0.01821825768562542,-0.03778899803140367,-0.008455648388613785,-0.00978027924536021,-0.011729846704154476,-0.03809461853738883,-0.010209162049751907,-0.0010605271333604656,-0.004824910650751413,0.001309487647850775,0.009055620766403089,0.0032088766384332596,-0.004438522260085577,-0.004640998760538493,-0.0072414257143831855,0.004641938547712549,-0.0043988725850925454,-0.007843588942272849,-0.0033575873329600293,-0.008011119301416193,-0.003746496657770375,0.007608246648514234,-0.0122326889114484,-0.005132994446005145,0.022725415387815275,0.058330034266284206,-0.005070826858686135,0.0021073607578169116,0.015114965303237402,0.011043428871193677,0.002614390953902907,0.017784498342138622,-0.14385145811790548
0.0017460543679922187,-0.005494230439128075,0.006190464003574296,0.0004930243692278521,-0.0058375431932032405,-0.0016777542605259021,-0.0013583001645202336,-0.010387615885555299,-0.0011954837955728515,-0.0026058324909492034,-0.012918806430808063,-0.03073949081347748,-0.015481194998734212,0.002147407609987447,-0.0005830857573924409,-0.03526609858030635,-0.0031874952971591764,0.0007606969838879468,-0.01798378232367983,-0.008223431598070196,-0.003465113902406312,-0.0013477988881554393,-0.026839086289488553,-0.01750037835182558,-0.025508304384738254,0.00174826568947166,-0.019782954646128274,-0.008599258817979539,-0.02259166851569678,-0.006428589812991082,-0.004770347529034566,0.0059148845046389925,-0.004013266586331126,-0.019829428177235237,0.016982614375286996,0.0358851539973991,-0.017093988565364777,-0.044440547390980356,0.014264755144151339,-0.01267048002692511,-0.010066103255359754,-0.015490188101089038,-0.32724432822519445
0.018207471061182375,0.007910718257592984,0.01268895872464215,0.017003548315165987,-0.0035513060146306883,0.00018858067720838576,0.0008320790952368734,-0.00414339428711912,-0.00018747908300407806,0.00011771878079495416,0.012828893374190674,0.02746189000031149,0.0039587316472415495,0.0006743994608600605,-0.0031862452109086515,0.02572963599357517,0.000225266313705735,-0.032395724293762515,-0.03314700711786616,-0.008514300506273354,-0.028902328116817175,-0.01178748646652974,-0.020138052066380977,-0.018688066293431303,-0.034061837433486335,-0.0002518440141103196,-0.017357747249455536,-0.009324495019015545,-0.02857564605579884,-0.007216538803855654,-0.003351709788543435,-0.03826145881356109,-0.011226610805473306,-0.032695130252734204,0.008045541663571352,0.007811293184185499,-0.026127523743734078,-0.06330818818904208,0.008820872525231133,-0.022053322975445926,-0.009601361333583141,-0.016541703257357144,-0.332090908117224
-0.0166094415933466,-0.01870460073494324,-0.03165665589688449,-0.027625072027571227,-0.0063688040812957016,-0.002089501153925015,-0.0012407345018326475,-0.01028737094029622,-0.0009718816194039144,-0.001594333339429839,-0.012909971588180642,-0.027130231825958716,-0.007646010102676877,-0.00477799050239217,-0.009243388976510475,-0.025612588186828586,-0.006845946700474507,0.002825168995551113,-0.006380135814852428,-0.008414546210182106,-0.002840331408821866,-0.02261863392349418,-0.0033131929674301485,-0.005680977628734777,-0.0022481355038995155,-0.021609682643393146,-0.011619638759686244,-0.0009608671981339317,-0.02155075098570602,-7.728729735550152e-06,-0.005072558147385546,-0.001279837364943119,-0.006228485014053354,0.0007664591875188699,-0.04595294614389538,-0.06204993904232456,-0.002278897497462293,0.004984574724002973,-0.04522756180435376,0.0029039340242026333,-0.004815991973550888,-0.010089949131843993,-0.49007517473455803
-0.02328854033598932,-0.0272205847062072,-0.04164986629021353,-0.03458172861345854,-0.009341350115144765,-0.005897579813029828,-0.0036449516583243846,-0.017018456803491542,-0.004026855048881042,-0.004295175851565773,-0.022257241266276966,-0.04798299400407357,-0.013603195257851312,-0.011931896591725463,-0.026883234527618313,-0.049289067921762755,-0.015310858190539001,0.0029945426934579063,-0.010303104505059162,-0.0007628638244522553,0.000792182194977485,0.0005180314346037404,-0.0030382249661257284,-0.00443667404708059,0.00015314572526664428,-0.002413848589729792,-0.0025510603799625857,-0.0020699010385425605,-0.006090343432989732,-0.0052325753303774465,6.103748789827695e-05,0.00406449581484576,-0.00968648322791606,-0.008849507015204823,0.008155129075646677,0.015584110396206202,-0.0014800765313879958,0.007643638670193353,0.01349240487970526,0.002942935359948426,-0.0018782260784990833,-0.013050493710890477,-0.37366530594162184
0.0116325252923777,0.02385527945414174,0.03113356963998239,0.02949910350230937,0.01170574245641548,-0.0023214554491060957,0.00144872468315986,0.019623129829081383,0.004418086400874628,-0.0042663469654505275,-0.07107766382875895,-0.08745592491091717,0.01154834687054587,-0.0003460606234185634,-0.017651960420915554,-0.07062071930431339,0.006404273099278864,-0.0014513776407086858,0.001947175764408982,-0.004854629638071562,0.0003314315412295818,0.007256429310076968,0.0043662786475858134,0.0008644394838121694,0.0026732256382241194,0.0038448821071726137,0.0023624173271628236,0.0018101454997878172,0.013060149301351097,-0.0012154025403312417,-0.0010996882032851963,0.0018983567940963194,0.0007875394004207566,-0.002972177562506758,0.011273823201234533,0.019422308705848757,0.00030385504475000466,0.006791699796903543,0.008132694175601156,0.003903208472844677,-0.0036905566377818224,-0.0037842655008168747,-0.030509387785703366
-0.011589365566989354,-0.009212442844809196,-0.013204142421391696,-0.013425922879916985,-0.007481411536866001,-0.0021692744843630307,-0.0011046564035778797,-0.011106774784695891,-0.002073089716646059,-0.0020278134855975364,-0.011632839026899454,-0.023840684966868923,-0.005910113169157782,-0.005549476302474844,-0.008278799307271486,-0.02320444146402541,-0.007540202448872576,-0.03653276253118958,-0.00922834224539481,-0.005788293184325681,-0.036374986500299675,-0.011614439773008018,-0.021817552059441653,-0.012218003383188023,-0.016315395489511938,-0.00023109630468712023,-0.014186177722687307,-0.004045116090888901,-0.019898972518292438,-0.018758686071601305,-0.0019489583447845115,-0.04828454094213722,-0.006925685943413113,-0.01557966888574147,0.015950490310793975,0.003367392980338478,-0.009138617112035348,-0.03255516590808757,0.016448736243144906,-0.015621026912855294,-0.00777870030338985,-0.01043502025175663,-0.47886203975486413
-0.017685360699174292,-0.020000203814542865,-0.032735805274043815,-0.02784691423725749,-0.0067009956752570226,-0.0024305112617384024,-0.0014987933056421377,-0.010432725501578062,-0.0011632306676841143,-0.0019279824699883026,-0.01341265242202353,-0.029450819158626504,-0.007548106518741202,-0.00575169977461032,-0.009890791915009557,-0.02798695264195131,-0.008187365483066802,0.002891822536965561,-0.0061484601614703975,-0.008180078295549467,-0.00018654224047711998,0.0021186369048026986,-0.0024108838014920662,-0.0060103117235623974,-0.003062902333504629,-0.01716312064061272,-0.008853307635787535,-0.00045081337613138347,-0.010482048127380173,-0.003573261719286891,-0.005532875268857316,0.003122683203011451,-0.008217139459453291,-0.008872387963926854,-0.042897637483908395,-0.06326615931528236,-0.0019843442921907944,0.002335368112433062,-0.04462330658059368,0.0034822357751718687,-0.005300099857333007,-0.009909802163099632,-0.46782564672845117
-0.018373483053086326,-0.019126236269327593,-0.03213348098233994,-0.028693496628971478,-0.006234323267821081,-0.002230350628327895,-0.0011552816475900085,-0.010259894090049144,-0.000942562177204415,-0.0015754438056195168,-0.012732247513674506,-0.02678284691001589,-0.0068790023178857546,-0.004527937354624509,-0.010264695848342683,-0.025604890868838368,-0.00655483324580292,0.00409835364366642,-0.0053192724527048405,-0.0073394586400941444,0.002705172956251371,0.001503925975842397,-0.0004947587241232022,-0.0020384558650825457,0.0006484459075682357,-0.016254024756468217,-0.004794916393453728,-0.0012731886806331655,-0.019055199902328637,-0.0008132665970796873,-0.002598818311837407,0.0015156282429129005,0.000622310594363057,-0.007061522910216736,-0.040944188388723886,-0.05945286254635272,-0.0026389014054852486,0.00795156382716766,-0.0416152251251335,0.00546980462637307,-0.000811270199204161,-0.009860246260936368,-0.41192137799523515
-0.018538144914577438,-0.018834124090069463,-0.033143612668750023,-0.028740682345239344,-0.005804317527687294,-0.0019780786368020333,-0.0011582072489364423,-0.010054533668300183,-0.0008746159846427637,-0.0015457072724128923,-0.012473573930257635,-0.02568480547885571,-0.0065540649738347525,-0.004754626303229354,-0.010509466049830515,-0.025306559262149846,-0.006537120988618248,0.005436980940730321,-0.0048880198643474655,-0.005873437940735054,0.003792148309052938,0.002367287112554216,0.01315594670679388,-0.0014535915825680517,0.0005657874738431575,-0.01419758950110891,-0.003354094685670479,-0.0009196682610439402,-0.009222121859710053,0.0004510897095142285,-0.002245080533822065,0.0021606411217339307,-0.0008329978706764807,-0.007604715339631859,-0.037595978327868006,-0.059604265131919,-0.002089188818094706,0.007402103128018639,-0.03789488562736635,0.007481105071941522,-0.003658273779422851,-0.003370119334093627,-0.36448318022809
-0.018177931800603585,-0.020000004508063298,-0.033286600713416124,-0.028130033187823766,-0.006642454427596002,-0.00242303364136404,-0.0014811264478512768,-0.010442386529434482,-0.0010917641888321763,-0.0019200378741327081,-0.013332158317761203,-0.029337559006758912,-0.007548106518741202,-0.00575169977461032,-0.010055039680629926,-0.027932866731728966,-0.008185856092554898,0.003050209310810504,-0.006047490426180165,-0.008189980005764059,-3.506764120552878e-06,0.0021548410599583536,-0.0030965060381075004,-0.0059876899823897356,-0.002874110482574617,-0.01705966156469546,-0.008899844416028937,-0.0008571331886968404,-0.009408280915078218,-0.00350051483258921,-0.005699114731609049,0.0031531927353999965,-0.008248553441266763,-0.008766653591236958,-0.042854704199456334,-0.06323791716386647,-0.00012102369987544667,0.002338050631421686,-0.04394861002457973,0.0040568068049763855,-0.005505198559577282,-0.010400657293485362,-0.46569271022051467
0.015170457151228086,0.011115269115569483,0.018897032991014442,0.02184674086385494,0.008357377146198056,0.0048838881869774356,-0.0022590819130133073,0.010163561475822088,-0.0015691711464681064,0.002067567291260825,-0.017874912130640276,-0.030770610340783922,-0.018572524066329015,0.001714647618092223,0.006535188901974,-0.05504878517622971,-0.006350769088977415,0.001612081089127419,-0.016958817223986594,-0.0029296158679164206,0.0007690269834782235,-0.012272824431176667,-0.007690030166820335,-0.009057388838446315,-0.016668332162392517,0.0003682263366104263,-0.0223971184154128,-0.006079601637403545,-0.0006765638972184626,-0.013467648788838103,-0.0010598652753518178,0.0032589451211649913,-0.014669545436779478,-0.008249170556728044,0.015150657151288036,0.02799363976159565,-0.0012307773912833867,-0.009982007761843104,0.012281929770790487,0.0012661810605028541,-0.0024106931862371,-0.023443712906054483,-0.13823714978978127
-0.0032549218123738084,-0.01713251386376824,-0.024419142732142556,-0.016337606491808435,0.008423720804565398,-0.0015999664464147454,0.003168191001714517,0.015034116506230587,-0.0004934411992239497,-0.0005466249907311661,0.02020018483306698,0.04713810505366651,0.01002563419658938,0.003791719750064918,-0.00828382812180408,0.04707374881916018,0.0026883429362956086,-0.0025375871937408307,-0.005696327559836974,-0.004120465376382301,-0.004091055002423368,0.0077880131047292035,-0.0028737763983242687,0.002357892963640884,0.001969729283346622,-0.0019240197024794736,0.005275884797990946,0.004293356848471754,-0.022336966546854835,-0.003870075312178417,-0.0033912885300242655,0.0025124731466665356,-0.005067236296854638,-0.001390688769819183,0.0195806909861147,-0.0917193186658328,-0.0002923994205207404,0.011756624016256625,0.014005168888707899,0.0039931420639322274,-0.006684260648761298,-0.006910278700055456,-0.0038970497811443416
0.015571486352718074,0.0007457156072239818,0.0015634873811378994,0.009363725368406628,0.008014724556364195,-0.0009328918627858555,-0.007536025309579638,0.005541763511912041,0.00021964854383022545,-0.003824633501772062,0.009588205775181323,0.019130028416393524,0.0005329263347348061,0.0012389045929902922,-0.003828050728955471,0.02205596337455873,-6.754903651116724e-05,0.002463942913849179,-0.029746006276960228,-0.0029399120632834785,0.0013813336095931015,0.006324789024222074,-0.008700943326571516,-0.015281265124403523,-0.03644568748357685,0.0016745785749857813,-0.008318366684711897,-0.01018366100612479,-0.00828077522884229,-0.01842488555441442,-0.02003156633278114,0.0024269974906764667,-0.000148508747513549,-0.033874436762578064,0.013316129609331907,0.027298726890171546,-0.028930373921830784,-0.06602114034281088,0.010165225841430243,-0.00293247547142847,0.00011262860413870835,-0.022046202508997303,-0.16976442490258262
-0.016728278470572108,-0.018597412275352432,-0.03187935945840847,-0.02765943481351767,-0.006373639340318955,-0.0020069473399780286,-0.0012113155479120596,-0.010100883203446494,-0.0009879868963538617,-0.0015803839193343188,-0.012780048524116879,-0.02709795137634678,-0.007603638578373002,-0.004762937340477875,-0.009353886546811765,-0.025497032255272972,-0.006879495934021959,0.002657888040907864,-0.0060499739508604105,-0.00748269383669161,-0.002310429342897483,-0.022886891944091554,-0.0010634474449912673,-0.005901147960488224,-0.0022500499020994946,-0.02131054594670346,-0.011142275415520405,-0.001379515383362215,-0.02002149223324773,0.00097120536082162,-0.005282440640444847,-0.0012678164937302934,-0.006617137269956587,0.0003109904580007595,-0.04528319366818756,-0.06148370304560019,-0.0024882309377639916,0.0048726301341533345,-0.04488085714847829,0.0027255665698981513,-0.004620715363065124,-0.010059897963912696,-0.48334480714892736
-0.023932877063725176,-0.027566091253229986,-0.04449650562598948,-0.038722764247538205,-0.015149970372919428,-0.005877867512736069,-0.005026876564762934,-0.02255043904649268,-0.00398290665139137,-0.005786211284287625,-0.02508211414339875,-0.05202454549142832,-0.01724740565452895,-0.01415437061799196,-0.03784149765639516,-0.0490539040407743,-0.019448190551009357,0.0044281812657999955,-0.006217968351891334,-0.008407435114823536,-0.004851652090690879,0.005590027541013323,0.0017224682336299437,-0.003573962784771156,-0.0032642918278778348,0.004820609432714819,0.005389830940308342,-0.002491287695049479,0.009564630161370158,-0.0029883601980278396,-0.001622339853111547,0.0022725497584190762,-0.0009549336325458505,-0.010447097386644073,0.0014357205273480113,0.02337948091329717,-0.008155846566442354,0.0018058655113083013,0.007820242777466038,-0.005993106122775605,-0.004993389115232427,-0.011069237334005468,-0.4147458387898139
-0.021700794043662375,-0.017201161841571763,-0.028983564642518483,-0.03290468617360882,-0.01015675428574543,-0.004343850141488748,-0.003969445944516975,-0.015526417203329049,-0.0034214831287340134,-0.004782743704696186,-0.029191360529693695,-0.05494726736569044,-0.01366424482947419,-0.014443148603250225,-0.02220249914167955,-0.053792534787254605,-0.01782438679386855,-0.005578804472553004,-0.011144305779128665,-0.006895466888145467,-0.0062991005754269086,0.004606690565608631,-0.008710229863145923,-0.00819821742358706,-0.008707459463418719,0.0017712328432132414,-0.012790267671339006,-0.006816808922593622,-0.0041418030230074955,-0.005064246543553613,-0.0014813428651130967,0.004850449228651739,-0.01724882199885584,-0.016587479049955754,0.01887742791860362,0.03132691483956433,-0.0018121315191780016,0.0023047221503684928,0.016132032975914617,0.001335625134714225,-0.004264701511207306,-0.0026033800754089176,-0.39619581514976254
-0.013822452338203518,-0.00750351874907596,-0.011175070878318831,-0.01202401404670203,-0.004606387107120942,-0.001447525998276197,-0.0016676978079365392,-0.009043078955788512,-0.0019948843667434877,-0.0019256631210891975,-0.012834417233089137,-0.028353044389131457,-0.0057689915092523445,-0.0062631663066774,-0.00831829197103125,-0.030867596033456533,-0.009004379004963143,0.005116500299640764,0.003975372825675749,0.0008533514842163529,0.003076480458049176,0.006924294423974523,-0.002995887325676289,0.0020264302402522158,-0.01226042547656213,0.004812397304942925,-0.010953022045096565,-0.007214334209336157,-0.004748540551698708,-0.0021968581690783124,-0.0012714955201436973,0.00134930034211915,-0.001029820390612578,0.0006781112113109153,0.024109138855561686,0.05112772667914266,-0.006066906299497141,-0.026432949416841343,0.013528031845975771,0.00443950781246533,0.000872837986231429,0.014692999078051692,-0.10420793837378907
-0.012337450462310755,-0.01138156096051607,-0.006299873532579947,-0.010369832489227048,-0.005126287056009025,0.0016671232169268074,0.004252936342366333,-0.008964742573576712,-0.0009419216834753324,0.004273845389889774,-0.06096929277515291,-0.07446695450021434,-0.005562383481828152,-0.005704530032011,0.007417284105977769,-0.058976388326327865,-0.003217975167954967,-0.002773143607725586,-0.016130709392735067,-0.004452574676094684,-0.004405451021272126,0.0007313913664217294,-0.014237763394072471,-0.003747409056248829,-0.013158606090185338,0.002894471169035108,-0.016030915470388808,-0.0058999593240249785,-0.0011511689585842473,-0.008913444516877988,0.00034936354745562537,0.004573906375201425,-0.020392109986013908,-0.012954836580155706,0.021539795788034083,0.030957349126617177,-0.0003369486611755787,0.004903424838236008,0.01849093328226368,0.00142028278449766,-0.002188911396215481,-0.009875511176254164,-0.2974965490162859
-0.014190274385603706,-0.013108715213029696,-0.01978962467481941,-0.018103468520239797,-0.005665039503055946,-0.0013875591850220617,-0.0012721275698764128,-0.009133523743969044,-0.0005325003031280468,-0.001426177602556056,-0.010016248532694443,-0.02387873417490621,-0.005694256286677657,-0.005083144275432571,-0.008210692966129788,-0.02152752166868115,-0.006002268327302585,-0.012750479913462866,-0.009258977259292771,-0.007885983916673259,-0.003450037098533779,-0.017784940143072303,-0.001991462437786208,-0.0038108070393118735,-0.00015815527770890656,-0.0190853376006107,-0.008088869408155112,-0.0007608955893443895,-0.0031026761510669367,-0.005208976558718033,-0.002844499243045568,-0.024801574333052176,-0.005352525747965271,0.0023546015932832593,-0.04249254616641604,-0.0567006134261149,-0.00900075890710761,-0.02483936329893284,-0.04768012230802727,-0.011383022907488329,-0.005493006514267468,0.005926656147143093,-0.4806662504388529
-0.014246857050802074,-0.013105515547333404,-0.01978962467481941,-0.018103468520239797,-0.005665039503055946,-0.0013875591850220617,-0.0012721275698764128,-0.009142145164253053,-0.0005325003031280468,-0.0014232510576768034,-0.010018961320903986,-0.023801533772508317,-0.005726624382663763,-0.005083144275432571,-0.008347430370295322,-0.021521220619915984,-0.005997933165448815,-0.012894494258821611,-0.009274495931435036,-0.007895790016572394,-0.003450037098533779,-0.017870347248175284,-0.0020638719499537907,-0.003700866417738911,-7.121361157126074e-05,-0.019264955335059494,-0.00819202242583376,-0.0007608955893443895,-0.004909929566803951,-0.005218516824250625,-0.002844499243045568,-0.024804095733170828,-0.005352525747965271,0.0022309763015035886,-0.04246524597820166,-0.05712265674168908,-0.00900075890710761,-0.02485974655735438,-0.04768992840792641,-0.011383022907488329,-0.005493006514267468,0.005926656147143093,-0.48359022704703997
-0.014254447583984075,-0.013105098313959026,-0.01978962467481941,-0.018262015362081593,-0.005665039503055946,-0.0013875591850220617,-0.0012718396834714596,-0.009142145164253053,-0.0005325003031280468,-0.0014232510576768034,-0.010041916406615153,-0.0238060802733538,-0.0057315278031431025,-0.005153689408349503,-0.0083744890191999,-0.02152050996075675,-0.005997933165448815,-0.012620118062851888,-0.009274495931435036,-0.007922017397448192,-0.003447210925218194,-0.01790190422607753,-0.0022101327381858897,-0.0037119676496583957,-7.079472798424992e-05,-0.019564335952674462,-0.008324610127111245,-0.000764544442889949,-0.004999985555838686,-0.005339078019255706,-0.002796905308781412,-0.024804095733170828,-0.005352525747965271,0.0022294006148379448,-0.04247148393729903,-0.05712332701110076,-0.00900075890710761,-0.02490536789824055,-0.047499205536336804,-0.011371005798380358,-0.005493006514267468,0.005926656147143093,-0.484272488255617
-0.014254940196042917,-0.013106034738595593,-0.019833683485875022,-0.01826542241541648,-0.005665039503055946,-0.0014176915406838803,-0.0012719797684744142,-0.009165978382529331,-0.0005302767414445274,-0.0013966103819133206,-0.009998379998934805,-0.02387174829066792,-0.005783826832461822,-0.005153689408349503,-0.008398266297654404,-0.021560628370649555,-0.00602749303246323,-0.010621329486626769,-0.009274495931435036,-0.007922715302390705,-0.0034489064061736393,-0.01790635549902056,-0.0022060607536020338,-0.003713860211903057,-7.901571632678312e-05,-0.019564335952674462,-0.008239364320782639,-0.0006976799778056698,-0.005233299838205372,-0.005347687414051824,-0.0028361651166733293,-0.02488499013731008,-0.005438683431301837,0.002238423765486796,-0.04249282102790534,-0.05959542406895113,-0.00900075890710761,-0.02490923088200317,-0.047793028148422574,-0.011382917320752004,-0.005462542405292793,0.005926656147143093,-0.4855882777293012
-0.014254940196042917,-0.013126025133231209,-0.01988312290834957,-0.018301434238835346,-0.005665039503055946,-0.0014176915406838803,-0.0012719797684744142,-0.009186416113098598,-0.0005302767414445274,-0.0014000784389963394,-0.010013021755724699,-0.02387174829066792,-0.005851646377284194,-0.00516887541760783,-0.00845199927042707,-0.021565248815711043,-0.006074051480247807,-0.01123752295479523,-0.009367358347793698,-0.007922715302390705,-0.003924226871781268,-0.017957584433012513,-0.0024523990333767593,-0.003713860211903057,-0.00023514214666961773,-0.019718235010287757,-0.008239364320782639,-0.0008132572021921532,-0.005233299838205372,-0.0054304290659297864,-0.0030985323222388786,-0.02488499013731008,-0.005438683431301837,0.0019637676994548885,-0.04249282102790534,-0.06026040437215681,-0.009001844324637834,-0.02490923088200317,-0.047793028148422574,-0.011382917320752004,-0.005462542405292793,0.0056324952278246345,-0.48940772217374573
-0.014254940196042917,-0.01313261114936659,-0.01988312290834957,-0.018419199896652656,-0.005665039503055946,-0.0014176915406838803,-0.0012719797684744142,-0.009194104972233538,-0.0005302767414445274,-0.0014000784389963394,-0.010013021755724699,-0.023869267714255314,-0.005851646377284194,-0.00516887541760783,-0.00845199927042707,-0.021565248815711043,-0.006120710280226772,-0.011280141195027077,-0.009428842415127661,-0.007920539366969615,-0.004242604016731937,-0.018183358274833566,-0.0024523990333767593,-0.003385843205684769,0.00040187481663555923,-0.019718235010287757,-0.008294074916193793,-0.0008132572021921532,-0.005642140468074812,-0.0054280826560595685,-0.0030985323222388786,-0.02488499013731008,-0.005431441556839721,0.0019589561598319866,-0.04253526373036078,-0.06035613447238577,-0.009008898901036474,-0.02490923088200317,-0.04764928124318148,-0.011382483794919815,-0.005462542405292793,0.0055718984905616725,-0.4897854024856365
-0.014309201761316743,-0.013158137090535487,-0.019990095981695266,-0.01853248345117598,-0.005665039503055946,-0.0014176915406838803,-0.001278120149123168,-0.009194104972233538,-0.0005302767414445274,-0.0014000784389963394,-0.010013021755724699,-0.02390825821836074,-0.005851646377284194,-0.00516887541760783,-0.00845199927042707,-0.021549124964996273,-0.006120710280226772,-0.011485228095764194,-0.009428842415127661,-0.007936417603808182,-0.0045230612051054475,-0.018183358274833566,-0.0024523990333767593,-0.003781515763586523,-2.5069619255887888e-05,-0.019357441837389907,-0.008251717124055584,-0.0005938678116412043,-0.006437991620073002,-0.005439426704494481,-0.0030985323222388786,-0.024634787251908593,-0.005452251086893367,0.0019905215618670276,-0.04204663436651144,-0.06082295557963558,-0.008917698543500671,-0.025009212383099576,-0.04803522585857615,-0.010803122649804342,-0.005663836899396318,0.0055718984905616725,-0.49135703991253704
-0.014345737305802846,-0.012958469747317314,-0.01991608064894081,-0.018411659363570324,-0.005665039503055946,-0.0014176915406838803,-0.001278120149123168,-0.009194104972233538,-0.0005302767414445274,-0.0014000784389963394,-0.009999357465106419,-0.02390825821836074,-0.005851646377284194,-0.00516887541760783,-0.008398266297654404,-0.021562166917344867,-0.006091402144712791,-0.011485228095764194,-0.009335979998768998,-0.007936417603808182,-0.0045230612051054475,-0.01813856771897945,-0.002213912404814751,-0.003453498757368235,0.0004365386821817776,-0.019357441837389907,-0.008294074916193793,-0.0005938678116412043,-0.006317213995032022,-0.005404083290519257,-0.0016838101786277677,-0.024643087180022654,-0.005381434567010803,0.0019114604942564633,-0.04204663436651144,-0.06095497571462668,-0.00901912132814985,-0.025009212383099576,-0.04715930551560572,-0.010803122649804342,-0.005648126667935313,0.0059975867213132575,-0.487153823538268
-0.014225102781779417,-0.012958469747317314,-0.019911156791547462,-0.018413456134910442,-0.005505265758080987,-0.0014176915406838803,-0.001278120149123168,-0.009194104972233538,-0.0005302767414445274,-0.0014000784389963394,-0.009999357465106419,-0.023876170194301757,-0.005706851679823068,-0.00516887541760783,-0.00845199927042707,-0.021519465834688507,-0.006120710280226772,-0.011485228095764194,-0.009433928602087905,-0.007890970789072534,-0.0037097529740462063,-0.0181261617393717,-0.00241511712592677,-0.003453498757368235,0.0004054614182638061,-0.019357441837389907,-0.008144472092116183,-0.0005938678116412043,-0.0063048080154242715,-0.005404083290519257,-0.0016838101786277677,-0.024634787251908593,-0.005381434567010803,0.0024003792984521257,-0.04204663436651144,-0.060772682866065054,-0.008917698543500671,-0.025009212383099576,-0.04715930551560572,-0.010803122649804342,-0.005663836899396318,0.005863731260485492,-0.4853994375733557
-0.014159055366125134,-0.012958469747317314,-0.019885203064343212,-0.0181439825317888,-0.005505265758080987,-0.0014176915406838803,-0.0012964590557091146,-0.00917444764717112,-0.0005302767414445274,-0.0014000784389963394,-0.009962841707627616,-0.023660136905253176,-0.005706851679823068,-0.00516887541760783,-0.008399912416146503,-0.021348283338295686,-0.006091402144712791,-0.010862150493726038,-0.009341066185729241,-0.007890970789072534,-0.0037137039959920814,-0.0181747196394426,-0.002246500720570977,-0.0036268084241881,0.00044012528381002445,-0.019386817426944907,-0.00811007208214496,-0.0005670365838839874,-0.006422681667915672,-0.005433458880074257,-0.0005250189894314564,-0.024634787251908593,-0.005376000602524395,0.0023829380490225536,-0.042188723288078114,-0.06056722034881775,-0.00881346461202147,-0.025007058634792842,-0.04765822822619373,-0.010800987959481713,-0.005635432461283672,0.0059975867213132575,-0.4829714927112004
-0.01453460493149958,-0.015961696802579174,-0.025703646306387253,-0.021420071170528413,-0.005731729831241576,-0.0019587996736587466,-0.0013547458013249286,-0.010244183669980351,-0.0011037724234447552,-0.001751797064888632,-0.009835705076609884,-0.025405120330266942,-0.006342455785374224,-0.0046809884386362615,-0.009148483572329962,-0.02201397141042912,-0.0070500493116669016,0.002792255755631676,-0.00900361930763858,-0.0037779102964711807,-0.001814816777589556,-0.018134632284386616,-0.0026997720960603854,-0.0005661002052157194,-0.0022781887925674735,-0.018045704815476737,-0.010883484563875813,-0.0005764588277018382,-0.015724927438202328,-0.009394653623767998,-0.002776131349042309,-0.021473219061325554,-0.004097592075772002,0.0036388457303528983,-0.04125660617125795,-0.06106733793038324,-0.008109753258568938,-0.023954731405892823,-0.04954749311871379,-0.010287824021679002,0.0005991257619241384,-0.000887842409196927,-0.4935703941837248
-0.014156800469928017,-0.01559411776671436,-0.02427435036126335,-0.02069151258112607,-0.0055529684105755225,-0.001978583123598346,-0.0013741337878154067,-0.010141812473089769,-0.0010708491347525154,-0.0017524176507158285,-0.009748013503859437,-0.02514274582929138,-0.0062938094765543715,-0.00463940917670968,-0.009022520522771305,-0.02203187474918606,-0.006931982069456092,0.002324087671256892,-0.008504360899112771,-0.003687594473147629,-0.0007696177085063082,-0.01861522119018785,-0.0028415444108444102,-0.00045301935401111706,-0.0017027658922748028,-0.01599720306766404,-0.010574903581200338,-0.00010396063733926383,-0.01570620177958856,-0.00949986540475408,-0.0029877695544000336,-0.021215523204791947,-0.006214547983445153,0.001384659416229779,-0.04062432934955547,-0.06118768861872099,-0.00827462325560627,-0.024237035335139837,-0.048693915088831426,-0.010175427323380035,0.0006424972936475331,-0.0004806377442307123,-0.48859441256300634
-0.014529170862926063,-0.016901287125201225,-0.026541832379982335,-0.022741727616194297,-0.006020132788218405,-0.0019828661435427916,-0.0013441415873118694,-0.009994664938892573,-0.0011676488134549235,-0.0017868286876303611,-0.009849771825793798,-0.025661988528144532,-0.006386034921823366,-0.004725560276857713,-0.00944481464096702,-0.022900077327475944,-0.007280743449612127,0.0033453191909095905,-0.008226407598571902,-0.003866382667635177,-0.0017836262096679555,-0.01763064422082519,-0.0010268068399462047,-0.00043629434761572065,-0.00229024999926927,-0.017823974291405687,-0.011395326499760102,0.00013827324813389303,-0.01564019509140498,-0.009167327416527003,-0.0024102921949217095,-0.020728720279620062,-0.004078925954004034,0.0001880230399608642,-0.04047653826029133,-0.06087275967615844,-0.0013419868858672538,-0.02384182508771426,-0.04975569795008222,-0.009806888604993527,0.0007835915272955487,-0.0009561017535338105,-0.4883610567375453
-0.014280907985147554,-0.016863221756599652,-0.026302691989027065,-0.023346403883257205,-0.006046391239205322,-0.0020366424299151278,-0.0013808783244226319,-0.010059090112391395,-0.0011606288117304753,-0.0017485123061770642,-0.01010506944263073,-0.02588526440345642,-0.006278662300222806,-0.004915105875169416,-0.009509065849601575,-0.022780069623232303,-0.007177719279984744,0.004662263410261439,-0.008446445874822291,-0.004299637758154839,-0.0016122976334307982,-0.018248019458595353,0.003980201261524213,0.0003483247384158661,-0.0025331283711188483,-0.017338064527170887,-0.010154193462741119,-0.00029620370391145043,-0.01676192125101703,-0.009209945508494397,-0.0024361449685826823,-0.02033257374163116,-0.0037742982586768323,-0.0042473514472134806,-0.04025722044544285,-0.058711291166697877,-0.0009533622524996838,-0.02341570934378243,-0.04881670694596789,-0.010575904364493773,0.0015112987940913232,-0.0011326756483400037,-0.4829273335406643
-0.013679382272541596,-0.015415559285277457,-0.023915822869431617,-0.01960098669837053,-0.0056044489012930234,-0.0019290100385650087,-0.0013606215563281784,-0.01015645272271362,-0.001068646060924868,-0.0018029347430628235,-0.009839902194734754,-0.025130044180567013,-0.006041016935326625,-0.004672718205683013,-0.009029021596596033,-0.021752031960448552,-0.0069222737472860695,0.000955246611283651,-0.008087377508961381,-0.00499340470951427,-6.882307317677246e-05,-0.01859853133540661,-0.0017051609789343958,-0.00010826931008843272,-0.0015656285433610323,-0.0153131719834335,-0.0100960293263101,-0.00018822308357816734,-0.015152147386491349,-0.009303933674327455,-0.002739128285395407,-0.02200814937902067,-0.0061025611016957875,-0.0013437430021923298,-0.040612070247529185,-0.06076344204579435,-0.00783085953346178,-0.024491182444215703,-0.04823825263812129,-0.010186250000478177,0.000997926119379245,0.00022001813051746003,-0.48524402269945854
-0.014032331099373033,-0.017003590650165885,-0.02650827600952,-0.023590949685502398,-0.006137140390274685,-0.00205536952404611,-0.001407321136694738,-0.010066258866125336,-0.0012949009666798918,-0.0017899701598355518,-0.010239465069093864,-0.025880478861828864,-0.0064640203796774605,-0.0049237122200311905,-0.00962696733176504,-0.022801409893620676,-0.007138993671239155,0.0051007066757749395,-0.008688423607887923,-0.004111583289825971,-0.001424186362840992,-0.017976642434636897,0.0032728787332790255,0.00028618208725260104,-0.002531573240614465,-0.017130158049563055,-0.010307638107181872,-0.0002873845759187223,-0.016559605269127323,-0.009036403450353475,-0.002849998773568369,-0.019651373379953107,-0.00341414455784318,-0.005638179214402581,-0.03989163358680371,-0.05911983368197746,-0.0010110651940007074,-0.023593713286762248,-0.04872644529487501,-0.010328552184904052,0.0015638496746176016,-0.002241736228289281,-0.4852578125158801
-0.013847849930809985,-0.017055387051401912,-0.026542331973925297,-0.02375948845910147,-0.006025807669313381,-0.0020898130318049188,-0.0014110631859546039,-0.009995846698741461,-0.0011534111749972955,-0.0018123151678116622,-0.01020213585628902,-0.02549428435103398,-0.006454320823074075,-0.004941601511014702,-0.00968644171080602,-0.023254463370850156,-0.007039860540376857,0.004248493915198579,-0.008488580907182047,-0.004109990937975147,-0.0018205587759941874,-0.017969890019768158,0.003507344005871889,0.00035950886233374833,-0.0023033767617778307,-0.016867628874366054,-0.009832584719588207,-0.0002904638974850939,-0.016788541785117437,-0.009011505911756878,-0.0017028377964325337,-0.01937190099755175,-0.0059587731589593315,-0.005539149763987613,-0.03956360233563004,-0.05928299780400305,-0.001032952404607942,-0.02315856119280785,-0.0482589255247235,-0.009267657669503927,0.001004210325397343,-0.0018227739209906975,-0.4840901205587145
-0.014183000564189313,-0.015588658229824998,-0.02431537317948631,-0.020761194494418773,-0.0057043978886049595,-0.0019753030542999732,-0.0013716248625808484,-0.010183361938874716,-0.0010708491347525154,-0.001751970380353352,-0.009775868884747898,-0.025315579434251383,-0.0062938094765543715,-0.004650765428681932,-0.009103097585811714,-0.02201044197060453,-0.006911673693584877,0.002355831320746125,-0.008771664757133878,-0.003674869203638806,-0.0008332238985696933,-0.018334173537207826,-0.0029793096968033584,-0.00044794454112223944,-0.0017236631019533883,-0.015988052848028855,-0.010599557105035486,-0.0006634922534476067,-0.01569205561203657,-0.00950540347847275,-0.0029411014809872685,-0.02112770423938918,-0.00618827012540965,0.0031090705676640002,-0.040802490487203406,-0.06115682349866726,-0.008104523569268706,-0.024154041388036028,-0.04921993939953974,-0.010123859224115487,0.0005752895063206021,-0.0006354703100474226,-0.4885944125630064
-0.013858484026436767,-0.01713433122816347,-0.026558168801964262,-0.023872479947583423,-0.006025915809173042,-0.00210003517780392,-0.0014110631859546039,-0.010001872117804511,-0.0011534479954434728,-0.0018125223345847544,-0.01020213585628902,-0.02553139970716746,-0.006473811930557499,-0.004941601511014702,-0.009591858640896808,-0.023283031078190845,-0.006967144739318235,0.004078325836440038,-0.008189758826133946,-0.003996706516383143,-0.0017632399105369965,-0.01777240869637903,0.003524819579924403,0.0005235827841173741,-0.002068328830014087,-0.01691207762867579,-0.009826064280338016,-0.0002892027972035258,-0.01679011048400444,-0.009029860923884962,-0.0016777382553179502,-0.019376559977102623,-0.005932659508897786,-0.005560634077771224,-0.03964080383200601,-0.059170364726641424,-0.0013088110092909387,-0.023280467588981998,-0.0474481960165233,-0.009175491144721977,0.0009928602354288317,-0.0020270699729351,-0.48303627065618043
-0.013657630081498595,-0.015428634710949036,-0.023933417216894272,-0.01965672776360923,-0.005628788986558984,-0.0019291373768973812,-0.001358154808274845,-0.010201702556221928,-0.0010804046883084546,-0.0017618134972561907,-0.00982095622372216,-0.024978734877684577,-0.0060265656559352985,-0.004681143168505739,-0.009035618764975682,-0.02159854427516133,-0.0069336163366619415,0.001352017251631105,-0.008187843957184297,-0.003671723239495674,-0.0004481597097013556,-0.018493482835291477,-0.0025758724845658075,-0.0001303848738823877,-0.0016510081244295143,-0.015339037142496756,-0.01030189207348756,-0.00020202893050943658,-0.015365086865738321,-0.00948172457174918,-0.00278493752600247,-0.02205299649534956,-0.006125332681330636,-0.0015716236509362145,-0.04056404503993888,-0.06084384807380014,-0.007798408648734587,-0.024175742244165285,-0.04866298152815763,-0.010092631098569243,0.0009429595695283088,0.00020605382931620334,-0.4857313521341564
-0.015496591914656507,-0.0168249054163543,-0.0279742849267833,-0.024091651600064753,-0.007025394046311547,-0.0018992758076628211,-0.0014642056360584744,-0.01104358564287833,-0.001115298256470384,-0.002068061213341675,-0.013081908755645145,-0.027828932799642568,-0.007119315783600798,-0.006464557528446996,-0.009595812152929869,-0.02629374295789302,-0.0075135173440302825,-0.014012006518941968,-0.008952080779939758,0.014747699998016233,0.0023734127657021663,-0.010352983804521114,-0.0049900822134347775,-0.0020032103982034993,-0.0018469967419641096,-0.013879525734819475,-0.0086864985993643,-0.003655099881469046,-0.017007167285288383,-0.009419967691086458,-0.0071004483554147225,-0.021794241543043373,-0.0057750552807483225,-0.013768996395989799,-0.037479974289423665,-0.033879927591204104,0.0009295143628365865,0.007842514720348907,-0.043928984977614494,-0.00286500697435391,0.00922139198017449,-0.009632163725461692,-0.44281692673797934
-0.01576971144372188,-0.0171945502756986,-0.026994155553550912,-0.02390949631028395,-0.00823678900062513,-0.0025316964928410435,-0.001561288433281958,-0.011229719315539184,-0.001583229473278551,-0.0019873625213939817,-0.013896950423561672,-0.03067168316907174,-0.007717443973508996,-0.006567442101652013,-0.011770853140269912,-0.0299246109250386,-0.009471428125142596,-0.017285153497066295,-0.0094567646662799,0.005263709655509433,-0.014440938493623658,-0.011333214229083458,0.0037618730846211076,-0.004129411990380372,-0.003573243724911927,-0.014821330845437975,-0.0090798043622444,-0.004652130534568938,-0.016892753543179678,-0.011089945300711454,-0.009873129931240317,-0.03040067089013799,-0.0070656880476528345,-0.01599456402457433,-0.03743644037849435,0.018541810351819715,-0.0025421382956641817,0.00509586732922503,-0.042774821340056904,-0.011947923246935336,0.00826866566970628,-0.010877464521561358,-0.46575401645138476
-0.015997381966019693,-0.01769620312624293,-0.028766330383577392,-0.02408556578593965,-0.008307276178194304,-0.002639913179544922,-0.0015712039688531988,-0.011621944564260816,-0.0017790813460639725,-0.002110932050554091,-0.014058019190644519,-0.030864901123338284,-0.00749763319701727,-0.006800456861845575,-0.012406375228932238,-0.03012410875751698,-0.009503371293694005,-0.018516079481326768,-0.008933869572961665,0.007224947995889823,-0.014377702483451101,-0.011954548152753573,0.004166580977546441,-0.0033526719907466212,-0.0030039874948938265,-0.013779138006996922,-0.009649870972248752,-0.00478558688531545,-0.012428465673089991,-0.01102533374465588,-0.00887493320741059,-0.029820371775519446,-0.007752410435485072,-0.01622586677453075,-0.036243372616882034,0.01179636774124518,-0.0011000926220849515,0.005566912635188145,-0.041896785640771976,-0.012469496034150247,0.0061534105139401584,-0.010706347731493284,-0.46781940963519897
-0.01364869252051199,-0.015268887114471292,-0.024343281645577506,-0.020967462017323687,-0.006637091097501435,-0.0018184818543973745,-0.0012948165429821313,-0.010577990878384303,-0.0009795472799473898,-0.001662079725975947,-0.011870743274921101,-0.02586672957609829,-0.006368159058567644,-0.005871861722798808,-0.009444182446127916,-0.024595824230452625,-0.007599069277803107,-0.013828943325258912,-0.006864392439274093,-0.005040860747862267,-0.009243051388955857,-0.011863241245406098,0.0030475056650087627,-0.000843150477159254,0.001797554022860191,-0.014082756760047659,-0.007486116199375473,-0.0028519981872892437,-0.015197482890651095,-0.009048992274687452,-0.006586636206447789,-0.02572375363394195,-0.005376159658173242,-0.011658318308789753,-0.03666826721353663,-0.03810435633941207,-0.006145204358292467,-0.01938703847150148,-0.04615099043261508,-0.008088910452750366,-0.0006411681263934283,-0.009155486617178145,-0.4940071163309734
-0.01676487137722542,-0.019852237036567005,-0.02895939725787241,-0.024253190974045203,-0.008424965501153273,-0.002662603122127551,-0.002278595040219303,-0.012581822628851947,-0.0019657427402625153,-0.002624382244668647,-0.015122762908419907,-0.03551233605704971,-0.008688678220326516,-0.008456430704169493,-0.01482646748264722,-0.03219920893826467,-0.01008059402630827,-0.01793452277024637,-0.00870087071775176,0.00919648917511502,-0.015190682417435547,-0.00988310966900263,0.0032006757586265254,-0.00289287477320165,-0.0039839263268280686,-0.01380674995664062,0.004542797156607245,-0.005788604792473233,0.009274038082231565,-0.012794127081380169,-0.009689150610644017,-0.027835962853782578,-0.00849724961660895,-0.017117143871940316,-0.03352067528086267,0.011006703077961913,-0.0012539427975160047,0.008505344054616785,-0.04076611848171213,-0.012496130288355521,0.0025976356830871173,-0.005665195425904711,-0.4447476410042198
-0.013649696961099734,-0.015302003611900948,-0.02436539622761962,-0.020875653602716236,-0.006635829622769731,-0.0018133926989056203,-0.0012939271717223896,-0.010577424229772588,-0.0009901602009769847,-0.001662079725975947,-0.011757235973856127,-0.02589157835998617,-0.006368704450834066,-0.0058742487134447186,-0.009257544325671422,-0.0246034941910995,-0.007601141993770235,-0.013742608111256776,-0.007778654848673685,-0.004888971364807619,-0.009178118865879357,-0.011836815353524077,0.0030610866031696,-0.0009191795512901655,0.0016440791812184702,-0.014084455810200687,-0.007514209890392048,-0.0029020062044671606,-0.0153290259329739,-0.009048992274687452,-0.006616396237324098,-0.025713248007123414,-0.005382126701289052,-0.01168546772476636,-0.03658344939893989,-0.03810435633941207,-0.006153430158049633,-0.01910040753803564,-0.04614449838867184,-0.008062029479568598,-0.0005795584409882987,-0.009158046638937677,-0.4943203995389934
-0.013686867533873298,-0.015330912602570742,-0.024587248371451136,-0.021299182110906627,-0.006744737510439159,-0.0018225926324555411,-0.0012897250890865127,-0.010598413745861103,-0.0010028762519676854,-0.001658304907724645,-0.012010386562940765,-0.02591092654298025,-0.0063657693750418295,-0.005887009791554914,-0.009533736548652656,-0.02459185570847851,-0.007626648038227246,-0.0138106218491719,-0.005279264933166855,-0.0044371904219541874,-0.009177220786019617,-0.011979116500358607,0.0027296761569200107,-0.0007600161581310642,0.0016565422597859274,-0.013852314784267038,-0.0077606898788332304,-0.002907951743950905,-0.015461149157735554,-0.009046075744145544,-0.006607423603574673,-0.025883748605950222,-0.005484707788936641,-0.011754935387355534,-0.03666842106578198,-0.038566484782886025,-0.006495759562084302,-0.019525388885695067,-0.04642032354381148,-0.008639615958557296,-0.0006214917092035362,-0.009227698914418426,-0.4959285866734964
-0.015084563161913206,-0.017068728591739975,-0.028245875858519,-0.02313034450991012,-0.0072712182321914695,-0.0018881344601822793,-0.0014563891037613398,-0.011228286237880894,-0.0010867951928525662,-0.002096410369473695,-0.012883498619311571,-0.02754384087935126,-0.006692047268980027,-0.006567287540980389,-0.009638945948131715,-0.02660904597652754,-0.0076973481069864055,-0.013950084373378824,-0.00900079221171564,0.014164075417661074,0.004735907532892907,0.000608884008985691,-0.0090634641898392,-0.0018367787159743046,-0.002206877071728895,-0.013930226085105421,-0.00802636912277269,-0.0020527165041032236,-0.017155752481409582,-0.01003708530087255,-0.006873209199449044,-0.020641813376763612,-0.005965393903523818,-0.014296598512155053,-0.04044815430617767,-0.036348274438088815,-0.0012134465108782722,0.007947426747742781,-0.04378308977976605,-0.007407086937980995,-0.0005989200774616265,-0.009176003169046341,-0.45274460261960264
-0.013670754229519811,-0.015254203314393325,-0.024595991609709208,-0.020981652629878247,-0.006636468327579009,-0.0018133926989056203,-0.0012925458892982218,-0.010598413745861103,-0.0009871893284903398,-0.0016617071246442404,-0.011947456938243077,-0.02588360446115207,-0.0063657693750418295,-0.005857866100906849,-0.009747276855294942,-0.024530657582033256,-0.00759927935529622,-0.013758011459869284,-0.0068763668311484704,-0.0035649604566619316,-0.008947588658470297,-0.012020075932417206,0.002876508478442981,-0.000912253256267523,0.0016364495196392749,-0.014073342973433569,-0.007537892541028408,-0.002884316013706984,-0.015370931341114665,-0.009046922170599566,-0.00659058946561892,-0.025830007633949978,-0.005282976492680241,-0.011682274464917493,-0.03665477840273785,-0.038164317472486796,-0.006252363974780735,-0.01949444551199687,-0.046660264502384835,-0.008065223223787613,-0.0005819006468032529,-0.009157324543965851,-0.4943203995389934
-0.015478289471820946,-0.016385210909017987,-0.02863116289623995,-0.022925847278416366,-0.0074327720241795965,-0.0021160864060217146,-0.0013130105100708966,-0.011124289280537224,-0.0010710496770025956,-0.0020515684123688076,-0.013315251037299877,-0.028449928293435057,-0.007145370703979661,-0.006393369776947127,-0.009998130088402644,-0.026255478253770836,-0.008279365024959535,-0.015365313144826415,-0.00976841852046577,0.014986815629579866,-0.010485586299366958,-0.0007059326042690371,0.005728307033339863,-0.0017030103751911536,-0.0016166154143850563,-0.014316760188459251,-0.008009922495239432,-0.0037318327671858275,-0.012120575096883461,-0.010546803875325,-0.007677523829970562,-0.025077961222419582,-0.007325035276498434,-0.014874167885745262,-0.03627791273936376,-0.03371560159624667,0.003852463488063096,0.008038726484321839,-0.03821899626903966,-0.00990514797533591,-0.001964029302548305,-0.009314983246697422,-0.4484819975346291
-0.016276741527219318,-0.016957890670387027,-0.027041734234182567,-0.024087073937068833,-0.00872860594818284,-0.0024645571973786196,-0.0015475144264649277,-0.01148239356491821,-0.0017254152707894546,-0.002274427072792332,-0.01407446538969096,-0.030338292245816446,-0.006965398443513993,-0.006564596491562661,-0.01214458909048214,-0.03065236193205165,-0.008462753405212506,-0.018731497196882965,-0.010252535914308131,-0.0057163057666201784,-0.012929487322255774,0.00034909261112706265,-0.00536056431448868,-0.002267207342289387,-0.0028056158444339234,-0.01611511691598945,-0.008334878016683206,-0.003668290663212377,-0.015673672362611725,-0.011446207133881838,-0.00875658949980559,-0.02688380603023559,-0.006186407819933293,-0.01394153564320007,-0.04027760185088904,0.010799850052512668,-0.002285785039052321,0.004396360031733991,-0.044477133245319954,-0.01120742336519681,-0.003850081880067634,-0.011251380638985838,-0.48866263195868453
-0.017348918534132035,-0.018100606467775136,-0.02895619363182195,-0.02448873620390333,-0.008320253009471324,-0.00264254555395553,-0.0015783786261987197,-0.011677287390383305,-0.0018192389920580422,-0.002091129616792235,-0.014221455225270147,-0.031631084506596005,-0.00765226352812601,-0.006733921749355221,-0.012257934819692527,-0.0314225987151229,-0.009096636839431642,-0.018324394196870777,-0.009230759497730055,0.006433413320962692,-0.01449727273905449,-0.012067858364359339,0.004631994433198247,-0.003342284944193281,-0.0032743900600619405,-0.015535959064200402,-0.010230639153060399,-0.004388845513960608,-0.003759969003749444,-0.01188597337291717,-0.008964712716501703,-0.029322978093381497,-0.00752251891307995,-0.016933402372254956,-0.03675773860884482,0.010627377432268582,-0.0017773693754882822,0.004406228284357659,-0.04120049588461556,-0.01261519242139533,-0.0006642354321147349,-0.009838668257378523,-0.47607582792451214
-0.013660599798358215,-0.015320140134207369,-0.02460512370824044,-0.020884695560977294,-0.006676842765606568,-0.001814541835354237,-0.001294160141905159,-0.01063991521766593,-0.0009980418920387327,-0.0016597460950290106,-0.011789207558281084,-0.02592134262678501,-0.0063869256894823895,-0.005896147277878388,-0.009350300941729634,-0.02457540580555197,-0.007631446452681266,-0.013449213783550266,-0.007821170345854634,-0.004335774003611196,-0.008978124797478,-0.011970929459921974,0.00304543218317518,-0.0007927497607851712,0.0018623658277308692,-0.013934949957839792,-0.007631680616344513,-0.003010253281579071,-0.015233290208456719,-0.009077591346097643,-0.006591363924550239,-0.025937657929913684,-0.005405144916392441,-0.01162235169042613,-0.036719055326123316,-0.03773768907323225,-0.006627442720081804,-0.01931079522104146,-0.04591272163754673,-0.009651496773301571,-0.0006439356354731756,-0.008950036149803275,-0.4955422040502717
-0.015122307784126321,-0.016227757022329377,-0.027017188096481168,-0.02237748060944167,-0.008486125920104726,-0.002526901427564339,-0.0014371132453982153,-0.011281307947264424,-0.001776341547481307,-0.00215067934701552,-0.014058503976867387,-0.029706728914350087,-0.007666811223016143,-0.007130507015769097,-0.011391523388068524,-0.030052821009900435,-0.009133956349855392,-0.017313948612299537,-0.011070921512755265,-0.006617184209793526,-0.012520058446578069,-0.015279601893898457,-0.006258592870610945,-0.0038228566539340665,-0.004013520264681284,-0.017565385111061472,-0.005916850407320151,-0.004234473420847076,-0.015205174551278974,-0.010639109553551282,-0.009992803215967988,-0.029410040279367715,-0.004684454030883178,-0.013755071295164026,-0.03905799720637789,0.023997326884127344,-0.009439600795810885,0.0028005467699124247,-0.04377358446468105,-0.011811526756347494,-0.00015579429706349339,-0.009861623264732727,-0.49314635428600084
-0.016135946168741984,-0.01862586040239693,-0.027985459565441913,-0.021927967370180934,-0.008136293484392204,-0.00243633114579,-0.0015164425919880393,-0.011991290955437802,-0.0018377347800508626,-0.0024312094316332597,-0.01418347158580352,-0.032043215196688776,-0.007729320393069708,-0.006765796895914618,-0.011453439770395892,-0.029440113580271213,-0.008683008146957619,-0.018277166951801455,-0.010448521294389581,-4.617209036201346e-05,-0.013824569411198551,-0.013547216559490498,0.0011466521202141244,-0.0029307279329963353,-0.0032996357123770805,-0.017300328800559685,0.0005280119284127239,-0.0043758929498582755,-0.016791506032910575,-0.010996111996344789,-0.009350651289246429,-0.02837155682438818,-0.006586465570078475,-0.012252167650268351,-0.03806375665715699,0.01361134406750668,-0.007425865362717776,0.006470997346095269,-0.04797141685463899,-0.011278596722672554,-0.0037951766334300705,-0.009768141061321171,-0.48826754036113434
-0.015125999972789479,-0.01612583626921936,-0.027022583107009047,-0.02255784417817988,-0.00849040437255237,-0.0024785655566105535,-0.001459083178544189,-0.011177966617605187,-0.0017999449012348796,-0.002083641026753889,-0.014090560323306984,-0.029688765925911145,-0.00771584722572629,-0.007148140828440834,-0.01144107122584012,-0.029958260970199418,-0.00900413726889492,-0.0177531311843735,-0.011074760541059563,-0.004129699564416086,-0.013284641199669291,-0.015475658111423202,-0.006118868494215573,-0.0038009976421888385,-0.004209274700971552,-0.01796514783965646,-0.006972986983085122,-0.0037997749284013034,-0.01543586185080652,-0.010429689584476603,-0.009418664219557619,-0.0296149812411843,-0.004579686943476883,-0.013814798519912222,-0.039053467028285334,0.024017927095377267,-0.009847924744556494,0.002894183267926697,-0.044408714345540216,-0.011662707819505744,-0.00036238243984084654,-0.009841488849906438,-0.4935118513620243
-0.01549335816095993,-0.01761029938621588,-0.02737387185373196,-0.02370976894931086,-0.008350770213148137,-0.002450822434910294,-0.0014453688437154777,-0.011352297868618105,-0.002329670103487904,-0.0024316137509042576,-0.013663610362854297,-0.03146737161128153,-0.007779190100779646,-0.007293210489766967,-0.012521783866571878,-0.031223767108082712,-0.009303841608879164,-0.017213342891014945,-0.01184875405456845,-0.0005234971917253072,-0.013753833592736473,-0.015681444225349596,-0.0062770288652307495,-0.003786676557670355,-0.003994650634327598,-0.0180635719680704,-0.002727497885433002,-0.0045101514631307625,-0.01705112893648243,-0.010264046741164224,-0.009727736016026814,-0.02881008136884235,-0.004468770829168044,-0.014704073582972219,-0.038500494799862006,0.02411765660287067,-0.0028363618107487107,0.0043937339637908504,-0.045382565229055975,-0.011943478973511626,-6.428107672772526e-05,-0.010152784657643634,-0.4895754794980209
-0.015623126775613002,-0.016359446991434774,-0.02654215937269179,-0.021838683659608372,-0.008192066609088262,-0.0024093814770300872,-0.0014526061215821963,-0.011001926412014404,-0.0019397671477854508,-0.0021191102228179555,-0.0135077937071802,-0.029206267524741873,-0.007329802196470498,-0.006984009851000034,-0.01098973485559472,-0.029633239475072466,-0.008775851810813088,-0.018293970929325377,-0.012472851778039256,0.0018482996924954482,-0.01431915720927991,-0.016014401781477044,-0.0059946799656949165,-0.0038435829061529195,-0.004200873703593808,-0.017988857950744803,-0.004050855833208195,-0.0038838636404532573,-0.016807612896434756,-0.011174039412798053,-0.008775611341940989,-0.029939926485098696,-0.004890558881289274,-0.01399600045687166,-0.04017759720776022,0.02416127663622476,-0.009314570551352807,0.0036194692577309574,-0.04577903992973979,-0.011532093144835897,0.00024987339119244027,-0.00969561467115957,-0.48717181591014685
-0.015178350707431352,-0.01661834742958165,-0.027228494772711838,-0.023738406615438835,-0.00848799012351902,-0.0024785655566105535,-0.0014562651227746158,-0.011183785212390059,-0.001797802937677334,-0.002085703433079385,-0.014117883359591622,-0.03016316007270083,-0.0077014827061106985,-0.007108983717432372,-0.011377030005183317,-0.030715296438756166,-0.008983187021131857,-0.017356884873718247,-0.011023995292897791,-0.003927274375986865,-0.013500185774350628,-0.015415315176262346,-0.006201811206606322,-0.0038517305923675125,-0.004196400396416541,-0.018052463056583534,-0.008523820938058183,-0.003896607773420287,-0.015516880465277147,-0.010566447106924129,-0.009410296747856988,-0.02951334810803953,-0.0044363548320269265,-0.013607733939025294,-0.03923101245383999,0.024655750699073234,-0.005825722803804457,0.0029726725809452407,-0.044485475037500645,-0.011655132736288558,3.054582051445508e-05,-0.009824197391137037,-0.49278085720997755
-0.014892793392636874,-0.016489126930995815,-0.026561188080566893,-0.02294559852701779,-0.008170674655272946,-0.0023011537125059876,-0.0013716275072106847,-0.010838061064753967,-0.001754090741973457,-0.002116741271043059,-0.01373768994430503,-0.029847362705574112,-0.007357212978828697,-0.006914303620056297,-0.011815029936705987,-0.030088277021943378,-0.009276922741038154,-0.017265206139351612,-0.010792377070728455,0.004981510225665297,-0.013330264477740321,-0.015490913386508206,-0.005688032439197773,-0.00482272146121134,-0.0043577326261202785,-0.01727014763302813,-0.00814222902871006,-0.004008623349934885,-0.015494779902429956,-0.011568490460888824,-0.009854584153003502,-0.029981527437021416,-0.005482301680561398,-0.014548687049993674,-0.04022591888992649,0.030005560380904184,-0.0003931701076613286,0.000907252741651008,-0.04363861817142906,-0.011832681329613001,0.00191249205868053,-0.010522488795014792,-0.47338253501560257
-0.015172001970757791,-0.017496052919504936,-0.027215594109720704,-0.0228086555289261,-0.007552502867280751,-0.002084137762258132,-0.0013874791280904608,-0.01124174522063424,-0.0009917871746396296,-0.0017088009819308226,-0.014336319789318491,-0.02785760986250157,-0.007253932269491507,-0.0064806925368618975,-0.010402343932805638,-0.02806079566864934,-0.008336312815108495,-0.013751714838214796,-0.010289950359309546,0.009096461371912239,-0.008637478023710272,0.0052402483540041804,-0.004366757438445689,0.000214574716580324,-0.0021647975381124105,-0.015472672513304501,-0.00805286316646835,-8.79452075371637e-05,-0.01627742554440291,-0.009641747004388723,-0.007937571320782787,0.004899143516403145,-0.005043253325584805,-0.015397729709677354,-0.03810588284692133,-0.03448893117876404,-0.0011824028818446164,0.007213966180848226,-0.04287242623572384,0.0003280364966223693,0.0011398897479479547,-0.010966632264481,-0.42699262555183626
-0.014599919704134469,-0.01755274433815568,-0.024710891669071387,-0.02274960613887587,-0.006668303616851558,-0.0018757669910321004,-0.001420580364950487,-0.0106038057502354,-0.0013632801103661964,-0.0019055719445878574,-0.011727933130455104,-0.028158885677054917,-0.008201282520153726,-0.006349472175968497,-0.011123865422485207,-0.02542227809510546,-0.00859802985622177,-0.014352287417857188,-0.010115644559545417,-0.0024689561576965737,-0.01036231691826034,-0.0065462769162483786,0.002611555711726993,-0.0020183285795392627,-0.0029175164228404417,-0.014010258269189196,0.0032396324829539495,-0.004488739350731468,-0.017558216745163766,-0.009305953858877744,-0.006700870528829201,-0.024117221102592942,-0.0021842839034725736,-0.012504320202696364,-0.03360073069377989,-0.0450185582774652,-0.0028785801220318824,-0.02145712490314982,-0.04144314823768274,-0.0014414015248054711,-0.0020775545932234297,-0.009775585258635712,-0.4945249038553398
-0.014598127530059632,-0.017554517221838466,-0.02461103350896438,-0.022734435794974504,-0.006668303616851558,-0.0018757669910321004,-0.0014238399381926255,-0.010740062763646885,-0.0013632801103661964,-0.0019055719445878574,-0.011727933130455104,-0.028091465715013007,-0.008201282520153726,-0.006349472175968497,-0.011123865422485207,-0.02542227809510546,-0.008580296511870339,-0.014352287417857188,-0.010139852895437923,-0.0024689561576965737,-0.01036352212527462,-0.00668592625354549,0.002514808609969981,-0.0020183285795392627,-0.0028013745503935646,-0.014010258269189196,0.0032396324829539495,-0.004488739350731468,-0.017554850146568428,-0.00930115508694933,-0.006557921493174472,-0.0244748357310502,-0.0021842839034725736,-0.012504320202696364,-0.03364870606970292,-0.04544574611540187,-0.0028785801220318824,-0.021491792152246628,-0.04144314823768274,-0.0022632133809452554,-0.0020775545932234297,-0.009687546841185004,-0.49605999157463804
-0.014270997085971312,-0.01712917158882484,-0.024339328504924946,-0.022020671743030757,-0.006667196872429389,-0.0018769068450497062,-0.0014245926703815206,-0.01073092639764296,-0.0012740876578293525,-0.001915722386810581,-0.011632755599843754,-0.028103489489832257,-0.008073351687695112,-0.006326759768465061,-0.010920187152318395,-0.025215620202707338,-0.00853141669093635,-0.014218492381869646,-0.010135380922975619,-0.0024642824931015994,-0.010201070499993746,-0.006369676981099165,0.002496504205641825,-0.002008156846317552,-0.002794342912723522,-0.014273616739367279,0.0032310149274423256,-0.004265360161203683,-0.017576204662389183,-0.009290963416881124,-0.006706528522475283,-0.024571505288754476,-0.0022031257451175226,-0.012470730110773829,-0.03361907137390309,-0.04521632138600905,-0.0028920442034192787,-0.021700645704771336,-0.04038388649703312,-0.007616777076110337,-0.0020770798146674675,-0.009688839058161793,-0.4974697660107282
-0.014270997085971312,-0.01712917158882484,-0.024339328504924946,-0.022020671743030757,-0.006667196872429389,-0.0018769068450497062,-0.0014245926703815206,-0.01073092639764296,-0.0012740876578293525,-0.001915722386810581,-0.011632755599843754,-0.028103489489832257,-0.008073351687695112,-0.006326759768465061,-0.010920187152318395,-0.025215620202707338,-0.00853141669093635,-0.014218492381869646,-0.010135380922975619,-0.0024642824931015994,-0.010201070499993746,-0.006369676981099165,0.002496504205641825,-0.002008156846317552,-0.002794342912723522,-0.014273616739367279,0.0032310149274423256,-0.004265360161203683,-0.017576204662389183,-0.009290963416881124,-0.006706528522475283,-0.024571505288754476,-0.0022031257451175226,-0.012470730110773829,-0.03361907137390309,-0.04546604330537117,-0.0030286935215638163,-0.02175287095849275,-0.04038388649703312,-0.007616777076110337,-0.0020770798146674675,-0.009688839058161793,-0.49790836250195625
-0.014028924781685445,-0.0171836866587334,-0.024311128863857678,-0.022007783594900333,-0.006676662052782679,-0.0018831605264103086,-0.0013671354894242208,-0.010711917387337403,-0.0012746392096848285,-0.0019183967611408714,-0.011538087058404025,-0.028269720911751516,-0.008363946116327802,-0.006274318428831999,-0.010747774840996658,-0.02562209709319123,-0.008634759238365092,-0.014616046261649095,-0.010225702757394234,-0.0025749548707107483,-0.010353225494660515,-0.002940353896460428,0.002635605656256362,-0.002041741208860333,-0.0028020769187050384,-0.014971095825338999,0.003134519021875909,-0.004126172785221642,-0.01777354105141867,-0.009551584093463397,-0.00677247379743767,-0.024978000501074567,-0.002995581654721826,-0.012547042937677139,-0.033538042074515856,-0.04421823331377355,-0.0032189736716670566,-0.02183358453866684,-0.04146163365002063,-0.008260945295017053,-0.0020868486955639563,-0.009945060123705737,-0.4988769297534182
-0.014028924781685445,-0.0171836866587334,-0.024311128863857678,-0.022007783594900333,-0.006676662052782679,-0.0018831605264103086,-0.0013671354894242208,-0.010711917387337403,-0.0012746392096848285,-0.0019183967611408714,-0.011538087058404025,-0.028269720911751516,-0.008363946116327802,-0.006272446082052532,-0.01074317730832637,-0.02562209709319123,-0.008634759238365092,-0.014625857560887637,-0.010225702757394234,-0.0025749548707107483,-0.010353225494660515,-0.002940353896460428,0.002635605656256362,-0.002041741208860333,-0.0028020769187050384,-0.014971095825338999,0.003134519021875909,-0.004126172785221642,-0.01778335235065721,-0.009551584093463397,-0.00677247379743767,-0.024978000501074567,-0.002995581654721826,-0.012547042937677139,-0.033538042074515856,-0.04421823331377355,-0.0032189736716670566,-0.021843395837905386,-0.04146163365002063,-0.008260945295017053,-0.0020647159031757464,-0.00994422889782807,-0.4988769297534182
-0.014038459831975313,-0.017185632252122586,-0.02430166184197261,-0.022008648126809985,-0.006676870479296706,-0.0018831605264103086,-0.0013671354894242208,-0.010720311724939311,-0.0012746392096848285,-0.0019198674681693668,-0.011537755857879027,-0.02827123366440933,-0.008372477454176783,-0.006274318428831999,-0.010734723274029884,-0.02562209709319123,-0.008634759238365092,-0.014616046261649095,-0.010226763323147751,-0.0025749548707107483,-0.010353225494660515,-0.002940353896460428,0.0027102418818765826,-0.0020416189177751695,-0.0028020769187050384,-0.014851614446418832,0.0034022788259059134,-0.003883930231543884,-0.0177475119125852,-0.009541658192485805,-0.00677247379743767,-0.024978000501074567,-0.0030350010675950735,-0.012460640575998772,-0.033481565824350745,-0.044187777721051,-0.0032189736716670566,-0.021683980955376724,-0.04147767587292383,-0.00827587187057611,-0.0020816378190671434,-0.009945502250987795,-0.497890087648155
-0.014025300433988903,-0.01713766861492698,-0.024308326576957643,-0.02200273891450926,-0.0066742042892601085,-0.0018923604599602295,-0.0013671354894242208,-0.010720311724939311,-0.0012746392096848285,-0.0019198674681693668,-0.011547219169804461,-0.02829433380346312,-0.008372477454176783,-0.006274318428831999,-0.010736707747839521,-0.02562209709319123,-0.008634759238365092,-0.014629205525463346,-0.01025763883497409,-0.002559466664868573,-0.010342786636687622,-0.0028764846375302555,0.0027102418818765826,-0.0013602161457865753,-0.0028020769187050384,-0.01462505170162114,0.00341776703174809,-0.0038820579417452278,-0.01776599592367265,-0.009542136816917455,-0.006866273320320374,-0.02507147273664667,-0.0030350010675950735,-0.012470386048641558,-0.033109613103577296,-0.044187777721051,-0.0027018855025166253,-0.021683980955376724,-0.041468694785813,-0.008421216003035737,-0.00196397235864755,-0.009945502250987795,-0.4962453508060497
-0.014028924781685445,-0.017185632252122586,-0.024311263165126804,-0.022008648126809985,-0.006676870479296706,-0.0018831605264103086,-0.0013671354894242208,-0.010711917387337403,-0.0012746392096848285,-0.0019198674681693668,-0.011538087058404025,-0.02827123366440933,-0.008363946116327802,-0.006272446082052532,-0.010730125741359594,-0.02562209709319123,-0.008634759238365092,-0.014625857560887637,-0.010225957421658455,-0.0025749548707107483,-0.010353225494660515,-0.002940353896460428,0.002635605656256362,-0.002041741208860333,-0.0028020769187050384,-0.014851614446418832,0.003301876103034679,-0.003920952983588165,-0.01775732321182374,-0.009551584093463397,-0.00677247379743767,-0.024978000501074567,-0.0029961987034827333,-0.012460640575998772,-0.03356936838309074,-0.044223994571605994,-0.0032189736716670566,-0.02184700101400225,-0.04146785989403783,-0.00827587187057611,-0.0020647159031757464,-0.00994467102511013,-0.49832868413938314
-0.014015765383699036,-0.01713766861492698,-0.024327612172837975,-0.02196216917679829,-0.0066742042892601085,-0.0018923604599602295,-0.0013671354894242208,-0.010711917387337403,-0.0012746392096848285,-0.0019198674681693668,-0.011547219169804461,-0.02829141345094762,-0.008383676876892412,-0.006274318428831999,-0.010736707747839521,-0.02562209709319123,-0.008634759238365092,-0.014629205525463346,-0.01025763883497409,-0.0025473967198520464,-0.010342786636687622,-0.0028285278318562635,0.002700373363740193,-0.0013602161457865753,-0.0027900069736885107,-0.01413166849633675,0.003416513628572982,-0.0033566733303823566,-0.01776599592367265,-0.009551235695616412,-0.006866273320320374,-0.02507147273664667,-0.0031969959174911527,-0.012470386048641558,-0.033100634596130565,-0.04383079219156661,-0.0027018855025166253,-0.0216702808590638,-0.041463217786624,-0.008558347933553631,-0.00196397235864755,-0.0097624807397853,-0.49487473677096205
-0.013708472105357403,-0.018031649297042502,-0.02627174655450574,-0.022781175384796785,-0.006705984188562905,-0.0017917609281746865,-0.0013335428347569804,-0.010899606323369787,-0.0012169375987955374,-0.001912640021849509,-0.011864703876661633,-0.02845542344922986,-0.0083111369366087,-0.006655659813738429,-0.011006241945254274,-0.026015593786372977,-0.007822251831385732,0.0060646325107658805,-0.007221207166791269,0.011440395013064689,-0.010318379336563727,-0.008570754077172775,-0.0022735009745399348,-0.0009550398618909699,-0.001348119683388859,-0.01230920578120766,0.005665075755085397,-0.004166733636117415,-0.019203236555833954,-0.010802446141674865,-0.006962155083350116,-0.024736074284315825,-0.005053253247710527,-0.00920191083928359,-0.03200812135150788,-0.03739408839871794,-0.0005689730936019381,-0.021354335696793746,-0.04277523168392881,-0.008894195376903166,0.004847872644885618,-0.009468243359551654,-0.45235175658350846
-0.015286468657508163,-0.017970655921158745,-0.026002659399706803,-0.024047569204685836,-0.006596589487788412,-0.0021566636975243513,-0.0015650020499613075,-0.010434122864984444,-0.0013068245335114464,-0.002140814507988407,-0.011593574574432176,-0.027832377046144545,-0.0076927720862920105,-0.006800135054988393,-0.010740176872227744,-0.025243400752269222,-0.007601976954091212,-0.014798468447672882,-0.009399748640510169,-0.007000902681864395,0.0026482940500550103,-0.006171077375203773,-0.005920306739030436,0.0006694304131005935,-0.0011738343430995014,-0.01156929732738449,0.004531676963039165,-0.0019855837914508744,-0.01860795949303015,-0.004391110181598427,-0.001318402869954687,-0.02083507709126587,-0.002894564862495279,-0.010563574811667715,-0.032446910797793126,-0.052882294406772716,-0.0009897895297526719,-0.02191944305750141,-0.02993515185863794,0.00463045098053743,-0.0023434550818463616,-0.008670985664821213,-0.4583498703118851
-0.014160725541161557,-0.018260767001556835,-0.026573082199575725,-0.022800077956254983,-0.007286084703824597,-0.0018546345055749514,-0.0013142088905141517,-0.011008137395601376,-0.0012010310737413325,-0.0020962243645578273,-0.011914280622128464,-0.0279539144122395,-0.008552913086668987,-0.006858219271918735,-0.011074150773064815,-0.02660479839438365,-0.008172643094018682,0.008657173997509057,-0.007993134525452724,0.007709306707320462,-0.010498021789553494,0.0008485526333573229,-0.0005452366847868613,-0.001285482376546513,-0.0019295056835870812,-0.013323074476700938,0.004938161995165214,-0.0047968060970195745,-0.018875545827878776,-0.011609694490591562,-0.007295009022394567,-0.025279617343747136,-0.006686644848310601,-0.009845904472341696,-0.0333367044972985,-0.03963920087809219,-0.0021526345256310444,-0.02212551260126495,-0.043573496882411904,-0.009898304994796402,-0.001620934225498346,-0.010206758742230496,-0.4680499229395695
-0.015323830416876176,-0.017963407430999487,-0.026010174230005147,-0.024027522925877225,-0.006515591691866157,-0.0021561077671132245,-0.001563361786915606,-0.010435942973925928,-0.0013069185295182635,-0.0021385547696858385,-0.01145178938606014,-0.02805294171609729,-0.007690779859152758,-0.006769279297898554,-0.01079928776452038,-0.025643789277482808,-0.007610224458842211,-0.01479902977490609,-0.00966792379044596,-0.0068765008991508,0.002633603408409841,-0.006077379274032756,-0.005022287468408392,0.0006845429503313346,-0.0011101088729085031,-0.01166851050236422,0.0045460014857171575,-0.0019855837914508744,-0.018615088558629023,-0.0043743746062519795,-0.001301291145260047,-0.0208912626390722,-0.002888642051227358,-0.010465150800764607,-0.031940533803420636,-0.05320016963723824,-0.0006856756191232436,-0.02209773366697098,-0.02957074115033958,0.004689740014678644,-0.002069845614085242,-0.00881398534706772,-0.4570274354368187
-0.014149490349565539,-0.018295851506040326,-0.026859201085331814,-0.022800680722137683,-0.007286084703824597,-0.0018422861578666191,-0.0013142088905141517,-0.011008137395601376,-0.0011960960071416538,-0.0020962243645578273,-0.01194405017833528,-0.027940773296225425,-0.008556865938784042,-0.006872694651313584,-0.011149140902993196,-0.026548425212148972,-0.008172643094018682,0.00786490399264802,-0.007950523316198254,0.007273853024027223,-0.01056036461886333,0.0007128427789430172,-0.0006661390652577209,-0.0014390992443654514,-0.0019382355553594353,-0.013721920097268992,0.004937065503937145,-0.004797760278661362,-0.018835363112885035,-0.011604931483366757,-0.007295009022394567,-0.025284773390432645,-0.006789093336052085,-0.010157878732127824,-0.034280062188625816,-0.039553429890940704,-0.0021087097319409075,-0.022329467385568708,-0.04333716882073464,-0.009920799841647034,-0.0016263404519085538,-0.010196627181087263,-0.4716378859025325
-0.014847855946326769,-0.018131572025421136,-0.02559140193326516,-0.023577951587716216,-0.0064887554043123645,-0.001714218783570748,-0.00151116840502367,-0.010495895559769621,-0.0013469957446178322,-0.002129599129681951,-0.012422514256769735,-0.028476121675180575,-0.007833730080451413,-0.007014667797785971,-0.011040761534733748,-0.026728778023494798,-0.007762697994442704,-0.013224539833562527,-0.0093183069012814,-0.006941386422969954,0.0021985216970522472,-0.00616666681427332,-0.0030892939833885554,0.000995770904246899,-0.0018849728907529275,-0.013956881263716019,0.004221649490328896,-0.003042531681761938,-0.018437319556402855,-0.004509963324630405,-0.0012176732405937433,-0.021881547325170538,-0.0032599090864450617,-0.010606978095330835,-0.03663714779247154,-0.05278961483995551,-0.0007936077541108054,-0.022088713446649467,-0.03980484652588496,0.0025995135931726598,-0.0011473923883287154,-0.008237447298330017,-0.47613597066377483
-0.014149490349565539,-0.01836245022556374,-0.02684635515815638,-0.022800680722137683,-0.007286084703824597,-0.0018422861578666191,-0.0013142088905141517,-0.01097803428536282,-0.0011960960071416538,-0.0020962243645578273,-0.011948224073255251,-0.027882843255462798,-0.008551604440311182,-0.006872694651313584,-0.011149140902993196,-0.026539375380114326,-0.008172643094018682,0.00786490399264802,-0.007991388692227926,0.007422445220683537,-0.01056036461886333,0.0007247352456221915,-0.0004920718272465207,-0.0014441734205675732,-0.001935692059205014,-0.013721920097268992,0.00494845501712742,-0.004790045835248708,-0.01887078282065397,-0.011607490337807598,-0.007295009022394567,-0.02521568298789373,-0.006697124581481891,-0.010085483423468971,-0.03426779831695561,-0.0395059564799095,-0.0021087097319409075,-0.022329467385568708,-0.04341345390453326,-0.009898304994796402,-0.0016548639175638744,-0.010175958646821465,-0.47108964028849737
-0.01619108724932849,-0.01656305158302219,-0.0285532761585915,-0.022983110545894206,-0.0066763013238806,-0.0015278281531145644,-0.001454383119086765,-0.010588246081396552,-0.001097009629087416,-0.0019148614225749261,-0.0125437852356835,-0.026294655660880243,-0.006860852659388263,-0.006382623690468747,-0.008997746968540424,-0.026249009398526493,-0.007097441327587954,-0.01473265183820942,-0.00981396492070593,-0.00197333998512928,0.003648788199563704,-0.016014783399587087,-0.008173269251510776,0.0008418088895905481,-0.002194311238048024,-0.013480488279536323,-0.010743883716389464,8.423551425696212e-05,-0.003769199562974896,0.006889293998773435,-0.005063563405076344,-0.02213919790081446,-0.005296740386860635,-0.014092303371223051,-0.04288881209364862,-0.04350209239219977,-0.007571446225406361,0.010281154909833017,-0.04317071177085701,-0.009396633259930542,0.0003423584620305593,0.0032907951103055004,-0.4506142281208071
-0.015203630120750568,-0.01798196814845068,-0.025588658450399752,-0.023578704505319112,-0.0064515058914685,-0.0017151246603212807,-0.00151116840502367,-0.010496751154519809,-0.0013149978444839203,-0.002129599129681951,-0.012391156716575792,-0.028581957931195223,-0.007837009552582229,-0.007010038168156342,-0.011034474633642401,-0.0267427185403353,-0.007736238376407526,-0.012607080516496177,-0.009308483953890221,-0.006919915218569993,0.002200703195219204,-0.006055510291966914,-0.002937028540777469,0.0009409412329979504,-0.0018755946582099104,-0.013959174814104379,0.004347368437990357,-0.003057906073892698,-0.018430405655978456,-0.004964144099257833,-0.0012200353102630598,-0.021978831973381567,-0.0030786423504627187,-0.010610077421287152,-0.03684734566157743,-0.0530734574631321,-0.0008874485594563836,-0.02199326589094517,-0.03991014830271543,0.002566027362704646,-0.0014113388455815718,-0.008198069552654366,-0.47657456715500285
-0.015523231962208648,-0.018254679503476652,-0.028420675673624916,-0.025220997462425673,-0.005791987451668797,-0.0018229160680037844,-0.0022952669177308243,-0.010967515494145898,-0.0008924001380379791,-0.0017565921891886313,-0.012548852398738122,-0.027129011308236115,-0.0068145843925823575,-0.005607699066307703,-0.010556000515718813,-0.02472750191087569,-0.007284655764584315,-0.0016903743353898811,-0.006270085738639724,-0.0053640773732222214,-0.0024963042923979656,-0.020193319365890586,0.0022637118768050993,-0.000825696687204573,-0.003513161749785679,-0.014596269345981766,-0.014418072123706516,0.0009420660385041403,0.013068756704078454,0.000999025043969825,-0.001635909033855836,-0.02312434855136855,-0.00444247799537665,-0.013115555821898769,-0.04392731115212594,-0.06027321515757747,-0.001874113362707296,-0.024830300351811156,-0.050623661735266764,-0.0011369693590704338,-0.003970853788342164,0.003922219133462245,-0.48274086674235506
-0.015389479238269483,-0.018252669103293186,-0.028326830329085725,-0.025193058463724247,-0.005791987451668797,-0.0018229160680037844,-0.002074867162728057,-0.010967515494145898,-0.0008924001380379791,-0.001553486625295419,-0.012548852398738122,-0.02690409658459684,-0.0068145843925823575,-0.005607699066307703,-0.010556000515718813,-0.02472750191087569,-0.007284655764584315,-0.001120004863506432,-0.006311636949657997,-0.005362924190063709,-0.002519462589784579,-0.02000532745329363,0.0021990671951764252,-0.0008309955290805045,-0.003513161749785679,-0.01398416994378579,-0.014418444236996278,0.001210721298697285,0.014443116907139853,0.000999025043969825,-0.001635909033855836,-0.02320293854487082,-0.004422385804200128,-0.013115555821898769,-0.04327012527457817,-0.06005407162515412,-0.001874113362707296,-0.024830300351811156,-0.05020148034537919,-0.0011369693590704338,-0.003970853788342164,0.003922219133462245,-0.47771528194703344
-0.01563025383299746,-0.018007127311252043,-0.027635808384015345,-0.02531967971018924,-0.005566636911183183,-0.0018223629286152256,-0.002300510385549852,-0.009902824579216407,-0.0008746178055319958,-0.0017226371641742178,-0.013010975977089495,-0.027170889913924315,-0.006722014301797882,-0.005446256994117381,-0.010208162316755125,-0.02464617490204007,-0.00727804139758664,-0.001983866666559296,-0.0070418065328120005,-0.005197934355062099,-0.002047535830605837,-0.01795189995110995,0.0024405456611614573,-0.0003703002004348611,-0.0031257658549776256,-0.01540732630393668,-0.014461716636832687,0.0013196449296505124,0.009797477156791676,0.0018728491839572368,-0.0014238579177632581,-0.023244791440576503,0.0025464242374583696,-0.01242323216416025,-0.04415685275666081,-0.06023712557286441,-0.0016104648310775451,-0.024638416714256196,-0.0500932290047522,-0.0011054119299251787,-0.004084086171882083,0.0035666063784138688,-0.4723270481048522
-0.015798153780280037,-0.018372520609119206,-0.028089392266565826,-0.025639904649219447,-0.0057216903870652295,-0.001855380382099885,-0.0023002568435204138,-0.01017215921428552,-0.0008844249369406626,-0.0017572305987900432,-0.013107430373695765,-0.02746516920956948,-0.00682002739015054,-0.0055703222075205025,-0.010474431537401532,-0.024933152112380556,-0.007262130935752819,-0.0022016452538954154,-0.007056110118781536,-0.00539668742157551,-0.0028795742788230495,-0.020279795748041018,0.002167673809186841,-0.00095261382257665,-0.0036469037247916533,-0.01548386407435795,-0.014205541982560339,0.00024539252648064026,0.009006104040899486,0.0007953148360313178,-0.0015632962387956402,-0.022787620207334113,-0.004472749896667341,-0.013156526266911158,-0.044810307886564545,-0.060935251127112,-0.001964393003095418,-0.024736453743828418,-0.05076816405034718,-0.0012104286984142487,-0.0042737490567512785,0.0034252919492394757,-0.49336567687374416
-0.0157271877500781,-0.018187488781796216,-0.027980735648458457,-0.025486342116739794,-0.005638770460608085,-0.0018223629286152256,-0.002300510385549852,-0.00996208870106878,-0.0008872851744246165,-0.0017572305987900432,-0.013084048966981758,-0.027416603935685416,-0.006780147217921917,-0.005559061415946185,-0.010351450416117873,-0.024834989179609426,-0.007381905625607421,-0.001983866666559296,-0.007081212001731386,-0.005208924940233172,-0.0025532024304461567,-0.020348583967015228,0.002118056381672604,-0.0007592989004737366,-0.00321657399482451,-0.015834538088967058,-0.013971254614528719,0.0006548137758762221,0.009076149094560027,0.0012683522636566388,-0.0015537142181926737,-0.02278470374481979,-0.004498451616975481,-0.012700657640677352,-0.044774825852234496,-0.05996215124513168,-0.001904225543325282,-0.02479135509354992,-0.050470529550219106,-0.0011966943625746494,-0.004169905681028954,0.002741304448418879,-0.48906420349332347
-0.015762923574572287,-0.018210783022149873,-0.02779484133554646,-0.025332866747227477,-0.005638770460608085,-0.001855380382099885,-0.002300510385549852,-0.009956513666637409,-0.0008746178055319958,-0.0017226371641742178,-0.013010975977089495,-0.027230856202667113,-0.006820478731607835,-0.005446256994117381,-0.010345793192232796,-0.024786925734398686,-0.00727804139758664,-0.001983866666559296,-0.007096357263816643,-0.005395937316175723,-0.0022894696936535145,-0.01894485310024062,0.002429982770222657,-0.0005268121517087068,-0.003535543572475258,-0.015599028461897115,-0.014346852090171811,0.00033215089652137057,0.009540768038681136,0.0017865133784379717,-0.0015286303888167607,-0.023264230739017466,-0.00045153116921075725,-0.012563562541713515,-0.0440037261815487,-0.0606978220330276,-0.001758628849651579,-0.02457794879306129,-0.05021203410877802,-0.0011904820209875607,-0.004084086171882083,0.002649998446677444,-0.481681162557651
-0.015286585630710697,-0.01790959956708409,-0.028082454860773674,-0.024893416036492592,-0.005706704859693185,-0.0018163563133113412,-0.0023075408511443575,-0.01127021820001444,-0.0011620820168672327,-0.001719603799494068,-0.01271374908516593,-0.026711115850769247,-0.006470859548855816,-0.005556885201326921,-0.009963836164778707,-0.023850967759236043,-0.007304542808458335,-0.002227757592994671,-0.006845114078398452,-0.004966827895861064,-0.00198243072612962,-0.017014604888533742,0.002337964152048637,0.00047436547877776047,-0.0031232054749118572,-0.01515900894492412,-0.014062618019091382,0.0017464710973007886,0.017527048420109898,0.0015012099211260445,-0.0014433172098597688,-0.023203244130741756,0.0024721894200046357,-0.01188270501972989,-0.043617090481756736,-0.058835923618065736,-0.0014908186363977937,-0.02433061726059473,-0.04879492901810936,-0.0010931913088975012,-0.004182862861110972,0.003381716082345372,-0.45754182114857267
-0.015557395695379719,-0.018205979960414703,-0.027813186500103455,-0.02528933810457164,-0.005618675655323132,-0.001855380382099885,-0.002300510385549852,-0.009850470468613955,-0.0008746178055319958,-0.0017226371641742178,-0.013015672684115812,-0.027218200294099885,-0.006820478731607835,-0.005428294344744832,-0.010345793192232796,-0.024739993002790252,-0.00727804139758664,-0.001983866666559296,-0.007096357263816643,-0.005395937316175723,-0.0022894696936535145,-0.018619799211570417,0.002429982770222657,6.682078845885699e-05,-0.003610521918764743,-0.015274863430132502,-0.014346852090171811,0.0006215616587209636,0.009899789351047163,0.001980518657981985,-0.001499039535389377,-0.023244791440576503,-0.00045153116921075725,-0.01211509428451137,-0.04377441894947128,-0.06062836268352168,-0.001758628849651579,-0.02457794879306129,-0.04982997325759045,-0.0011635365721446881,-0.004084086171882083,0.0035164088650028475,-0.47716466297536186
-0.015775722686276104,-0.018283022656259647,-0.02798733621863259,-0.02548659341167089,-0.005638770460608085,-0.001855380382099885,-0.002300510385549852,-0.00996208870106878,-0.0008872851744246165,-0.0017572305987900432,-0.013084048966981758,-0.027463914315860986,-0.006820478731607835,-0.005559061415946185,-0.010356491392129002,-0.024894640270094744,-0.007428398181723172,-0.002197747468068308,-0.007083198616234732,-0.005393523736870461,-0.0028853888151639012,-0.020348583967015228,0.002107493490733804,-0.0007318504268283565,-0.0033178252569690367,-0.016094034964685387,-0.013979045471809799,0.0002820913449419919,0.008941558086884228,0.0010159504865219552,-0.0015691107751364924,-0.02278470374481979,-0.004498451616975481,-0.013156930672113449,-0.044774825852234496,-0.06006175672490067,-0.0019257134760823555,-0.02479135509354992,-0.050470529550219106,-0.0011966943625746494,-0.004169905681028954,0.002741304448418879,-0.49188375236550386
-0.015783163048978886,-0.0183671956206925,-0.028006219725252832,-0.025340308134802328,-0.0057216903870652295,-0.001855380382099885,-0.0023002568435204138,-0.010148331541185137,-0.0008844249369406626,-0.0017572305987900432,-0.012625597492766054,-0.02739389020119784,-0.00682002739015054,-0.0055703222075205025,-0.010415189797550801,-0.02484859735840818,-0.007262130935752819,-0.0016886837500439675,-0.006331345646349917,-0.005393523736870461,-0.0024538449704645795,-0.020134080235384665,0.0029589980840707395,-0.0008826058858982655,-0.003604301488010647,-0.014871406817816325,-0.014096806219099893,0.00024503234927877193,0.010344891046623275,0.0012332217562311914,-0.0015632962387956402,-0.022524326632745558,-0.004454110385765341,-0.01310433047007848,-0.044810307886564545,-0.060820645120338024,-0.0019541841801906453,-0.02481549476269478,-0.05028939054063979,-0.0012104286984142487,-0.004038460379522413,0.003681332370773352,-0.4856780550413856
-0.015065718439029893,-0.012324382584979221,-0.017752473676306,-0.021098384140465002,-0.01438632281867239,-0.009214881972838066,-0.0033947687517307252,-0.026618390117900254,-0.01263057199211621,-0.005530475579510412,0.010554115850296643,0.02384756668519094,0.004060078516964416,0.002289210871523095,-0.0038620129754127785,0.02127344929605896,0.0017843302116619189,-0.0020353549465593947,-0.015338621944591522,-0.005578740876613389,-0.005257578059351048,-0.03114789654349021,-0.006826423177403735,-0.014698735376641077,-0.023615996442567604,-0.0008003679339236225,-0.02039594294335312,-0.008839978790381788,-0.01123016764484389,-0.019842617998583695,-0.004072432071032921,-0.002129073200446581,-0.005892383636473862,-0.012825958383609342,-0.022202533990919166,-0.10314490839613628,-0.004307358740416466,-0.047644175904073646,-0.014888973643526739,-0.022468280351100316,-0.0022946214173382505,-0.0010614773559045779,-0.48661023138654724
-0.015161233216700246,-0.012324382584979221,-0.018084656741986477,-0.0211271334696283,-0.01438632281867239,-0.009214881972838066,-0.0033947687517307252,-0.026730663369254764,-0.012832345545950483,-0.005533230602752129,0.010455411837462172,0.023670838161884623,0.004060078516964416,0.002289210871523095,-0.0038620129754127785,0.02129557350716977,0.001657868133707377,-0.0020353549465593947,-0.015445644591154764,-0.005578740876613389,-0.005257578059351048,-0.03126100459848885,-0.006826423177403735,-0.014698735376641077,-0.02374232221584228,-0.0008724317394910398,-0.020384895402741753,-0.008764848564929014,-0.011289295264679707,-0.019820200729283158,-0.00406459427542871,-0.002129073200446581,-0.005892383636473862,-0.012802210883252146,-0.022168000129187456,-0.10337745806801067,-0.004307358740416466,-0.04749598222718669,-0.014888973643526739,-0.022468280351100316,-0.0022946214173382505,-0.0010614773559045779,-0.4881505404926459
-0.015161233216700246,-0.012324382584979221,-0.01816496252069625,-0.021084736483812698,-0.01438632281867239,-0.009214881972838066,-0.0033947687517307252,-0.026730663369254764,-0.012832345545950483,-0.005533230602752129,0.010494853759051013,0.02367877180581298,0.004060078516964416,0.002289210871523095,-0.0038620129754127785,0.02129557350716977,0.0014411014988730039,-0.0020353549465593947,-0.015445644591154764,-0.005578740876613389,-0.005257578059351048,-0.03126100459848885,-0.00703595678508549,-0.014698735376641077,-0.02374232221584228,-0.0008724317394910398,-0.02066567386639059,-0.008604189883206978,-0.011211735738944566,-0.019820200729283158,-0.00406459427542871,-0.002129073200446581,-0.005892383636473862,-0.012802210883252146,-0.022168000129187456,-0.10353060134286447,-0.004307358740416466,-0.0476631723217647,-0.014888973643526739,-0.022468280351100316,-0.0022946214173382505,-0.0010614773559045779,-0.4889302675881624
-0.015307221956541167,-0.012263594244345416,-0.017656077103105162,-0.021174569008290636,-0.014157180904661795,-0.009488585306864012,-0.0033947687517307252,-0.026912033095410556,-0.012832345545950483,-0.005660866226566669,0.010717377145588567,0.022735001486617768,0.003977394008940918,0.0019918628752232763,-0.003909501168420989,0.021408964741288276,0.0010070356369674396,-0.0020313731513453837,-0.016658329543605757,-0.005670774683978219,-0.005464643434110644,-0.03168187246790533,-0.007431541457446108,-0.014756044387126455,-0.023689311404781917,-0.0008593508303648851,-0.02071389448434881,-0.008907188347929515,-0.011218122062179006,-0.01962851068953505,-0.004543720816540036,-0.0017315795001389533,-0.005897140654145132,-0.012732324952813118,-0.021965711529605105,-0.10404088551079431,-0.004580217345728124,-0.04782872374683448,-0.015097381365768776,-0.022461668737351045,-0.0022589107820696467,-0.0010021638483650487,-0.4937704931520722
-0.015355976902081117,-0.0122934453393194,-0.017662950111121584,-0.021040444053085687,-0.014157180904661795,-0.009144632187813419,-0.0033947687517307252,-0.02691137111928993,-0.012832345545950483,-0.005660866226566669,0.010692916255454493,0.022733976874576137,0.003977394008940918,0.0019918628752232763,-0.003885883312805855,0.021408964741288276,0.001369318114507008,-0.0020313731513453837,-0.016461922035921027,-0.005553050517416087,-0.005464643434110644,-0.03136964803836808,-0.00701383975914368,-0.014752456941696433,-0.023689311404781917,-0.0008593508303648851,-0.02071389448434881,-0.008863802278896384,-0.011063257793238808,-0.01962851068953505,-0.004543720816540036,-0.0017315795001389533,-0.005386637590351721,-0.012756785842947191,-0.02172215125626269,-0.10398706510056503,-0.004544098156244982,-0.04770198033870223,-0.015061262176285634,-0.0224588777011739,-0.0022466018574992083,-0.0010021638483650487,-0.4907734171286804
-0.016191392513560224,-0.012299550540958699,-0.017401078270902953,-0.02106000628843298,-0.014189956619153142,-0.009643611391045236,-0.003236464245670007,-0.026912033095410556,-0.012832345545950483,-0.005660866226566669,0.010409428002126212,0.022798669455545695,0.003977394008940918,0.0019871939945354444,-0.003909501168420989,0.02158879342536324,0.0009077425168380213,-0.001993555220330811,-0.016472723232320376,-0.005630636116552013,-0.005474010910850717,-0.03156406767084935,-0.0074099838181914636,-0.0149074563566815,-0.02324525988723564,-0.0008724317394910398,-0.020617351003062796,-0.009160416858938165,-0.011600744051412658,-0.019780549672441618,-0.00457825884580354,-0.0017315795001389533,-0.005878813136742594,-0.012761966031119057,-0.021930062075578693,-0.10335140698441435,-0.004572269678604188,-0.04805518855474429,-0.015186652799727404,-0.022523825524353197,-0.002215530761625153,-0.0010633144169706114,-0.4942456393509026
-0.014962692312019469,-0.012299550540958699,-0.0169596083021985,-0.02107756258330635,-0.014267547785178105,-0.009643611391045236,-0.003236464245670007,-0.026912033095410556,-0.01283980168630136,-0.005660866226566669,0.010409690495783138,0.0226049892322602,0.0039036145919943907,0.001919907388597522,-0.0035849019212155797,0.021360387953922512,0.000989344102173741,-0.0018541974736469965,-0.01652784522144295,-0.005630636116552013,-0.005474010910850717,-0.031334910738971634,-0.007359685894134276,-0.014821495804464685,-0.02313888110930726,-0.0004326239882256828,-0.0208208120320335,-0.009160416858938165,-0.011730522916998963,-0.019782768745636385,-0.00457825884580354,-0.0021310248914405082,-0.005878813136742594,-0.012761411283117205,-0.022209400407821427,-0.10335692779493573,-0.004314354410207206,-0.04804166982494543,-0.015186652799727404,-0.022541162631198493,-0.002204565849344452,-0.0010633144169706114,-0.4925930704285969
-0.016191392513560224,-0.012299550540958699,-0.017227251986334846,-0.02106000628843298,-0.014267547785178105,-0.009643611391045236,-0.003236464245670007,-0.026912033095410556,-0.012832345545950483,-0.005660866226566669,0.010409428002126212,0.0226049892322602,0.003977394008940918,0.0019871939945354444,-0.003909501168420989,0.021218519931400035,0.000989344102173741,-0.001993555220330811,-0.01652784522144295,-0.005630636116552013,-0.005474010910850717,-0.03156406767084935,-0.0074099838181914636,-0.01482250564004392,-0.023139461163604592,-0.0008724317394910398,-0.0208208120320335,-0.009160416858938165,-0.011600744051412658,-0.019780549672441618,-0.00457825884580354,-0.002148767004366331,-0.005878813136742594,-0.012761966031119057,-0.022225903930031547,-0.10335140698441435,-0.004572269678604188,-0.04805518855474429,-0.015186652799727404,-0.022523825524353197,-0.002215530761625153,-0.0010633144169706114,-0.4954126193007773
-0.013488428782205714,-0.012299550540958699,-0.0169596083021985,-0.02107756258330635,-0.014267547785178105,-0.009643611391045236,-0.0033892431521887543,-0.026907001006917265,-0.012821134866265385,-0.005660866226566669,0.010511193697045755,0.0226049892322602,0.0039036145919943907,0.001919907388597522,-0.0033413716525806706,0.021360387953922512,0.001118234506936015,-0.0018591007163938037,-0.016494290395233147,-0.0054153199017322575,-0.005474010910850717,-0.031342912761357616,-0.007359685894134276,-0.01480846296194171,-0.02313888110930726,-0.0004326239882256828,-0.020584785731495314,-0.009160416858938165,-0.011663770067066273,-0.019782768745636385,-0.00457825884580354,-0.0021310248914405082,-0.005872037677989169,-0.012734961826141434,-0.022213448159382893,-0.10331001518021295,-0.0041748080850233385,-0.04804166982494543,-0.015186652799727404,-0.022541162631198493,-0.002232607596629771,-0.0010633144169706114,-0.4900345908964331
-0.01267499665541329,-0.012299550540958699,-0.016922218733252243,-0.02107756258330635,-0.01424524065551316,-0.009643611391045236,-0.0033892431521887543,-0.026829539794632328,-0.012821134866265385,-0.005660866226566669,0.010737243868486625,0.0226049892322602,0.003972280920532119,0.001919907388597522,-0.0033413716525806706,0.02145248464709731,0.0011495696498880943,-0.0017837894643383666,-0.016494290395233147,-0.0054153199017322575,-0.0054666132176513105,-0.031116929481063746,-0.007359685894134276,-0.01480846296194171,-0.02302162192353167,-0.0004326239882256828,-0.020183923529979244,-0.008786483896011074,-0.011663770067066273,-0.019622252845257038,-0.004544834823360554,-0.0021310248914405082,-0.005872037677989169,-0.012734961826141434,-0.022213448159382893,-0.1028241074479385,-0.0041748080850233385,-0.04804166982494543,-0.015088839129607796,-0.022541162631198493,-0.002232607596629771,-0.0010633144169706114,-0.48668744462165525
-0.017854799336252447,-0.015894267213981583,-0.0240779949652814,-0.024426608562455245,-0.007105082222062075,-0.0013186985709497732,-0.001333240223715033,-0.01110524390850885,-0.0007758796205452462,-0.002048466449111081,-0.011000485942542668,-0.02514398121323619,-0.005551450146678082,-0.005397688513935381,-0.008903387639890074,-0.022378589379328268,-0.006802956108642677,-0.004288071630076243,-0.01006304978601211,-0.005934472776899905,-0.001665774826607099,-0.021390950507083183,-0.009128553417285992,-0.008214274620115541,-0.014650405991745719,-0.0028651391238764612,-0.016496483768077285,-0.007815369360843549,-0.007489319680135824,-0.013568776662203472,-0.0022661050939972575,-0.0018315743593149889,-0.009155974001763673,-0.007080299391847301,-0.0142427466899795,-0.07953031224925962,-0.00489946826485493,-0.028604510357658337,-0.00845405106809101,-0.017512855090191466,-0.0029901036173333733,-0.0014035652165525511,-0.49266102756892244
-0.017854799336252447,-0.015871470666796905,-0.024072678042323718,-0.02415374573210947,-0.007082119664504179,-0.0013186985709497732,-0.001333240223715033,-0.01110524390850885,-0.0007758796205452462,-0.002048466449111081,-0.010988630949309049,-0.025159124825491874,-0.0054224603943850876,-0.005397688513935381,-0.008838684116445396,-0.0222069967034972,-0.006802956108642677,-0.004288071630076243,-0.009810667456107178,-0.0059244774331104946,-0.0012986225967945143,-0.021390950507083183,-0.009218042022668363,-0.008142700343090106,-0.014620010895031677,-0.002860969113958671,-0.015946166069353413,-0.007815369360843549,-0.007337126153624996,-0.013429848806413151,-0.0022661050939972575,-0.0013667179115767528,-0.009155974001763673,-0.00634049248320644,-0.01357963105161754,-0.07953031224925962,-0.004802751386439436,-0.028604510357658337,-0.00845405106809101,-0.017512855090191466,-0.003049013958462038,-0.0013238721155138242,-0.4885021929824563
-0.017854799336252447,-0.015871470666796905,-0.02408329163821007,-0.024211961744936426,-0.007082119664504179,-0.0013186985709497732,-0.001333240223715033,-0.011069292577110585,-0.0007758796205452462,-0.002052831683681392,-0.01098978374035791,-0.02512098765597292,-0.0054224603943850876,-0.005397688513935381,-0.008838684116445396,-0.0222069967034972,-0.006802956108642677,-0.004288071630076243,-0.009810667456107178,-0.0059244774331104946,-0.0012426486415006435,-0.021390950507083183,-0.009128553417285992,-0.008142700343090106,-0.014620010895031677,-0.0028386184943982387,-0.015902652156022892,-0.0076953821550175975,-0.007337126153624996,-0.01339962979450845,-0.0022661050939972575,-0.0013409575701790054,-0.009155974001763673,-0.006074166058444101,-0.013528157304629909,-0.07958439101431532,-0.00484582911133807,-0.02851876163598298,-0.00845405106809101,-0.017741425368998077,-0.0029076255608844206,-0.001332031032634255,-0.48790410685805435
-0.01788884922410813,-0.015847959025617985,-0.024287968800713402,-0.024463925531668068,-0.007105082222062075,-0.0013295487816192733,-0.001333240223715033,-0.011110348374888397,-0.0007758796205452462,-0.002074744749993172,-0.01106255516407003,-0.02521696360871588,-0.005551450146678082,-0.005397688513935381,-0.00894197509535652,-0.02229034351212734,-0.006802956108642677,-0.004269908295994635,-0.010017994994128868,-0.005934472776899905,-0.0011228663005571256,-0.021735515350564446,-0.009199254897651644,-0.008073855139777352,-0.01477391013290447,-0.0028198541376582243,-0.016445044400586778,-0.0080628494562079,-0.007489319680135824,-0.013605356504898247,-0.002189547958201729,-0.0023572507161816227,-0.009656647454986221,-0.007148832506683977,-0.014495246507475237,-0.07893589815405733,-0.00489946826485493,-0.02888836828679491,-0.00849001123558208,-0.017609311593288438,-0.003619130572514717,-0.0014099134122116661,-0.49473130743525495
-0.01788884922410813,-0.015847959025617985,-0.024287968800713402,-0.02441912462114119,-0.007105082222062075,-0.0013295487816192733,-0.001333240223715033,-0.011110348374888397,-0.0007758796205452462,-0.002074744749993172,-0.01106255516407003,-0.02521696360871588,-0.005551450146678082,-0.005397688513935381,-0.00894197509535652,-0.02229034351212734,-0.006802956108642677,-0.004269908295994635,-0.010017994994128868,-0.005934472776899905,-0.0011228663005571256,-0.021735515350564446,-0.009199254897651644,-0.008073855139777352,-0.01477391013290447,-0.0028198541376582243,-0.016445044400586778,-0.0080628494562079,-0.007489319680135824,-0.013605356504898247,-0.002189547958201729,-0.002201361281441593,-0.009387397942315657,-0.007148832506683977,-0.01430064040512227,-0.07897573651200858,-0.00489946826485493,-0.029037929690303676,-0.00849001123558208,-0.017609311593288438,-0.003619130572514717,-0.0014099134122116661,-0.4942561612364245
-0.017854799336252447,-0.015894267213981583,-0.024287968800713402,-0.024426608562455245,-0.007105082222062075,-0.0013186985709497732,-0.001333240223715033,-0.01110524390850885,-0.0007758796205452462,-0.002074744749993172,-0.011042912205103231,-0.02521696360871588,-0.005551450146678082,-0.005397688513935381,-0.00894197509535652,-0.022378589379328268,-0.006802956108642677,-0.004259017913655297,-0.010135616312622754,-0.005934472776899905,-0.001665774826607099,-0.021735515350564446,-0.009199254897651644,-0.008356569557591694,-0.014650405991745719,-0.0028538075556860517,-0.01635460052493283,-0.0080628494562079,-0.007489319680135824,-0.013598995674108173,-0.002189547958201729,-0.0018415738817720755,-0.009387397942315657,-0.007141188566719327,-0.014583127522904213,-0.07951509599413839,-0.00489946826485493,-0.029037929690303676,-0.008553259874420557,-0.017592785746664584,-0.003619130572514717,-0.0014035652165525511,-0.4955693400167086
-0.01788884922410813,-0.015847959025617985,-0.024273589865152306,-0.024148707367835916,-0.007105082222062075,-0.0013295487816192733,-0.001333240223715033,-0.011110348374888397,-0.0007758796205452462,-0.002074744749993172,-0.01106255516407003,-0.02518862791508413,-0.005551450146678082,-0.005397688513935381,-0.00892441567103142,-0.022224241719594882,-0.006802956108642677,-0.0042482586018233815,-0.009892671710203742,-0.005934472776899905,0.0009091476139889637,-0.020936166868737623,-0.008449358332020413,-0.008073855139777352,-0.01477391013290447,-0.0028198541376582243,-0.016513914530793428,-0.008024338604599906,-0.007346450758434847,-0.012304188066303208,-0.001972180266973055,-0.0023572507161816227,-0.009656647454986221,-0.006899939846634444,-0.014626708376484185,-0.07881135248165896,-0.00489946826485493,-0.028959164422649526,-0.007730137294486261,-0.01743549004446689,-0.0035543267344794057,-0.0014099134122116661,-0.48776075605680885
-0.01788884922410813,-0.015847959025617985,-0.024273589865152306,-0.024148707367835916,-0.007105082222062075,-0.0013295487816192733,-0.001333240223715033,-0.011110348374888397,-0.0007758796205452462,-0.002074744749993172,-0.01106255516407003,-0.02518862791508413,-0.005551450146678082,-0.005397688513935381,-0.00892441567103142,-0.022224241719594882,-0.006802956108642677,-0.0042482586018233815,-0.009892671710203742,-0.005934472776899905,-1.1919504674748361e-05,-0.020936166868737623,-0.008449358332020413,-0.008073855139777352,-0.01477391013290447,-0.0028198541376582243,-0.016513914530793428,-0.008024338604599906,-0.007346450758434847,-0.013059798189878052,-0.001972180266973055,-0.0023572507161816227,-0.009656647454986221,-0.006899939846634444,-0.014626708376484185,-0.07881135248165896,-0.00489946826485493,-0.028959164422649526,-0.007933159300368026,-0.01743549004446689,-0.0035543267344794057,-0.0014099134122116661,-0.48964045530492917
-0.01788884922410813,-0.015847959025617985,-0.024273589865152306,-0.024463925531668068,-0.007105082222062075,-0.0013295487816192733,-0.001333240223715033,-0.011110348374888397,-0.0007758796205452462,-0.002074744749993172,-0.01106255516407003,-0.02521696360871588,-0.005551450146678082,-0.005397688513935381,-0.00892441567103142,-0.02229034351212734,-0.006802956108642677,-0.004250238230713862,-0.009892671710203742,-0.005934472776899905,-0.0011228663005571256,-0.021735515350564446,-0.009199254897651644,-0.008073855139777352,-0.01477391013290447,-0.0028198541376582243,-0.016445044400586778,-0.008024338604599906,-0.007346450758434847,-0.013605356504898247,-0.001972180266973055,-0.0023572507161816227,-0.009656647454986221,-0.006899939846634444,-0.01445752190828973,-0.07910038756937825,-0.00489946826485493,-0.029037929690303676,-0.00849001123558208,-0.017609311593288438,-0.003619130572514717,-0.0014099134122116661,-0.49418306182121985
-0.01788884922410813,-0.015847959025617985,-0.024273589865152306,-0.024145224038475233,-0.007105082222062075,-0.0013295487816192733,-0.001333240223715033,-0.011110348374888397,-0.0007758796205452462,-0.002074744749993172,-0.01106255516407003,-0.02518862791508413,-0.005551450146678082,-0.005397688513935381,-0.00892441567103142,-0.02209529928318727,-0.0067922505254950135,-0.0042482586018233815,-0.009892671710203742,-0.00584394730123815,0.0009091476139889637,-0.020936166868737623,-0.008419730224448472,-0.007790708399044882,-0.01477391013290447,-0.0028198541376582243,-0.016266526751514528,-0.008024338604599906,-0.007241657343795265,-0.012304188066303208,-0.0019614029845861384,-0.0023572507161816227,-0.009114151008726824,-0.006927873942409948,-0.014420847109752012,-0.07873551322662008,-0.00489946826485493,-0.028959164422649526,-0.007730137294486261,-0.01743549004446689,-0.0035543267344794057,-0.0014099134122116661,-0.4860551030353663
-0.00937940315247921,-0.013252026038787642,-0.017828082592380962,-0.01404461699828609,-0.01079653809420084,0.00041148068642257333,0.0032219740274276962,-0.01155112749357244,0.0012748036170132677,0.0021188630009730293,-0.006088258056673826,-0.02785076587689889,-0.004892294278634232,0.00116577546492384,0.004487302329626097,-0.03172693806695909,-0.0017315529114904325,-0.002593780074004022,-0.01655524130378767,-0.0045394810174478085,-0.0018025201972258998,-0.021347978307349882,-0.010012763823772535,-0.010588373344638155,-0.02167906310603703,-0.0014844498550856818,-0.024649027536458264,-0.01211652708531479,-0.01096666175572864,-0.017310919959109914,-0.0028423882289790037,-0.0026710843155449845,-0.011122794055686136,-0.010124895432061189,-0.01640755896879776,-0.0849100895636397,-0.004087784009575952,-0.024651770370734967,-0.0057049426634062485,-0.017731572915423273,-0.0039740856714168,-0.0006936116737241718,-0.47703076966892766
-0.009427116729862317,-0.013339790770435275,-0.01778786915424281,-0.01295536873900045,-0.010959179627640989,0.0004208328571287596,0.003239372531500269,-0.01144284822806871,0.0012756159508782335,0.0014258640768709829,-0.00525725644905767,-0.027367879457286207,-0.00494727261665461,0.00104071229930942,0.004278830508794301,-0.031141719936232336,-0.0017315529114904325,-0.0026242464053411437,-0.016266739158120394,-0.00468045592385588,-0.0017436842838125777,-0.021310257116929077,-0.010117310547230954,-0.010848223460465836,-0.0216453025888264,-0.0014296397367097884,-0.02464371317355546,-0.01209284679047476,-0.010905689726047932,-0.017569831294776333,-0.002774803209182374,-0.002852924494662088,-0.011102471620930294,-0.010314586656205656,-0.01671585473375184,-0.08534928220655505,-0.0040703250741128145,-0.024830902442015454,-0.005773053685943039,-0.017541230246590777,-0.003992940229230233,-0.0007009571230824698,-0.47657389832389846
-0.009413218799589907,-0.013359338546811527,-0.01810764798633236,-0.012841167629645142,-0.011037693247824453,0.00042209725157902695,0.0034905641440680637,-0.011754869445509058,0.0012756159508782335,0.001250834595782577,-0.006070721440356413,-0.02750839410525212,-0.004913320597849831,-0.0009314338537831976,0.004263948824273481,-0.03133568293746441,-0.0018535167293870789,-0.002622440935108452,-0.01607507397641362,-0.004293242841964751,-0.0017761857855306058,-0.02139361905956455,-0.01022110734519593,-0.010824944102656012,-0.02174640741589238,-0.0014273992124523916,-0.02464536477456404,-0.01203799276307287,-0.010391011873389085,-0.017607791988643526,-0.002761375024585276,-0.0028533980730858603,-0.011125888278485378,-0.010465322290112659,-0.016863501920596134,-0.08565350360591893,-0.004087600643041297,-0.025146679292975184,-0.005612769319807207,-0.01783498856039366,-0.004000133128663129,-0.0006998678788492846,-0.48059155464418635
-0.009413218799589907,-0.01334923847058344,-0.01786874676940779,-0.012802368025961167,-0.011037618215378247,0.00042209725157902695,0.0038054886041528216,-0.011992746139121623,0.0012607565282215694,0.0009464798640137158,-0.0061979885823176826,-0.028636478851190493,-0.00492386431725287,-0.0013556780020793954,0.004251164374575118,-0.03128472400900556,-0.0018535167293870789,-0.002600510650693142,-0.015614509370456327,-0.004293242841964751,-0.0017782240321848703,-0.021282421541031944,-0.010146221565641003,-0.010783638471692825,-0.02167455526222155,-0.0013968141013752792,-0.024449653219177407,-0.012153137318015634,-0.010385792328180864,-0.017140745192035046,-0.0029474161031890675,-0.0028513294677353657,-0.010979596896923682,-0.010325475664562512,-0.016767747294561996,-0.08583393284514967,-0.0040980445558818305,-0.02504613900005337,-0.0060642055404510065,-0.01782886951361255,-0.004000133128663129,-0.0007768931868406217,-0.4812494493810285
-0.009099656545707309,-0.01352476165652673,-0.017741840280220127,-0.01293811584414724,-0.011092901619757595,0.00041948126135685264,0.0038087560099747363,-0.012732128378281195,0.0014543869603778523,0.0008346497585009011,-0.006950616866392434,-0.030762714841375077,-0.0049589042430544916,-0.002439102783723726,0.004233821062495758,-0.03106714086789923,-0.001933446309469498,-0.002605130286285207,-0.014777348647374983,-0.004293242841964751,-0.0017782240321848703,-0.021098794444961322,-0.010185532764817746,-0.009493332278892198,-0.021535780986609642,-0.0014121493714942552,-0.023104869775103773,-0.012253841446921385,-0.010408009141742705,-0.01715272601632544,-0.002891824495685836,-0.002841987257479535,-0.010927689885246913,-0.010107436807861594,-0.01649164690366163,-0.08571204839776152,-0.0044193618267747425,-0.025098864491286073,-0.006275644290588571,-0.017815984520793218,-0.004012197061714145,-0.001198587159320344,-0.4823824903167009
-0.009592704017736318,-0.012987398152423248,-0.015167658949558706,-0.013871272188219845,-0.01122575664339456,0.0004138163264435078,-0.00013679535701485013,-0.013480337736603525,0.0012352176220445036,-0.0007763881663534639,-0.005369330242627718,-0.03857985603209249,-0.007186111012761554,-0.00047786578675013147,0.004195720343188984,-0.03148922802195724,-0.002933578183810882,-0.0032115782642480476,-0.013202847691973843,-0.004618334653514307,-0.0019120219388273482,-0.020466766187060528,-0.010205678566143819,-0.010774665611849529,-0.021304150875898632,-0.0018873845374335098,-0.02211520075545958,-0.012079094790276867,-0.01057837707664372,-0.015159619901705524,-0.002703673848847794,-0.0025218253064236626,-0.011210659582833776,-0.009640523574998009,-0.01589739071820311,-0.08219150108334408,-0.004346554212041616,-0.02347204145511272,-0.00596140303146655,-0.017332541493873137,-0.004122766283671778,-0.0011172608219094872,-0.48546338846338855
-0.00898364593574488,-0.013106090891082348,-0.014806008837882039,-0.013477295360771921,-0.011387807551737043,0.00049394200740854,-0.0005978542906944136,-0.01342349891539216,0.0012188131937059575,-0.0007208615611644214,-0.006586215042617278,-0.03816259171831488,-0.008960396734931358,-0.0012761814889265357,0.0038735547406521286,-0.0313760026618079,-0.003111944641690118,-0.00319062300866163,-0.012808771101456897,-0.004595373838047914,-0.001911976723775423,-0.02047470917243202,-0.010127062564627441,-0.010671701355985238,-0.02140407749158579,-0.0019293583149574388,-0.021286217692391814,-0.011965006567436593,-0.009644631548137411,-0.015178670208595995,-0.002646448085859486,-0.002697421628551532,-0.011134111443282297,-0.009994877298736425,-0.015989056661743474,-0.08217035878897444,-0.004222858914921524,-0.02360220714429403,-0.005932358142397273,-0.017295460355277712,-0.0041168422223080755,-0.0011454738892586935,-0.4865257398546872
-0.008986879397821987,-0.013186829171126149,-0.014800374576574354,-0.013484552790975437,-0.011443090956116392,0.00049394200740854,-0.0007691746503842889,-0.013388356821862922,0.0014124436258622403,-0.0008043404557319145,-0.00727446174702458,-0.03819179219020734,-0.009071526387422667,-0.002366415861673665,0.003881492734963036,-0.03144021534038414,-0.0031814624111707324,-0.003155193030107281,-0.012187892225972916,-0.0049491656081094015,-0.0018936471277705871,-0.020372111162401407,-0.010139259006507778,-0.009467477649519046,-0.02132645005056905,-0.001939724662554611,-0.02082980328607075,-0.011965743454849324,-0.009657521910652014,-0.01547346706039893,-0.0026582315584499218,-0.0026870760836891078,-0.011115314394856156,-0.010131634528320426,-0.0159878037399773,-0.08218024464148119,-0.004286017613927683,-0.023551324267248857,-0.006014600228752612,-0.017291099300036517,-0.004114286612721818,-0.0011704012887395591,-0.487147084883927
-0.009009078232743474,-0.012956503897245137,-0.015036621446153404,-0.01295352033657274,-0.011485128998076691,0.0004636457405628462,-0.0007172067818079511,-0.013363892354029705,0.0011994793313986464,-0.0008043404557319145,-0.008100787042900636,-0.0381826759168376,-0.009050478750145564,-0.002411135528465032,0.0038438755630143193,-0.03111624370702077,-0.0030403127721966867,-0.0031491209352499105,-0.011494199557128238,-0.005057278865088141,-0.0019306347510542805,-0.02034451935233675,-0.009296484903534017,-0.008860383586035669,-0.021049024593530207,-0.0018032724191498132,-0.02058327978938161,-0.010952437524149213,-0.00928732620768472,-0.016263125269973647,-0.0026344665557697673,-0.0027109284126935326,-0.010977243378165996,-0.010001798224317333,-0.01607330875382416,-0.08203519393305052,-0.004207470477648667,-0.022787362151649886,-0.006716653951558756,-0.01706369862286642,-0.004120180928515011,-0.0011281306770364935,-0.48324844940634426
-0.009161640359104394,-0.012760607356000462,-0.015185863120951526,-0.013177161050624052,-0.011307872874712658,0.0005514360345261653,-0.0006834344423484255,-0.013181524456666765,0.0013381843584426257,-0.000716445637583079,-0.0086751768818669,-0.038241728999968534,-0.008873081065139014,0.004879691681810747,0.003730669567053893,-0.03112079816887475,-0.0029273178061086005,-0.0033495602010165976,-0.01067853877125287,-0.005094800043851949,-0.0018463248628281734,-0.020221752277371042,-0.009484033306749268,-0.008715446235417389,-0.020779294304346156,-0.002256360242158905,-0.020547178638597854,-0.010730135055844851,-0.009115844237244982,-0.01628596091375304,-0.002397125715115285,-0.0029969826190470884,-0.010487833893687171,-0.01089904200219285,-0.01595792091989727,-0.08222360133566967,-0.004321311266348331,-0.02309842879761159,-0.006980116357714281,-0.01756633991468535,-0.00405169506070727,-0.0010590212508308533,-0.47665731880205586
-0.015424247920398666,-0.01636325207620576,-0.02523579521348637,-0.02406326494830763,-0.0059564157704383594,-0.0018766156655611087,-0.0008717162879946643,-0.010201051495708545,-0.0009374021877512536,-0.0017402187271739105,-0.0104187086901696,-0.02465535459887337,-0.006471917253494431,-0.0037474836417804016,-0.008212597903640371,-0.02255613458255878,-0.0061129749616406085,0.0016998510429590513,-0.005659742674741439,-0.00665773211162001,-0.0045932929061806745,-0.022325415312545643,-0.0007555545490377141,-0.004479850336119157,-0.010175503539625309,-0.014755952344362529,-0.014654412909459513,-0.0020818422535924634,-0.020464575672355715,-0.005849025607662166,-0.003533316439341158,-0.0010411784339272394,-0.004053248228373974,0.0022285016376406975,-0.03643537664221002,-0.06376357760306477,-0.0005442826422750227,-0.020030086552960603,-0.03951589359108532,0.004892888094473303,-0.004165878613139186,-0.01238673990645664,-0.4739463900202471
-0.015595378524949566,-0.01639250303340228,-0.025361461008303627,-0.02426368335657823,-0.0059564157704383594,-0.0018766156655611087,-0.0008872218695589639,-0.010201051495708545,-0.0009374021877512536,-0.0017730189083628072,-0.010600974009780917,-0.02466392285278891,-0.00652011227868248,-0.004082560120677457,-0.008212597903640371,-0.02312414365404162,-0.006121071169966273,0.00124141243659996,-0.006051878159219724,-0.0067294867236598645,-0.004655273406417235,-0.02247379024457292,-0.0008093804209316245,-0.005207378882522949,-0.010596093636969377,-0.017794236768881852,-0.014621921099106407,-0.0020614518286576127,-0.02047125892230468,-0.005925581468015157,-0.003533316439341158,-0.0010411784339272394,-0.004268446155531811,0.0012961343974048523,-0.03681735248807627,-0.06396422769105617,-0.0011684846155947401,-0.020030086552960603,-0.04074267198763801,0.00313760050451179,-0.004208129565795963,-0.01238673990645664,-0.48645335186931415
-0.015424247920398666,-0.016371746877889164,-0.02523579521348637,-0.024030938619018817,-0.0059564157704383594,-0.0018766156655611087,-0.0008717162879946643,-0.010201051495708545,-0.0009374021877512536,-0.0017730189083628072,-0.010600974009780917,-0.02466392285278891,-0.00652011227868248,-0.004082560120677457,-0.008212597903640371,-0.02312414365404162,-0.0061129749616406085,0.0016998510429590513,-0.005878810714875681,-0.00665773211162001,-0.004624395711567829,-0.022122387036309085,-0.0007467964192459038,-0.004988085189864112,-0.010189075915401115,-0.016990240671369707,-0.014621921099106407,-0.0020818422535924634,-0.02039434137430787,-0.005906407557311463,-0.003533316439341158,-0.0010411784339272394,-0.004105958704673536,0.0012961343974048523,-0.03669798354625205,-0.06376357760306477,-0.0008719716080647752,-0.020030086552960603,-0.03955546591465324,0.004892888094473303,-0.004187124533877499,-0.01238673990645664,-0.4794828004908681
-0.015716669827979285,-0.016350624070589227,-0.025326086468845415,-0.02381762923430238,-0.0059307342968126136,-0.0018941364143193894,-0.0009593278678549474,-0.010161873089252073,-0.0008934305348833382,-0.0017706185722960422,-0.010525846932634579,-0.024640848192723917,-0.006358423669907687,-0.004075946858851835,-0.008203121768803329,-0.023247444597418787,-0.006125783494118666,0.001260248874010406,-0.004264417003962941,-0.00640467742232787,-0.0048653689489650456,-0.022557619760952212,-0.0009210169521173938,-0.005092183054374432,-0.010390593038496924,-0.0202603746813624,-0.014691745533663994,-0.0020614518286576127,-0.02036810183051893,-0.005588173939881605,-0.003360297382671249,-0.0010287482610681527,-0.0041164203434037525,0.0014151501595475703,-0.03693820567694074,-0.06475266547432462,-0.0011460920970608392,-0.0202695764082976,-0.04078562412385439,0.0025739997677945575,-0.0035173527339502878,-0.012071131253537341,-0.48620098484063123
-0.015641232120557284,-0.016350624070589227,-0.02536352942089728,-0.024371368518640798,-0.005951637810903194,-0.0018766156655611087,-0.0009593278678549474,-0.010205756762537236,-0.0009374021877512536,-0.0017789380011387346,-0.010581287255793574,-0.024630852207018595,-0.006460535750031549,-0.004075946858851835,-0.008203121768803329,-0.023247444597418787,-0.006121071169966273,0.00124141243659996,-0.00580286404651001,-0.0067294867236598645,-0.0046284750258577655,-0.02247379024457292,-0.0009161357891965245,-0.005207378882522949,-0.010551339974613518,-0.01930810738252459,-0.014621921099106407,-0.0020614518286576127,-0.020483880125149376,-0.0059674114725695605,-0.0032395457415505596,-0.0010411784339272394,-0.004371911406776026,0.0005638536519012245,-0.03698353937322302,-0.0644320142618525,-0.001192886920583586,-0.0202695764082976,-0.04074522293798826,0.0031062590367292794,-0.0042224962958091585,-0.012325058750137174,-0.4894208400341708
-0.015641232120557284,-0.016318837948681792,-0.025321371474985917,-0.024156871146402355,-0.0059564157704383594,-0.0018766156655611087,-0.0008872218695589639,-0.010245332344940147,-0.0009374021877512536,-0.0017730189083628072,-0.010600974009780917,-0.02466392285278891,-0.006492951536729651,-0.00405509762429093,-0.008212597903640371,-0.02313181254343455,-0.0061129749616406085,0.0012362162158562136,-0.005856973699171606,-0.006659528542874361,-0.004429336209002353,-0.02095991476522211,-0.0008950149467775447,-0.004973948603049401,-0.010551339974613518,-0.018445772608217094,-0.014611574812408129,-0.0019582262650037884,-0.02040102462425683,-0.005925581468015157,-0.0034434496003232116,-0.0009100773110788139,-0.004058004040888287,0.0015266695024587008,-0.036659397797652184,-0.06428243695899379,-0.0003607794770072949,-0.02024958179424996,-0.03979214765312326,0.004025244079667748,-0.004191830477321543,-0.01238673990645664,-0.48159920260727007
-0.015460518799131961,-0.016284240844553145,-0.02513181480084752,-0.023654283267424688,-0.0059307342968126136,-0.0018941364143193894,-0.0009593278678549474,-0.010013161278201432,-0.0008934305348833382,-0.0017405110762903078,-0.010569113703891221,-0.024633979974226148,-0.006358423669907687,-0.004026080035264127,-0.008203121768803329,-0.023272348473179723,-0.005962179756922225,0.001260248874010406,-0.0015330443005250299,-0.004972667065308809,-0.004691693525036698,-0.0225017659387752,-0.0009441742821420803,-0.005043269484072516,-0.010390593038496924,-0.020569398431264437,-0.014657869744879438,-0.001807126347296741,-0.020276246156938457,-0.005588173939881605,-0.003360297382671249,-0.0010015499154639412,-0.003819936495422212,0.0011317198528539116,-0.03699904399561182,-0.06452687675543847,-0.0011433886211453866,-0.020178909463751876,-0.03994652237015582,0.0027412090759896864,-0.0035173527339502878,-0.01207861047870744,-0.4794027392265962
-0.015460518799131961,-0.016350624070589227,-0.025204509853902476,-0.023880551745698836,-0.0059307342968126136,-0.0018941364143193894,-0.0009593278678549474,-0.010013161278201432,-0.0008934305348833382,-0.0017405110762903078,-0.010569113703891221,-0.024633979974226148,-0.006358423669907687,-0.004075946858851835,-0.008203121768803329,-0.023272348473179723,-0.006031474821167994,0.001260248874010406,-0.002670173089638939,-0.005539067373550996,-0.004751262401404856,-0.02199530835878949,-0.0009441742821420803,-0.00504733371368528,-0.010390593038496924,-0.02073854141358128,-0.014691745533663994,-0.002046612189792839,-0.020415303551884936,-0.005588173939881605,-0.003360297382671249,-0.0010015499154639412,-0.003947567577313367,0.0005729187911808941,-0.03699504955786574,-0.06482147707004064,-0.0011163497724994355,-0.0202695764082976,-0.03959781856096586,0.0024091487041574336,-0.0035173527339502878,-0.012111271169267726,-0.4827861978732128
-0.01570541580799624,-0.016314214481773646,-0.025339537844388572,-0.024073480387693153,-0.0059307342968126136,-0.0018941364143193894,-0.0009593278678549474,-0.010161873089252073,-0.0008934305348833382,-0.001780834775452863,-0.010569113703891221,-0.024686372520837174,-0.006358423669907687,-0.004048484362465308,-0.008203121768803329,-0.023272348473179723,-0.006121071169966273,0.00124141243659996,-0.004968513255195587,-0.0066554680340928435,-0.004751262401404856,-0.021559559176337645,-0.0009092517809368662,-0.005132544401438078,-0.01046351773719674,-0.02041116585326987,-0.014681399246965716,-0.0020614518286576127,-0.020371323353396708,-0.00597897583845554,-0.0033587821495617252,-0.0010411784339272394,-0.003961267064632439,0.0006955223399143807,-0.03699504955786574,-0.06517439951901483,-0.0011163497724994355,-0.0202695764082976,-0.03990641816917607,0.003241132069451972,-0.0035173527339502878,-0.012111271169267726,-0.4865299322090524
-0.015641232120557284,-0.016297715141381855,-0.025374873565506374,-0.02443235349248991,-0.005951637810903194,-0.0018941364143193894,-0.0009593278678549474,-0.010205756762537236,-0.0009374021877512536,-0.0017891542042955553,-0.010644240781037557,-0.024393270082399155,-0.006460535750031549,-0.004048484362465308,-0.008203121768803329,-0.023272348473179723,-0.0061129749616406085,0.00124141243659996,-0.005622985465181709,-0.0067294867236598645,-0.004972646876941683,-0.02042029216365694,-0.0009392931192212117,-0.004750048952632126,-0.010551339974613518,-0.02041116585326987,-0.014320678445752879,-0.0019378358400689375,-0.020395095627009432,-0.005966919127888394,-0.003504165734278905,-0.0009100773110788139,-0.00399330509546919,0.0010358014620806752,-0.03609933148679504,-0.06474237657601754,-0.00043770817961947357,-0.0202695764082976,-0.039624368991702796,0.0030692286920445564,-0.004198395864399092,-0.012365198665867556,-0.48443441563985157
-0.017600168025206264,-0.01941782631954452,-0.03331378699372139,-0.029375754524627398,-0.006683535619624011,-0.002109145380993912,-0.001273613887461291,-0.010707996277830515,-0.0009999145175326408,-0.0016091283310617163,-0.013637307476468326,-0.029292109194613454,-0.00769211446519851,-0.005253381698891391,-0.010752901909692138,-0.026678649466544985,-0.007267622690619121,0.0036704760999738584,-0.007664060380874521,-0.006860662107531583,-0.0022139476214592746,-0.023446459042075027,-0.0024945176615476213,-0.005299320301863679,0.0009092370297118155,-0.01747885644614831,-0.016220167054782648,-1.4338622617760955e-05,-0.005997165978747262,-0.0005122994931034596,-0.005382138291905231,-0.00016782580583061233,-0.004371001540194207,-0.010834765867176698,-0.04526433457141835,-0.06368215179963564,-0.0014837947178404985,0.004889887440222819,-0.05076179597712342,0.0027396894958077772,-0.004984260137616168,-0.0013028067275233362,-0.48789233686093053
-0.017600168025206264,-0.01941782631954452,-0.03332181601150784,-0.029443738574767675,-0.006683535619624011,-0.002109145380993912,-0.001273613887461291,-0.01072571092726115,-0.0009999145175326408,-0.0016091283310617163,-0.013637307476468326,-0.029292109194613454,-0.00769211446519851,-0.005253381698891391,-0.010752901909692138,-0.02669730459113204,-0.007267622690619121,0.0036704760999738584,-0.007664060380874521,-0.006860662107531583,-0.0023183252499306244,-0.023446459042075027,-0.002636641378069577,-0.005299320301863679,0.0009092370297118155,-0.017441786452738438,-0.016220167054782648,-1.4338622617760955e-05,-0.006057860768405099,-0.0005107211705636241,-0.005382138291905231,-0.00024316056243402069,-0.004371001540194207,-0.011002104137032776,-0.04528785861992586,-0.0637588696126669,-0.0014837947178404985,0.004626890883603794,-0.05076179597712342,0.0027396894958077772,-0.004984260137616168,-0.0013028067275233362,-0.4888791789661937
-0.017600168025206264,-0.01956698635412066,-0.033332754794432456,-0.029425379690935942,-0.006686054252826874,-0.002109145380993912,-0.001273613887461291,-0.01072571092726115,-0.0009821788368879387,-0.001640882688189797,-0.013637307476468326,-0.02934950683171403,-0.00769211446519851,-0.005253381698891391,-0.01073435071920365,-0.026683995089392756,-0.007267622690619121,0.0038088072135084848,-0.007677915200990285,-0.006742171350057439,-0.0023183252499306244,-0.023446459042075027,-0.002636641378069577,-0.005299320301863679,0.0009092370297118155,-0.017441786452738438,-0.01613068549286266,1.3331967359380615e-05,-0.006057860768405099,-0.00022168597234353303,-0.005382138291905231,-0.00024316056243402069,-0.00435517355796769,-0.010941619076948439,-0.04522855190442272,-0.06360243210885975,-0.001378868114955994,0.004835765487531861,-0.05076179597712342,0.001988088347614904,-0.004984260137616168,-0.0014187701753333017,-0.4886755448809807
-0.017764064688856374,-0.019604653574000767,-0.033330845879840566,-0.029425379690935942,-0.006740495265131175,-0.00209818432956091,-0.001273613887461291,-0.010753952037427104,-0.0009821788368879387,-0.001648978978414815,-0.013637307476468326,-0.029259465380598017,-0.00769211446519851,-0.005318681928247222,-0.010726189125764448,-0.026683995089392756,-0.007267622690619121,0.003251138077936406,-0.007462518403112296,-0.006916701926631503,-0.0023183252499306244,-0.023719449059555156,-0.002636641378069577,-0.005242079440201808,0.0008985416056340267,-0.017190628147701885,-0.016119411857416745,3.745250164158759e-06,-0.006410775338464128,-0.00023309829556243197,-0.005382138291905231,-0.0002940109203998295,-0.004483058841378313,-0.010941619076948439,-0.04530382966797518,-0.06371169891133027,-0.001378868114955994,0.004835765487531861,-0.05076179597712342,0.0019129660981386538,-0.004984260137616168,-0.0014689813200033138,-0.49026545716168257
-0.017764064688856374,-0.019604653574000767,-0.033330845879840566,-0.029425379690935942,-0.006740495265131175,-0.00209818432956091,-0.001273613887461291,-0.010753952037427104,-0.0009821788368879387,-0.001648978978414815,-0.013637307476468326,-0.029259465380598017,-0.00769211446519851,-0.005318681928247222,-0.010726189125764448,-0.026683995089392756,-0.007267622690619121,0.003251138077936406,-0.007462518403112296,-0.006916701926631503,-0.0023183252499306244,-0.023719449059555156,-0.002636641378069577,-0.005242079440201808,0.0008985416056340267,-0.017190628147701885,-0.016119411857416745,3.745250164158759e-06,-0.006410775338464128,-0.00023309829556243197,-0.005382138291905231,-0.0002940109203998295,-0.004483058841378313,-0.010941619076948439,-0.04530382966797518,-0.06371169891133027,-0.001378868114955994,0.004835765487531861,-0.05076179597712342,0.0019129660981386538,-0.004984260137616168,-0.0014689813200033138,-0.49026545716168257
-0.017764064688856374,-0.01964633930532225,-0.033330845879840566,-0.029082274163243764,-0.006742925968754662,-0.002037562888638816,-0.001273613887461291,-0.010735088364622307,-0.0009821788368879387,-0.001648978978414815,-0.013637307476468326,-0.029177264371852182,-0.007720016516189752,-0.005318681928247222,-0.010708918730598356,-0.026683995089392756,-0.007267622690619121,0.003454016035156436,-0.0071351915103821896,-0.0069124556178154105,-0.0019278913069008916,-0.023719449059555156,-0.002613541818339741,-0.004506018700843617,0.000985168319166657,-0.017014315607548368,-0.016146624845649965,3.745250164158759e-06,-0.006419335579642625,-0.0003425533043089374,-0.005382138291905231,-0.0002940109203998295,-0.004128007828793816,-0.010929156650312334,-0.04530382966797518,-0.06349555630169776,-0.0013852939909740937,0.005025166713550121,-0.050617897066600186,0.0019129660981386538,-0.004971987248196236,-0.0014689813200033138,-0.4870908539870794
-0.017605984394585147,-0.019608672085442144,-0.033332754794432456,-0.029235352168368294,-0.006753018417213983,-0.002109145380993912,-0.001273613887461291,-0.010658180207122376,-0.0009807980545289857,-0.001640882688189797,-0.013649654218977191,-0.029291628311431596,-0.007720016516189752,-0.005318681928247222,-0.010752901909692138,-0.026527236050132647,-0.007267622690619121,0.0037050522627838285,-0.007509144308679198,-0.006737925041241346,-0.0023183252499306244,-0.023719449059555156,-0.002641955783585884,-0.005249224585329807,0.000985168319166657,-0.01713919554550485,-0.015507686903088656,-0.0001930119767442509,-0.006325282579398998,-0.0010173534377070099,-0.005382138291905231,-0.00033196643153589176,-0.003622344643629098,-0.010948373628923473,-0.04448975346183484,-0.06364723157609967,-0.0014750777588255167,0.00467379079162032,-0.050386172483295216,0.002738389858914977,-0.004987241879862992,-0.0015893707851100793,-0.48684196788293005
-0.01778694430564639,-0.01964633930532225,-0.033330845879840566,-0.02870764887058099,-0.006742925968754662,-0.002037562888638816,-0.001273613887461291,-0.010686475008509206,-0.0009571071608396219,-0.001648978978414815,-0.013649654218977191,-0.029135323647770578,-0.007610666201823799,-0.005318681928247222,-0.010708918730598356,-0.026683995089392756,-0.007267622690619121,0.003454016035156436,-0.007122444625597554,-0.0069124556178154105,-0.0017587285487248268,-0.023719449059555156,-0.002613541818339741,-0.004506018700843617,0.0013292995785173759,-0.016705487476847653,-0.016146624845649965,-0.0001829155610011563,-0.006195848265123001,0.0002186909702913761,-0.005382138291905231,-2.530697464655747e-05,-0.0035894545119844593,-0.010929156650312334,-0.04496381696756505,-0.06367513014916398,-0.0013852939909740937,0.005406104704925826,-0.050367039357594026,0.0019129660981386538,-0.004971987248196236,-0.0004927233448720135,-0.48251778938112005
-0.017605984394585147,-0.019608672085442144,-0.033332754794432456,-0.029046551358686463,-0.006753018417213983,-0.0020485239400718177,-0.001273613887461291,-0.010568084374026874,-0.0009807980545289857,-0.001640882688189797,-0.013649654218977191,-0.029059521836114724,-0.007720016516189752,-0.005318681928247222,-0.010752901909692138,-0.026527236050132647,-0.007267622690619121,0.004074043597136804,-0.007414635295012407,-0.006737925041241346,-0.0022336027217492475,-0.023719449059555156,-0.002641955783585884,-0.004563259562505488,0.001426623868080274,-0.017086263105867264,-0.015507686903088656,-0.0001930119767442509,-0.006202060378990646,-0.0007565314111687159,-0.005280500252101278,-0.00033196643153589176,-0.0034687361299204247,-0.010948373628923473,-0.04448975346183484,-0.06364723157609967,-0.0014750777588255167,0.00467379079162032,-0.05023051683991281,0.0026899221864753295,-0.004987241879862992,-0.0015893707851100793,-0.48379528868493504
-0.01778694430564639,-0.01964633930532225,-0.033330845879840566,-0.02859895863565496,-0.006742925968754662,-0.002037562888638816,-0.001273613887461291,-0.0106152428482185,-0.0009571071608396219,-0.001648978978414815,-0.013649654218977191,-0.029024056191547028,-0.007610666201823799,-0.005180854494886874,-0.010421847154158436,-0.026683995089392756,-0.007267622690619121,0.0034918821840710565,-0.007070923536263019,-0.0069124556178154105,-0.0017587285487248268,-0.023719449059555156,-0.002613541818339741,-0.004506018700843617,0.0017707551274309934,-0.016705487476847653,-0.016135236514213627,-0.0001829155610011563,-0.005989789183416589,0.00047951299682967173,-0.005280500252101278,-2.530697464655747e-05,-0.0035894545119844593,-0.010929156650312334,-0.04496381696756505,-0.06367513014916398,-0.0013852939909740937,0.005797226700343475,-0.0497889097313302,0.0021810281978329967,-0.004864882464430945,0.0009412821799932889,-0.4779125262232253
-0.014984559775732693,-0.014427344935582254,-0.02420814832909041,-0.020498144354831285,-0.005760457179514293,-0.0017378931681343505,-0.0015266609629043454,-0.009304660950172863,-0.0007623607371252646,-0.001867858744717011,-0.012050096929009916,-0.02720295245181514,-0.005884396027157891,-0.0047423746641744495,-0.009686283777469704,-0.02267982562561807,-0.0068635654834605445,0.001206877978534301,0.0011220859235558439,0.016991482862731132,-0.00037521082317964517,0.008513260836644637,-0.0070255671141191195,0.0015461136231302657,0.0006407760574322253,-0.017447075977651744,-0.016718330830694204,0.004581010470251911,0.012938107114042627,0.012034222171832273,-0.0016628164752163503,0.001703970387059691,0.024644313418759556,0.003807291916244418,-0.03398892507623289,-0.05367406445945648,-0.007157169387319308,0.010465719601222096,-0.027125370307401114,0.004123429529115515,0.0002571865661912216,-4.016819838292581e-05,-0.24482643428941656
-0.014941748185586327,-0.014436485840339762,-0.024144601425639765,-0.020591876725558993,-0.005880224958091279,-0.0017378931681343505,-0.0015266609629043454,-0.009304660950172863,-0.0007623607371252646,-0.0018292320151999226,-0.012050096929009916,-0.02720295245181514,-0.005863240444427445,-0.004734987329558672,-0.009767846282954271,-0.0225183674796469,-0.006919124516015283,0.0013024661082227096,0.0008793820776185995,0.017372905880762138,-0.00029357081911034297,0.00794787247725171,-0.007317848642969389,0.0015513855156263899,0.0006569670893486955,-0.017367867590263222,-0.01701115725999406,0.0036348541809113175,0.01290478595966564,0.012503727002512855,-0.001514665217891065,0.0018018202865054094,0.024657351291932018,0.003834205461759989,-0.03396769260745806,-0.05311437589913079,-0.007084362617873215,0.010344027689115319,-0.027152582703051348,0.0034946351076117106,0.0006171732275960396,-4.016819838292581e-05,-0.2455730926018644
-0.01492692097952685,-0.014383570980547683,-0.02399461510399353,-0.0202363183666779,-0.005880224958091279,-0.0017205206757523106,-0.0015266609629043454,-0.009232399137841553,-0.0007623607371252646,-0.0018292320151999226,-0.011912967830282043,-0.02714382248838932,-0.005863240444427445,-0.004727259211073924,-0.009784122077637354,-0.022322186923227048,-0.006780448356859196,0.001544720241502647,0.0005844239557242303,0.017032672492839677,-5.313115365264939e-05,0.00791215318782477,-0.006813528536567469,0.0013705584995090231,0.0008073272978802247,-0.017563852588901377,-0.016510151648609764,0.004844573086737236,0.014298162081926661,0.013010341896666977,-0.001514665217891065,0.002458243740130548,0.024657351291932018,0.004198764011857405,-0.03314784570225371,-0.0527048304845887,-0.006865244486510393,0.010427500248269545,-0.027391999083531217,0.0035099763691902527,0.00023430388918707707,0.0003439118170824258,-0.2383571360438026
-0.014950971940460056,-0.014370171675564229,-0.023994141930485418,-0.020497076370088012,-0.005880224958091279,-0.00173991620376374,-0.0015266609629043454,-0.009304660950172863,-0.0007623607371252646,-0.001867858744717011,-0.012000200327043615,-0.026832305729622374,-0.005863240444427445,-0.00470936691188219,-0.009784122077637354,-0.02275973523579107,-0.006919124516015283,0.0013024661082227096,0.0005417010869209626,0.016149914055360315,-7.601651693913694e-05,0.008507405934447826,-0.0073043825720929415,0.0013701153092310395,0.0008073272978802247,-0.017230462552907642,-0.015243548841681429,0.0036269685153323167,0.0131088184419923,0.01306202136000915,-0.0016417554709032083,0.001553213482859093,0.024574608060847658,0.003689578985893557,-0.03315968889454174,-0.05318141372046338,-0.006969785050083817,0.01034413789333568,-0.02765312781653194,0.003390778556693781,0.00016114755341169575,0.00034394654255475067,-0.2436881719669437
-0.014680229474122133,-0.014321313493416641,-0.023695797761301356,-0.01997135314617716,-0.005672656189010599,-0.0016847320181221951,-0.0015266609629043454,-0.00910032613200939,-0.0007623607371252646,-0.0018292320151999226,-0.01164236732142507,-0.026832386255416816,-0.005846930992986145,-0.004701979577266415,-0.0097458964931817,-0.021855920777383485,-0.006661200076571488,0.0025225472703524127,0.0011419009353817043,0.01771320218922809,0.0006157482831207386,0.00846650093577019,-0.006143642537851812,0.0016203252702284756,0.0008293106233084684,-0.017289471067418804,-0.013822286518355008,0.005620019606544161,0.01595336373735331,0.013958686426069749,-0.001514665217891065,0.002760920073123767,0.02581220178907231,0.005411800121948875,-0.032857936084986654,-0.051563264389201835,-0.006858575070869279,0.010427500248269545,-0.027402136486478476,0.0035099763691902527,0.0007014979438500681,0.00038388677299910266,-0.22053393220086184
0.023576857342495906,0.02984052908917046,0.03154408738428769,0.028502991956781378,0.011760824806416716,0.004081268311399936,0.0010231711427334876,0.023923944799653228,0.0045982748847167325,0.002206727835374809,-0.00440504719033956,-0.0173745863196905,9.832904798209383e-05,0.0007062702047001424,0.008354189766662346,-0.024156066415928955,-0.0013304069495298574,-0.0007909775264370179,-0.009048280407692547,-0.00024415731858953854,0.006430814677940754,0.006113432479900454,-0.010148681829122114,-0.010508886513116164,-0.02558484249721079,0.003999514196597541,0.0003078651334455391,0.0029697207215132666,-0.003526742365983967,0.003032389238821736,0.001930115193552625,0.006751806104684308,-0.004304731103342171,-0.0032340831771872475,0.01944951013856346,0.03330490166589127,-0.025500878524207102,-0.021555055920415286,0.015854328578465575,0.006139600402248099,-0.003308115361594054,0.004616289139575678,0.11609621482318835
-0.012388391991879124,-0.003682173162305787,-0.0053773720226677185,-0.00699211976335327,-0.002844166977588534,-0.0011701100107863623,-0.0009554994962574857,-0.004930291053783564,-0.0012211382694574187,-0.0012702654443712824,-0.010139020371602714,-0.021692742575714807,-0.0030655909825582687,-0.004247194758050403,-0.0060707715849379635,-0.02270210719502341,-0.0061699602879662085,0.014382105224239989,0.01606334102127194,0.008180786645635815,0.02493356492112334,0.01053854259137619,0.0022541427642953334,0.011890791015651324,-0.005015976248052677,0.0077606875653422665,0.014931356258382348,0.012081858516223367,0.00813243302939687,0.009466279247743644,0.008994360654229299,0.010491006618453669,0.008421884386781747,0.018014299539577464,0.03893861013173647,0.0718257706023614,0.0027676491274116724,-0.005408279361140459,0.03463630377678828,0.010174699075646759,0.006467209410234609,0.031385342601481625,0.2573898531678879
0.0026419133494262007,0.034746487503511336,0.039516031470976126,0.030371014245020096,0.022258757970954376,0.008085863113851382,-0.000686311246873956,0.03607862670015247,0.004637562738592561,0.005057589473438635,-0.0005280281960325871,-0.018196535769757754,0.003144814464284878,0.00809525406210093,0.022882737778681116,-0.014516238805566755,0.006538428119005728,-0.0015118390081343487,0.006499861394339576,0.0016272167069156772,-0.0014605506834058115,0.010446206712673751,0.006760357233238452,0.004012794209194408,0.005741134825360758,0.01048471463418655,0.01991099880987441,0.006208206023916783,0.02072174818459928,0.005317977776568091,0.005103030941457133,-0.017137246493105284,0.0041640516692073,0.006066133884468538,0.023780696883854726,0.03622651555936283,0.006515254003213656,0.018658669633846776,0.023614260512544043,0.0076568391539919905,0.00216509851562581,0.003819926997360152,0.40552002505292006
0.028727835004565702,0.024620772982627253,0.04224320930502965,0.0411436551392942,-0.0030435352202694047,-0.0042098635663915095,-0.0019978521716593665,-0.0038938232841023864,0.001048000453788508,-0.0008781027740454999,0.01904153174743942,0.04780901372081505,0.0022399610992951684,0.002410075145930927,0.015330758729270698,0.04861610171697223,0.0037121750380410797,0.005446439546473803,0.006135667349840542,0.0007643267452489119,0.0032235619172268156,0.011236349608653546,0.005242867159600425,0.0018891372480219556,0.00753301032818848,0.00892029568137015,0.00962326676223328,0.004863710756105839,0.0006710879764405194,0.0042722355818030746,0.001966563815321287,0.005720915928551468,0.0012064904504626621,0.0009326180109080777,0.023267521346624947,0.034551803375697084,0.004776682303601111,0.0175105224778915,0.027284178253317328,0.008174121738551499,-0.0009321290809256798,0.00017858106482363025,0.45737973941263405
0.0017901401926099974,0.04414277178998271,0.057215168267017634,0.040983344209664783,0.027387403493482183,0.008116287911117502,-0.001736002139228617,0.04337596604147913,0.007664690706975167,0.005579305243482025,0.003984894863869693,-0.005306787296762067,0.009203986216538788,0.008195433601405077,0.02241670528673363,-0.008848188294864808,-0.0038811568435596347,0.002834530241418848,0.004172805188210407,-0.0044462375990929875,0.00389677129476274,0.009591950152361077,0.008181626292411594,0.0055067134101889495,0.006467112344437294,0.010019297281996645,0.018121446051189,0.005297761389735975,0.020526825992330088,0.004952174817168223,0.003538178768817832,0.0057836621108393995,0.0025340864191847456,0.005908337073727378,0.019996003169096686,0.035158514090897104,0.003566840975036648,0.016384998057860388,0.021340842875888926,0.004183724301203097,-0.0007519238109988159,-0.00030232370014439706,0.4727476804384701
0.019795352064013127,0.00035697015928975035,0.00433902125756597,0.0019452246530433693,-0.0001816266988419598,0.0006894544013596512,0.0007557732692137977,3.3154982350588056e-05,0.001260085485231469,0.00033701571550075594,0.03859163854847747,0.07256180835136657,0.01475619888314033,0.010000854238364481,0.003693370419309229,0.07220074395576816,0.013869353287518685,0.00391948248975847,0.0016444217492689206,0.0014748711954048624,0.008739854723938926,0.010213855927948096,-8.659430415871337e-05,0.0027919582808651183,0.000826312895799537,0.009690345792762919,0.006832753733199936,0.0020617947404523358,0.012349044130669836,0.002974822220078972,0.0031829794868674897,0.009252166631998083,-0.0023929912609385803,0.0019789513760413648,0.03529562756345823,0.056683263139362804,0.00414669178726171,0.010941635586317418,0.027506530077780776,0.007064930158110942,0.003251793429046291,0.005181421164243372,0.48053031568821053
0.0001440833419443402,0.030682154012462493,0.035188252433268924,0.030269090701892043,0.016903916548255966,0.005367727348778541,-0.000889313576512704,0.02882597856885609,-0.001180160160442412,0.0029081343633868616,-0.005969439340255508,-0.010793459590597564,0.0028288410682815184,0.004290688196795059,0.021887591043363984,-0.01647167780792178,0.0056115987798940215,-0.008530881770442061,0.004839850604257399,0.0014997556438432775,-0.001573755429751267,0.009301693397381445,0.0013267720164452607,-0.0002473706776946242,0.003892229206236653,0.00959196475182376,0.020024179991448177,-0.0006310368424530734,0.019250621472041617,0.005455609305663528,0.006119416684530106,-0.00034098850109208603,0.004516076159923442,0.0046165250137866955,0.02307301499107644,0.0366785549811233,-0.001056716891678734,0.011823024166485997,0.025581699156477983,-0.008012225847866343,0.0006844203162447748,-0.004241334492052836,0.3132451033372087
0.06279360601778006,0.05424773871018844,0.08589538847584914,0.06819684556288107,-0.003911455786289918,-0.0013481181507984804,-0.00045645393198141246,-0.006457880502354458,-0.0004996204622545457,-0.0011423544326369204,-0.006877968975461475,-0.016993257500186338,-0.003510099795551018,-0.002717616386163411,-0.0073970794333612505,-0.01733181308041459,-0.00428191842559845,0.008192434242494615,-0.0007222440344041776,-0.0017182233496676191,0.005945369575536714,0.005163467695909412,0.010818270613103828,0.0008271098119643033,0.004368945549209358,-0.0010371228821098864,-0.0009059588102485212,0.0019358645256024078,-0.0081866067459342,0.005037444233175377,0.0009839603008678082,0.008912262982849901,0.004286994443689706,0.00983764878114132,-0.021281043667265076,-0.0300623155661388,0.002773869236211362,0.01631656538344311,-0.016836518963227916,0.00902482411229875,0.00010398970577236039,0.004692035791059772,0.21667896486898036
0.017016773395837584,0.030983437964314152,0.052518571746967994,0.03789822879174935,0.021438650848076595,0.006255270968324897,0.005005336689769795,0.035324266740700445,0.005240491869090008,0.0027822596516532787,0.0036772447911724666,-0.004502759155061553,0.0036268235655986347,0.006801278375951255,0.022932622063360716,-0.008492410712129021,0.002242060827839511,0.0050660200557353435,0.008826510216376938,0.0002027195889928114,0.0003792466616351443,0.005805173093321454,0.008120223208346928,0.004783669728340634,0.008457320490726705,0.008108182458824081,0.018710139007182557,0.006102132307282967,0.01772752384210194,0.005358748729127672,0.004998427342669025,0.004386420981679544,-0.008460686512334366,0.006067936573760866,0.018801287057458548,0.03236706913100241,0.004587755633433057,0.016380075851661055,0.01792381214070108,0.003681103235299603,0.0016652615548022286,-0.0008110163839294136,0.43998320441741495
0.024604363084004707,0.026284752639059356,0.03738628572335632,0.03104760918531822,-0.0022588481724075665,0.0043765372379457185,0.005134246271151561,-0.0024904875869997205,0.0009582762828271358,0.0047832450476517,0.0245888286216876,0.057377295493873465,0.010593194207421854,0.0043237169978521455,-0.006460294312002556,0.05368239666524548,0.0057855016096227865,0.002201615883612069,0.003830185526303093,-0.0017674244720699915,0.004539439878725661,0.012875388907888797,-0.0005452275946827952,0.002619508927715879,0.006972040200995285,0.007925391341902193,0.009506194929590522,0.004940752877408918,0.012771153463294806,0.0033124017708461985,0.005444092424670475,0.00692868901265176,0.00010663762459255265,0.002675011738091679,0.021488331141199035,0.03480807261749831,0.004220545109790773,0.01819424925544123,0.01991630170999768,0.00675566163482069,0.0018424904976594339,0.004606898494627309,0.47588502189817977
-0.012820587073185428,-0.013286480213441785,-0.022660338118832096,-0.01934449412292465,-0.004053700009001385,-0.0012488844251114216,-0.0015044684437834576,-0.00987694502148989,-0.0010690241549792681,-0.0014648937110859446,-0.009915315919506448,-0.02394389570886011,-0.007197169186236011,-0.004872293014864755,-0.009849257258019464,-0.019821331350784944,-0.006844568158940125,0.016242002114147072,-0.0027335196443566794,0.033131540274441915,0.004782061664948727,-0.007129216712640152,0.01553568195077011,0.008455620486771448,0.0038594538503562924,0.0030408893715988825,0.014916903215354138,0.008031966272463532,0.033144863141442174,0.010595518638851926,0.0036079379469457816,0.013911369018002578,0.039705419971956986,0.025144572461223424,-0.011733168278204064,-0.02398066437549331,0.0028318414320781192,0.01685001440297253,-0.009476766969104768,0.010799150260991945,0.015169281929528461,0.02396974342638262,0.07889884996038252
0.024663192118556727,0.04188261447391992,0.050141404764591974,0.04091541749494373,0.01294551082695519,0.005945448482429796,0.005461726346928909,0.02772372059022928,0.004272027868501729,0.0028390990986620255,5.692240002069312e-05,-0.009472192158567084,0.002058849516167863,0.00045480257824430614,0.011667387428631272,-0.013194003790325468,0.0006800559934093339,0.005192292753571895,-0.0032443759500933264,0.003922483721970402,0.00453154474258871,-0.009089657079348728,0.006650440001409626,0.002242849681125933,0.004405997928262704,-0.005541880147104853,0.007709682155284429,-0.0005276092769411583,0.017031068625305314,0.0010559075123209188,0.004931907544959958,0.005132548315148844,0.008805940478546761,-0.004783244858734491,0.02264783743740694,0.020275845448317353,-0.0021089295820807736,0.012745432738367556,0.025986106404786966,0.0067645864000824285,0.005653112632917885,0.006357955470561009,0.3557898271319325
-0.008240530461834412,-0.0033235585826521864,-0.0059942245065467935,-0.0016714040516941217,-0.00034276671166465016,0.000619686419083949,0.0004420866024507654,-0.0005378541347270377,0.0012928262573485472,0.000184244549840284,0.038273905461352585,0.07270018681190753,0.01625374744835033,0.011147719891930457,0.004878240861173065,0.07277454365406504,0.018470346906951818,0.0036595881540502236,0.002591021576718921,-0.0012900808642897276,0.010921159049843409,0.016731032702684397,0.002205048962309483,0.0025249220984837643,0.004476332549671122,0.01057175257112408,-0.004071577061523157,0.0024695185011610384,0.011257907875622947,0.0028184638120380343,0.005869551777877311,0.01395741420474715,-0.003273327054697447,0.001319755130281038,0.0424256613505089,0.06119601779807447,0.0059010991067871025,0.011965823998148748,0.04098116835349131,0.008504613921847313,0.0023007475740124423,0.005037669053121203,0.4779784815574292
-0.005858972706895143,-0.0045117209737764235,-0.0035500681140648092,-0.00543598332043755,-0.0036079767139052797,-0.0014330449229002353,-0.0010292925738196478,-0.006061889749854265,-0.0013509591258904685,-0.001557045126951936,-0.0065082536275611795,-0.016696668753293644,-0.002927155455844499,-0.0032556481327396217,-0.005121675235229993,-0.017188350082515035,-0.004139562734909681,0.008814605909757377,0.010168532548350618,0.003323874564055542,0.01030002143580604,0.017693248084462425,-0.014405839387166545,0.0081335577704392,-0.0052792587880915514,0.007191320577638596,0.01297549532391551,0.011443634465454886,-0.0068557142996824305,0.014577452131514854,0.005775095265088906,0.02500831862113919,0.004741578921110014,0.00394965659671836,0.04127784969355337,0.07654516415678896,0.004188972332899346,-0.01322699241143923,0.0425576004510002,0.00108497482854974,0.0011202116529311842,0.006550736517187976,0.18741982961139314
0.0012408473061654077,0.018999133936400715,0.041668410861166294,0.02438040072002196,0.017859384866740814,0.0007942654441709062,0.005232785478472487,0.030041065385536712,0.00532439112614908,0.0015425716959565313,0.002901879718424036,0.044091526601403086,0.0067993439853916,0.004428467110808223,0.019698783562449102,0.038696433706715716,-0.0004042304176802655,0.0030289778280128705,0.007078409928982972,-0.0003657935595999813,0.004396826333763135,0.012147766163399574,0.005058668481429564,0.005025849340146536,0.004837365639931145,0.010519640463990529,0.013693398876977896,0.004890726144911244,0.01666952085749376,0.0010855022746486622,0.0043234183259263734,0.005117820094974446,0.0027928628415406697,0.002028815868002564,0.02417705120731158,0.04076781277890933,0.00441602944069752,0.01654059098011661,0.024461661649721734,0.0058273097401400804,0.0013009520167057205,-2.080862506455448e-05,0.48309583618136237
0.020376156566088138,0.037181673892684786,0.04500791496759997,0.033321936974340126,0.02182757490188757,0.008258073187443706,-0.0019931333617002065,0.03212343455464466,0.004218781136585032,0.0053021045405436526,-0.05072254775904041,-0.020113992608896816,0.0007244981536624046,0.004406322758366239,0.006563237774476236,-0.027233698100569054,0.001035428917104463,-0.0010066781707878986,0.007221490683739221,-0.006887534266242368,-0.0016114863570979455,0.008621847393545042,0.006779693817360617,0.0036097176228177276,0.0066628606036632865,0.006314391684114016,0.010230284962175469,0.0026308937886182714,0.014972291883709852,-0.0012550266700024875,-0.00044443783011344836,0.003243560399553874,0.0013484830425157994,-0.018798237571293074,0.01578511318150751,0.02662318846690989,0.002804889273789936,0.013383885197745542,0.01491439924691006,0.004284222102095618,0.000860808984099618,-0.0019434704190855877,0.23862891754546905
0.019070663997451536,0.001682439721068031,0.002445911858943574,0.006621954670320091,0.0002024045508754277,0.001355214127703232,0.0015479262745926928,7.301438220905595e-05,0.001532212396006138,0.0007673263649055081,0.0311616720318572,0.05433406888392769,0.014030249122821201,0.00892337072370528,0.007205919323569854,0.054860892649381446,0.015009229350562724,0.005969406794234684,0.00125577595586722,0.002025735460027568,0.014586856781753369,0.01552326177909327,-0.0004029284029933095,-0.0003675497597836364,-0.013806026885738436,0.008356383855616094,0.008503886366517194,-0.0025197445218133564,0.004565431021370348,0.006974504045291601,-0.004228828096597751,0.00870437603098202,-0.001488192007136617,0.004235699462641155,0.034738325445756585,0.06284289750435927,-0.007343135832594728,-0.009104680758745114,0.03135169222974083,0.009053590525774027,0.004182198699809457,0.008788286170728134,0.4132216922940605
0.0037738132621822577,0.04207502795011762,0.05838199611098509,0.037870918630830794,0.026185563122200172,0.008365701561000305,-0.0013364655250901669,0.042936272263790064,0.007395459048296158,0.004563272904294904,0.004013093894512299,-0.0032461341612171042,0.009665510686702378,0.006391297680330482,0.022243438124038725,-0.008507887938098913,-7.406850314266894e-06,0.0029466917878445647,0.007602175293582818,-0.0009047745375691961,0.004375717601866653,0.009829426138371802,0.00812261020097289,0.005678876202332807,0.007450239725113926,0.010291072567074774,0.01850854167819801,0.00599126767361718,0.020704802721536224,0.004828356845313687,0.005513261773964625,0.006062563172389846,0.0033425479118749297,0.006401218800359493,0.02068383089943822,0.03594167207418071,0.003843223884147105,0.016854764188488875,0.021652704271279233,0.004268507105001235,0.0011656994294566914,-2.3487666575144928e-05,0.49189498050682273
-0.0013769501145422778,0.03367579408695388,0.04921649326995568,0.031143722663701884,0.015705682158412785,0.0036002435837735646,-0.006836461861259034,0.027521947680156072,0.003417715724937645,-0.002334528164393378,0.01685676950335797,0.03602912644302411,0.0012467405074656844,0.004049813140956846,0.02037324773786995,0.031312785421382064,0.0018679640421208226,0.0028251634591583592,0.007119574825247854,-0.0003484495562827032,0.004292008484683254,0.010483336262739031,0.005619527103474348,0.004605098883625806,0.007535522536057572,0.009748013218057532,0.015836149867830142,0.004621525876413384,0.015894877900812725,0.004234003867973306,0.005340560954157739,0.0063060827285726425,0.0016415972690983064,0.005268030008608049,0.019773295566966834,0.036283541509723856,0.004319319884739723,0.016464823345999715,0.019829748848848038,0.0035085270987305173,0.0014097297980388383,-0.00017879806554715774,0.477902917501602
-0.009318183930133754,-0.00019671640123952627,-0.00023245639648528254,-0.004381398304643347,-0.0008696993483571304,0.0004572799441288528,0.0006494970905982672,-0.000197411422357783,0.0011000104613506651,0.00024700842887800327,0.040711694440668286,0.07682403958042047,0.01503446690310094,0.010364255198437292,0.003254741310621479,0.07515567183922488,0.014583932514562137,0.0026443443674356876,0.0006230700799296768,-0.001300946808130722,0.009668755100505466,0.01212032670935851,-0.00016942716598644116,0.0035327380441059443,0.001248219383778353,0.010139996506923488,0.005769001703534971,0.0012601697456111009,0.014344330820591476,0.002859460296148313,0.004991177280538356,0.009557142163143031,-0.002409687570564161,0.000602603264404851,0.03576133928507689,0.058015580287268956,0.0032657292254865793,0.008753561571264045,0.03432241015907011,0.00619524587968028,0.0029514010634743657,0.005749462578681056,0.45368273588010455
0.017870137655490004,0.03228618055728797,0.053951555663379835,0.037684311893542474,0.020720085561008517,0.006488111422610097,0.004546686138874764,0.03546703416106409,0.0048495482630105426,0.003019832222475206,0.004858583422213792,-0.004179477353109122,0.0026186154733032533,0.00631515003288071,0.023351498932199125,-0.00814193922601175,0.0020374092228787905,0.00465701680758673,0.00924560248028257,3.83218362802084e-05,-0.001637324086931583,0.010178458370406145,0.00832464308277985,0.005024512886129996,0.008131136736834244,0.008558292750891181,0.0203444447830981,0.006385772836803833,0.01795553237369843,0.005380772217747603,0.005038195772961627,0.0051749077591185765,0.003472358967904744,0.006096344762372856,0.01909879946632964,0.03392949395488026,0.005126164212485989,0.01603961642494233,0.020401398254533958,0.005495121904295875,0.0018056596712594443,-0.0005135420971331336,0.4674950261726578
0.024295671034396907,0.029669202658068976,0.04273290020440492,0.03251749263528109,0.006032210023942541,0.004346881625871358,0.004440781736943748,0.018604840191996895,0.0014396168950829098,0.004951616575840995,0.02523544031485967,0.05616478422616395,-0.0007508488503115867,0.0026944445828852646,0.016215730384424906,0.05005262000499438,0.0018508524331721289,0.0024453476562673326,0.0038975500497889014,-0.0018322583648410226,0.004970147999562031,0.012127216136403,2.344382110754154e-05,0.0037086316075428307,0.005721259654288831,0.006562457052725834,0.01011934989230274,0.003973262526104987,0.011837718582707513,0.0013523708849957207,0.005915338309601452,0.005993380270322968,-0.0018383532598745874,0.001935811696909816,0.01820146468487781,0.03093758964868539,0.004094399204125428,0.016197765574891873,0.01834880591503318,0.004985402221257603,0.0010346568227091511,-6.257389740988936e-05,0.49114442136810543
-0.005922073061280986,0.03226582160902072,0.05079423560774813,0.02838567774469883,0.018627799245220074,0.0021907870483008594,0.003442543425846262,0.02951318540930047,-0.00038563292361761946,0.0033491091706083415,0.0218622845996455,0.03591132607297627,0.005669173020698133,0.0027673556424507714,0.019635874926444363,-0.014120935013349621,-0.0009488180399027617,0.004345698133739564,0.007338175522232017,-0.00010592957942837976,0.00016940247519816034,0.00992701994937005,0.006282669498360105,0.004246658546468408,0.007939929975952553,0.009360677513459956,0.015707221753789285,0.004866962968415335,0.01803361864428549,0.004873898925518876,0.005884502152278553,0.006705164262976585,0.0007936404816480365,0.0032931589682153703,0.014071760927857788,0.03719647026611565,0.0036163030317035694,0.01648722219673659,0.019589072112034638,0.0028111601393910517,0.0020123509097189954,0.0002980898112419019,0.4387826140720879
0.021774839512680666,0.03159389239951022,0.04042378441358849,0.035981188589941634,0.012024331428236765,0.002859427559212989,-0.001053600267036462,0.019152486253381076,0.0030156523383578675,-0.0008959652717689461,-0.0009081890280322582,0.043028864561537976,0.009541981555820821,0.002859445754613364,0.012979144917001419,0.04353536927151156,0.0061118059324782575,0.0056423354854719604,0.005709007488647987,-0.0001739336452626519,0.004433925540809602,0.011968565504461912,0.005186064270417493,0.0020223794771243022,0.007041048976345265,0.008390312613805654,0.008352265584599915,0.003533023521985554,0.00668575786565905,0.003407638420141865,0.001259557326071367,0.005362266735701789,0.0016952460962407375,0.0009701048563559249,0.02310414301974031,0.03562675547435116,0.004842866736633381,0.01831781331592354,0.027410089566584504,0.007569427491559535,0.0007134760255645935,0.00017288290014181855,0.48126748057011204
-0.015293875454431977,-0.009661102827168404,-0.01946990665655531,-0.020852413475881845,-0.0034514833538893427,-0.0021265304203687135,-0.0011841795118655671,-0.0066000294567453086,-0.00123313985543963,-0.0018438127526784844,-0.013945739370066502,-0.032073124177907426,-0.005294027490268592,-0.005482916539031277,-0.012445137303091762,-0.030013714870037077,-0.009679355322057335,0.012958005280239212,0.0046455882633358175,-0.0014024516464727441,0.012010202934085472,0.01805354260477359,0.009766409543231809,0.006548395803085102,0.003026135548345121,0.010248821798268835,0.014399192273965581,0.012426642346216082,0.005967080013569232,0.006750305809008098,0.00840068934133016,0.010655832401581957,-0.0042148286041919555,0.01539256939654721,0.04688943291735674,0.04436387809880292,0.005606171543736817,0.0024810256195054625,0.05119721144768743,0.012974452766750832,0.0032794641528430283,0.011123050313766503,0.13289633112988378
0.03131669327311207,0.04326565529251368,0.0493143911275826,0.04660816586386143,-0.0022679769502110753,-0.005392418908960034,-0.0016230590610530069,-0.008284367316042446,-0.003942633908961896,-0.0009126917637332905,-0.001524416779523274,0.04825859976145778,0.00287965018384041,0.006681155540867026,0.01509071620653515,0.05173842307777233,0.004655778681292815,0.0059416752660383255,0.005083793013625888,0.0009896282888477866,0.0027912500876874835,0.010495121415173276,0.005580006050732513,0.0012626483397106003,0.007824008678687168,0.009200669701043575,0.009732338191985847,-0.0008986231770014552,-0.001175688637684068,0.004013430545507056,0.0010859705299351649,0.0056126553146281415,0.0004944159422276591,0.001500915363046381,0.008661502021688831,0.03025020069410376,0.0034596394054893296,0.018458375013196814,0.02246823757225632,0.008111940517270122,-0.0012285409632912605,-2.721163602337173e-05,0.4355500218592322
0.0025656614361056697,0.04526121984332184,0.05787433197272891,0.041242298925856284,0.026443112387815573,0.008217393249188467,-0.001683413419089508,0.03993659115736521,0.006540398754325652,0.0037732415047859414,0.0062468838330335145,-0.00593745336651044,-0.0020112367552340164,0.008317317030657197,0.022446503758244217,-0.007751275915566256,8.180096488589827e-05,0.0024800259327317346,0.004520184770996298,-0.004319826019812091,0.003952748398429751,0.009630395365972367,0.008284359361549684,0.005834823507574,0.006745398658666505,0.0104721609194008,0.018828549490983386,0.005686425452296667,0.020447541634944017,0.005460194250408929,0.004499049098215923,0.005691721740863116,0.003592657330596964,0.007175141366257672,0.0202272141869482,0.03427757531866305,0.00400371821243623,0.016545013935880776,0.02095625028933858,0.003916654529213828,-0.00036091922830856034,-0.0006360517667797299,0.46947438209938225
0.0016555284394760548,0.03821816037173185,0.04348485177121843,0.03230333511148772,0.021647322001292102,0.0059261285477136905,-0.0011217384301562578,0.03585623277936818,-0.0007816366169178439,0.002899063946942428,-0.00530600863643597,-0.007699229382056439,0.0019916334714211404,0.009480146872230944,0.023595538170263056,-0.009532945743999455,0.007001288598125954,0.0009423168906359721,0.009928463827394459,2.5805275832796465e-05,0.002733260275652846,0.011505104105844318,0.008061690057792987,0.005088778761675317,0.009088510072170583,0.010543994034377474,0.020408019592743232,0.005271047522037669,0.019165414693875792,0.00577780840130304,0.005326811835271488,0.005424424812033453,0.0033546249434657036,0.00558309187265872,0.024352310791696283,0.037815431646016785,0.00622431329755571,0.01798138297764356,0.02451192250694074,0.007637597146460049,0.002271066452025149,0.004868745504009454,0.45350960856881917
-0.008465106611047577,-0.011087643187526976,-0.0056056922593394195,-0.0035875028938803363,-0.00427272418474233,0.008885788977284717,0.009762046388867443,-0.007330955909280705,0.006495842435778782,0.006342646418340726,0.010273423830793322,-0.006141378705579388,0.00618184267531195,0.01793440077952193,0.025673807431942162,-0.005451965417106657,0.01178936749507108,-0.012967133422263572,0.010380863000155057,0.005894973286490121,0.00979736739470722,0.011794966915277724,0.01199396858999119,0.005377928064471564,0.008349536628160681,0.015580264899764763,0.022141524274991175,0.010204456316142382,0.02456698078702444,0.009190622891055563,0.00545743874577709,0.008527505805424612,0.007881648900211658,0.0057997405856129326,0.04254354246441991,0.05770454909842026,0.002675371603160194,0.014253391072093557,0.04407169996722344,0.002874788603994962,0.0027206705957653985,0.00688327417813097,0.38509613851061203
0.06612414366297159,0.06094496787747253,0.0880416614894901,0.07972233610955913,-0.003486059103621607,-0.001267240691383439,-0.00033842887476503937,-0.005972986720068452,-0.0006558169494029857,-0.0008489741485584418,-0.006374104225306076,-0.016593295379699304,-0.003491558289654035,-0.002851651261268566,-0.0065114511169278135,-0.017399811216433324,-0.00407582097731944,0.008737506415968505,-0.0012440979369669916,-0.001864428367950979,0.004126450161949448,0.00816100747877967,0.0024877045982301506,-0.0009076720180808532,-0.0019940643111983998,0.0017476551937659025,-0.00569118592898793,2.545820811800551e-06,-0.013323341076754806,0.004259686256615714,5.227765141703246e-05,0.008159550015255318,0.00014540249189291167,0.00902820482436539,-0.020868494073310644,-0.031466042918526275,0.004294977979833064,0.015148966351591684,-0.019103483755065338,0.006682279058662747,0.0005298970305105402,-0.0044011656007785505,0.19766604552711395
0.026856981794217,-0.011370389929362604,-0.016043931758974714,0.01418521060606273,0.00951155666465479,0.0016437791978412713,0.0030322431229124506,0.01655292960232664,0.004673576617512447,0.006669956236682519,0.023825660761398405,0.056745405441469964,0.0012846831365776385,0.005557840472365576,0.012502868905343134,0.048934124611541716,0.004658658510188268,0.004697941014878477,0.004128547993345412,-0.00044854343738951456,0.002551706412652608,0.010856982344891318,-0.0005580279240965121,0.00037906339205885534,0.008299554154388641,0.010252344739929089,0.003811847419970644,0.004690736214622711,-0.001825351749341126,0.002411282764228914,-0.0001320779390356339,0.005717923967877122,-0.002746595898353278,-0.0012762685441823475,0.027395447432196268,0.037067265893298416,0.0014814784239636023,0.014641456106092125,0.03300594464199629,0.006129414211683064,-0.0019371780250660026,-0.002190190273561821,0.3756258573298046
0.008580387336738032,-0.0010080541302855245,0.002653957042104812,0.00607277854264407,-0.0009948347780218633,0.0012179778346951163,0.0007227337542535839,-0.0025710627442436193,0.0006553121240745199,0.0006176762320772516,0.02048969671129854,0.037008098239218586,0.014720249473262018,0.006990476254015047,0.00688812330701355,0.03788366617683372,0.012925660763391142,0.0065319359374145895,-0.011102730891352256,0.0001913355861772491,0.005680920029757061,0.010167939159339752,-0.01756834282633791,-0.005936207734276379,-0.0157302421519056,0.006199689144897887,0.00576286061921309,0.0006474979418910641,-0.018011065608852333,0.0123058727363174,0.0016897142347320011,0.014778266573547841,-0.0020244849634361295,-0.015006469642728455,0.03194550066110014,0.06404782367528662,-0.009015885504468957,-0.03786877345129031,0.030121260966680292,-0.006953369537461405,-0.005418672914262213,0.005140809236587245,0.20342802341563926
0.006569100580934068,0.0013346431281552476,0.005662552016659685,0.005389176531115439,-0.0004963075120633846,0.00085944686846063,0.0008311307921441627,-0.0014893800955032553,0.0010707424442012565,0.000819872259556692,0.0231081705595672,0.04414662524388975,0.014134040074562709,0.00471438787937035,0.004254276201124095,0.04282020503398536,0.01230670848725334,-0.00015127516734239052,-0.005358022941459736,0.00030612397500717314,0.01209162266789788,0.013554103301789867,0.00022362012062977335,-0.00350576322938587,-0.01558155204826656,0.008637396754346946,-0.000760235006771987,0.000910808614921197,-0.008849105142383204,0.00397045697828098,0.002869137818058827,0.01221394205509209,-0.0026004573431890918,0.000590837271799321,0.034977024402852865,0.06196980035317541,-0.009059878635517415,-0.03562515763044049,0.03515799693783812,-0.007346225494110806,0.0019767494404852154,0.009668161742462881,0.27631550028918433
0.04301608250102,0.03836477321552843,0.048607568761946565,0.0503259767860053,-0.002752771578800606,-0.0018474519275034438,-0.00015530107437716412,-0.005075603740403851,-0.0008698395579841245,-0.001532426761634807,-0.00933136183990853,-0.021996986013922193,-0.003011308873147926,-0.004665443598853295,-0.009030263211704609,-0.023383533724256833,-0.004941454143614586,0.009218628705459447,0.0008066057498183997,-0.0001898494084544135,0.009180736855113173,0.01485629007788955,0.005470352195656213,-0.002348288563286784,-0.005550334033095401,-0.0016091894887486193,-0.002284534807199009,0.00398542582717521,-0.010377269610203299,-0.007666437287708923,-0.0010523774477591865,0.009921583325037975,-0.0018105030636874073,0.006133314273269841,0.03268689147231845,0.0297931864265275,0.004040100061109119,0.011972096000628516,0.0327625044061576,0.009420494869732898,-0.000823943889906449,0.010674071059397295,0.24893020892363002
0.02204868538730568,0.004242625501840425,0.0014833410468226577,0.012259680980456543,0.0035711071240910877,0.0006612134272381236,-0.0007348977701305909,0.0038528407723575826,0.003574756859822417,0.0020660424511900664,0.02957231946840176,0.05658242930270554,0.010413481742532017,0.007009767067714781,0.0016152478498703236,0.06075454735368875,0.008612096287507367,0.003220768863755209,-0.0010082560260229454,0.0002976119475692436,0.00879402404719782,-0.0014794600490673957,0.0005128130415973888,0.001681428118582163,-0.00581804153358143,0.009846635663030363,0.003270510777365674,-0.002405406975374251,0.012407362325246538,-0.0003366986315197407,-0.0038156542460962223,0.007178875822766271,-0.002641130128150527,0.0012772865548478795,0.02877108389297869,0.05312855021952144,0.004203114519318193,0.0135618429617693,0.026314404667839433,0.008875194309860023,0.0025027687774122997,-0.005196834105391012,0.3907280796688689
-0.007564103214651617,0.026090539053739654,0.03905176992310181,0.031200556702696253,0.0112834550027785,0.0020580322872914454,0.0027112783366712713,0.022115261910744925,0.0024280681890184327,0.004728232537488185,0.02102330921631419,0.04398114951021574,0.008540627323126486,0.004608845493206833,-0.010262244960137416,0.03835240815449646,0.005616750040947096,0.0038477404971552576,0.007418760515038068,-0.001340223830645921,-0.0013793095594679078,0.011559860254925591,0.004552996845276638,0.0041521762443113615,0.00870681685157488,0.009937866741486692,0.01205966724268828,0.004902280941340192,0.014038251517629382,0.0026993941170390568,0.006444780737030037,0.005721147718406272,0.0023913307922395397,0.004360952379643131,0.021029590868135117,0.036133389765294455,0.005224626736297569,0.018066615395713057,0.020203441550881378,0.006659807161322023,0.0019286663678237327,0.0023451575544295245,0.45762972091261567
-0.01014933185258415,-0.006746767329625777,-0.008938309318648998,-0.007728015624301505,-0.000592093751615891,0.00015288182769055192,0.00022113560442891872,-0.0026835257675861634,0.0015628439071421756,7.013414565383566e-05,0.03399798935017485,0.062462883832076606,0.017153942751295986,0.01125267806021299,0.008730408945442275,0.06331427415844418,0.017363598458963535,0.005781740481333335,0.002845253528451775,-0.00405006483508338,0.005261867498179151,0.017052723729020152,0.00549671054231287,-0.00013549918122138908,0.007690202031688202,-0.008403400829125622,-0.009279922836250322,0.0009722781627445155,0.010835316115420763,-0.006994542781274195,0.002061708018492725,0.012791186139298909,0.0005386133532337318,-0.0016464104262559935,0.04342690174329284,0.03869889766448421,0.0004879945779002113,0.015960810113403466,0.04190427782716356,0.010924125109580777,0.0024648779485749914,0.006006283675705139,0.38013665476823383
0.0243040332281013,-0.009797770623778925,-0.012972325623611395,-0.0059075341594268605,-0.0014054757642897214,0.0004454515277389809,0.000157104046454436,-0.002806364025273576,0.00067662830812293,0.0005180892922964263,0.03726333501883488,0.06924425069565887,0.017889160822469552,0.00945152586395704,0.0051714765133147236,0.06922693307801873,0.016966545027858708,0.004496573762787084,0.0017514775484758882,0.0008372857580323555,0.004979514475891036,0.01487750450506579,0.0046650699647718145,0.002887628080185181,0.006617238821456782,0.010381455271887762,0.007288482348594504,0.005464220310297828,-0.009858562568403536,0.004335541388394623,5.874976342317501e-07,0.007102408175791905,0.0022649925106107624,0.0009874054552314942,0.03658574438518636,0.04237424450526071,0.0026597783682697058,0.015999792316099135,0.03859308458253468,0.007788302497814509,-0.004488718367082383,0.0035405207946119536,0.4305566356158463
0.03797969137587774,-0.006332749559362416,0.03507650291626307,0.03892719843771362,-0.0007403109359262463,0.00035441783841747585,0.000690328057155135,-0.001607565107227653,0.001189011730969359,0.000314591914509524,0.025096857945993794,0.05233550068584392,0.0169721780639247,0.009092414338492135,0.006750824752629984,0.05522266810414747,0.014564197708462163,0.0024538857419286156,0.004677948446046959,-0.0029263522978652977,0.0012042843309167004,0.013358700025606197,0.005043529388649375,-0.00362330991526176,-0.0004496316412933845,-0.007143152949397717,-0.002605135309549851,-0.0009677147758246469,-0.009423370622166019,-0.0009677543800083393,-0.00887336711405307,0.003747829073421264,-0.002721297413662414,0.0009856177226509166,0.02713349281858028,-0.0061295925083457055,0.0011366008800377855,0.014216446772595533,0.030327634892864545,0.007178660319103817,-0.0016768089201902926,0.00527350128373487,0.35511640211640216
-0.012285954672942167,-0.007601281820235229,-0.01582272280667305,-0.015325553124881871,-0.0031493491895674725,-0.0020107534597098003,-0.0010217290301907053,-0.006389593008227673,-0.001212119439405318,-0.0017874869643521544,-0.011425042264314527,-0.026018368471204537,-0.004849886353745127,-0.005740240861641854,-0.01065558936766611,-0.027400010492968124,-0.007254455511851463,0.011965605787096382,0.01419608147802527,-0.004161620865009964,0.012873433524220927,0.0176418322286025,0.008676577155488734,-0.0007636885877116585,-0.0001404871841515374,-0.0012189886892102083,0.001460600835771644,0.01197191959532327,0.0030359660281640767,0.005795238177603782,-0.004028475259996369,0.010946116667898553,0.001264678892981152,0.004939495823277834,0.05089682333509378,0.03697238479485041,0.006760540675832213,0.0015572326839320303,0.049315777089243874,0.011310098572963827,0.006267369253764215,0.01724052324581546,0.11482489842029303
6.489613695689917e-05,-0.012858708127002913,-0.009910063324402644,-0.005274827708278645,-0.0037092193235542152,0.009887768971011564,0.009892958226080231,-0.006720275567782699,0.004594144090933115,0.006241228792632839,0.00915662725379454,-0.010363347106536197,0.002664411147674542,0.01644316416032078,0.019154386253378865,-0.012027523780134882,0.004623899367218525,0.002647171256311701,0.010183692144253586,0.004133734394264277,0.003463993196051913,0.014750619364114884,0.011469907259931694,0.003666728344311109,0.00919416832636198,0.016456199710704746,0.01745919922053829,0.007967609695757336,0.0165539911070586,0.008738422027228873,0.004621515526402815,0.013213668596715486,0.008075115111802025,0.0032885987404764993,0.04648273193804447,0.06293061720443255,0.006529633451009849,0.014549143743445502,0.04841565669826433,0.012693937780370222,0.002659551077509507,0.00840910877998322,0.3804142341576552
0.01754226227715004,0.001151602694020795,0.0032849814192054813,0.005597738311983002,-0.0002627979285209228,0.0012058774803945524,0.0010481912372024304,-0.0013760785870503968,0.0015210487273405566,0.000900107844244883,0.02926570619219727,0.05262783343343362,0.015895135285990045,0.008450271503306902,0.008062132586916232,0.04968822267800846,0.014423519011608715,0.00236741630566952,-0.0027765201156851656,-0.004558040835061712,0.009715044524527762,-0.0010832575118416407,-0.01763556213928845,-0.005586981756491372,-0.01762006006612004,0.0060885454416357634,-0.002410823443564888,-0.0001896264199369273,-0.003437317210974243,0.006531324593149722,0.0005502161925103932,0.011308571048432506,-0.0046119453519872285,0.0006830155276940225,0.031194277627204493,0.06203905626221882,-0.009176995441011254,-0.03599215805783203,0.026507298221084483,0.006249230707926061,-0.0005879666736089033,-0.00011115481210920137,0.2664813407839722
0.02733237580929807,0.03574753067061063,0.04586894916116222,0.040757854644137004,-0.0015072644022966846,0.0017433609183020128,-1.5017672882166302e-05,-0.003974389945636325,0.0013316805186084617,0.0002634627427942968,-0.0027757982391813244,0.05278098140467489,0.0013468677144804154,0.007049475977588827,0.01788381862512839,0.049864229837020504,0.004482134125261954,0.005295014195446433,0.006112532345579083,-0.0008496679401016989,0.005292501840763572,0.01191037967425135,0.005895000189265282,0.0030707262651689404,0.007158412588300953,0.008894685919440896,0.012010717321112759,0.005025937891629524,0.010436372175197104,0.0013844479337529,0.004316391862911774,0.004676472700008748,0.002292869732126478,7.58317031380415e-05,0.022813305787421436,0.035787861127184975,0.005136392349809198,0.017902385720689532,0.027073064639710747,0.006713815850059649,0.0014645732881500347,0.0005458064278366685,0.48861608347792557
0.008227369733692685,-0.011531631956455903,0.030875575382528088,-0.004630348519564876,0.02476567341991693,0.003952010103299826,0.005276056702922186,0.041511996696192675,-0.0005985494365984754,0.006021306439988895,0.0049148469530664145,-0.0039075732360845895,0.004118302109975345,0.005315598862149845,0.024654230585595443,-0.0054806141137304,0.007960055618664948,0.0026595659218319077,0.012054264916130056,0.0015050515837191551,0.0066215530726010585,0.012216468379951878,0.010115766398556221,0.005142122471013421,0.010218467562686594,0.01357552915996553,0.02164412913265631,0.007973444871530446,0.02291077055879136,0.007740230349214474,0.007520262523985249,0.010221584809125621,0.0059206460102720305,0.006530434866727177,0.031722167924343896,0.04902631694575372,0.00595876887327204,0.017517419963047644,0.030580185491176155,0.008403195503489844,0.0026665959351793757,0.0051338299590771895,0.4570230785296574
-0.003079011113604428,-0.011094867157985086,-0.005842313837172731,-0.00459235392431381,-0.002388298811561394,0.009140495283599556,0.010178483781390284,-0.007015668829581099,0.00593152902500316,0.010935620161324832,0.010804586509794175,-0.00645224752219847,0.006096202830648592,0.01731242748759234,0.02615877045660125,-0.004559984718732932,0.011494500914994625,-0.012148958183983026,0.011897325105417227,0.00422376418131175,0.010180304298314591,0.015277984583816401,0.011498972641546638,0.00533303442227276,0.010344619291061749,0.014692054014933262,0.023776289089089197,0.010004906440660571,0.026342160152546562,0.009101520658336979,0.00769788937084577,0.011630751911542468,0.008699349379402888,0.008197802198336672,0.03987985071697438,0.057906908656349086,0.0056831769702684635,0.016301504051530257,0.037211328725959884,0.009693986143821505,0.003247248287999243,0.00891340042483731,0.41861504406899136
0.005024134466916473,-0.011452495582459116,0.037219548849990146,-0.006842421371573769,0.01972812463407016,0.0029351377210875182,0.0068749198860341134,0.037185411328690736,0.007251420293032384,4.281493785062153e-05,0.003510381635742802,0.051086667036565094,0.011545904058727933,0.007600318455610005,0.021657382117435012,0.04363764925466047,-0.0008386993382823846,0.0022138504752520797,0.006781914834867564,-0.0003216157219025864,0.005523358622164608,0.012027128389459829,0.006301951368307967,0.005058793114717265,0.00282592649098101,0.010155472221806653,0.013443011807455281,0.0050240618524120114,0.017675970972392024,0.003568236767761023,0.002813892204147866,0.0076959086817507925,0.0033029262221734522,0.003042047435152782,0.027488182534043837,0.04348974861051135,0.004229068838809746,0.015150992989754815,0.024581515017622395,0.002813061273905379,0.0018303176335230603,-0.0016943118467172102,0.46118760917445123
0.007645721109492976,-0.01121373758884954,-0.013674685740928083,-0.004490002567576946,0.02018565930665734,0.004713636234363015,0.006051839355800704,0.03481183179722284,0.0002366584291654364,0.008031711266975931,0.009391510754140077,-0.006151891244494139,0.005138295607041502,0.009922265532650945,0.025433318553943006,-0.004595097247847288,0.00955496320515391,0.0008016698559413935,0.012815862151060033,0.00195051159835546,0.008422680698928906,0.014356640497273811,0.010288288885678388,0.004462932804629844,0.010411567574674792,0.014859826279936497,0.02300170304690924,0.009014710137501115,0.02382985328404587,0.008432871397036421,0.007251956160587091,0.011310347845127093,0.007087377760998571,0.005588445030388191,0.03697680282611423,0.0541059981587565,0.0026376515028169313,0.016624041956817937,0.03467737614302327,0.008149141416672428,0.0032102648625096262,0.0070318692852715595,0.4382923879239669
0.021136276043005244,0.030002739111287733,0.04273390253113873,0.028371009869463188,0.006441635349029901,0.004193922992975792,0.005440297239249055,0.018444180595331826,0.0010876867534625621,0.004534195391974447,0.027481041380944263,0.05755396109198335,-0.0058515374419625035,0.0015349757502604866,0.017643059473228938,0.052604036871611165,-9.299903218847768e-05,0.002375706078345146,0.003279946305521255,-0.0018446060682334982,0.0048852321332854805,0.012069237604957565,-0.003051968967850482,0.0019559743512020454,0.005035017191009369,0.007073540398868463,0.010173498256772062,0.004050467722629089,0.011585572595235792,0.0014439612101044387,0.0056612137985260534,0.005718515843551342,-0.0026793095870918816,0.001515092231703269,0.018734545046301215,0.029345399929282,0.004131214841084982,0.016291286599996162,0.01869108728306522,0.004936548142349636,0.0008349031951077618,1.0385071695456736e-05,0.4754808451782136
0.0024194241679055535,0.04193490591894445,0.0559105590150004,0.038422965201730434,0.02588569035731569,0.005006490399213956,-0.0017533410263039658,0.04179192761389225,0.005096657898126845,0.00535032108541503,0.0013742433000825914,-0.005757549017471137,0.010920518121812104,0.0063662023659231785,0.019569901476689255,-0.010679784887911005,0.006324107877796222,0.0018186988830815657,0.0060780933042015785,-0.0030402170401150784,0.0029065215885523024,0.009659165295647617,0.007320833797982499,0.005192152193400039,0.0064155186653628475,0.010006595016498095,0.012560148117693994,0.004217329265927137,0.01869939256257274,0.004661718439684819,0.002713054738254991,0.0056348192147527365,0.0026672414382968054,0.0034110291549023504,0.019651747570319796,0.034372868176385546,0.003719992097290533,0.014685054329354718,0.019624971491377936,0.006487952411228774,-0.0005639747325353381,-0.0008723389853580788,0.4462116068629227
-0.0077300604464447835,0.028112779941112755,0.04266009457321301,0.027944444051164426,0.014561451953681546,0.002784596441406069,0.002912384370287249,0.02594782238517403,0.001429931804066094,0.003945918364147045,0.020540670732116233,0.04528636666719406,0.0008691578176317981,0.002283340449946057,0.01740775221643645,0.03820331088332748,0.0026968372608286136,0.0026972532282641707,0.007279821275835529,-0.0026631202934550703,0.003911976210973083,0.011677700418085279,0.004380967069125968,0.0041566235137353216,0.008434382129787381,0.010126500101139692,0.01391942597504299,0.004713972703614316,0.014765603854389209,0.0036121755036976444,0.006331089313421304,0.005978139785663095,0.0012528004695702435,0.003481409801464588,0.019962608173005304,0.03673308323366073,0.004583657713732961,0.01637917791135523,0.020784293004745394,0.005292095233314948,0.0015731030921211136,-9.633003210658616e-05,0.479125208855472
0.017933718460224648,-0.007704687835060783,-0.0070187034703331815,-0.0020829806556241846,-0.0009574251975136363,0.0005056813603533359,0.0005226685449694222,-0.00137556831275282,0.0005980811240811957,5.3072960951030455e-05,0.03513315408813034,0.06918406785711545,0.015205687701417033,0.009628084679417908,-0.00027565413360570285,0.06929199804528381,0.012521855067261218,0.004193201254027071,0.0009540252009215236,0.001811379809215876,0.009060884993400126,0.013785517420343436,0.0052325448525776565,0.003385677148635635,0.005979349810661375,0.012118228986300078,0.004173544899444463,0.005771279285045139,0.0011998873754407138,0.005266049984121268,0.005578590236064089,0.009818624411221165,-0.003958063201309364,0.0015996147989724304,0.03938296332589355,0.06143600323094668,0.004773794121923598,0.01613887358024133,0.04069311619151096,0.00944297786972012,0.0034338928679850094,0.005172492679093101,0.47760750141671215
0.025111468165224436,-0.0023550544276446854,0.004008901601361395,-2.030822234252616e-06,-0.0008154931901190718,0.0007206741508394377,0.00011135665328869271,-0.0010451231981960798,0.0013908507659493423,-0.00013727063287157475,0.0415131931033194,0.07894240908355493,0.01669519728109153,0.011130833212366093,0.0020133628864501766,0.07801862767737902,0.014999727605957048,-0.0002270906708645055,0.001435274722319695,-0.0013566795459321738,0.0004613628958234168,0.011179220750678068,0.00039149745105276614,0.003366149498306074,-0.0001886221507122303,0.008921442529874927,0.0023778421517527955,0.003005484439254039,0.009344408079465507,0.0020008927051364993,0.005246127973909446,0.00975324439207776,-0.004964290190505281,-0.0004417409187958384,0.03407059123372101,0.05241199963518737,0.003696175387677731,0.01440666238110742,0.031144648885019287,0.005806488550612707,0.002814938999113921,0.00034454892489631505,0.46530220802589256
0.026683657306067907,0.03146564730213095,0.04442261780967653,0.037412422397011806,-0.0037057544736540577,0.0037182383008926186,0.005089690304337259,0.00671142769742407,0.0018784264573105452,0.004734225544489798,0.01684443170515968,0.05362928180052311,0.00039295233670525446,0.004230045165454749,0.01761725443491376,0.04901020007721193,0.0018285432917288674,0.0020550280430908056,0.00755867840478188,-0.002329826036744104,0.004188592257974576,0.012025635509921268,0.003951284531170621,0.0035565684531814446,0.007466030685212559,0.007681034153454689,0.01106991769869045,0.004574368864559246,0.012880985605551336,0.0014791095593113955,0.005461552452167742,0.005802064963348287,0.001351452043257397,0.00165092964673634,0.01865867332168465,0.032460523376953064,0.004068823657490181,0.016507344202677424,0.018498073840869086,0.00487072992654363,0.0008816185876093436,-0.00041186628624324806,0.4879206349206348
0.020495709335939912,0.0010535614057088053,0.0004754356952773026,0.00016048740888591713,-0.0005540136467663427,0.0006696137231814584,0.00043239684946262094,-0.00043132961418830746,0.0013589301327564564,0.0003297997773817295,0.04365700791445298,0.07920783078058091,0.01807987574259901,0.011198884088040897,0.005275600691152446,0.07771245340440264,0.017218077468338873,0.0035536916977461997,0.000774007652720886,-0.0013923723179537564,0.007989003957902288,0.013078186102242368,0.0007461769491224753,0.0029294439216187044,0.0003991803702105052,0.008347336383594273,0.0017525025500318974,0.0018334583127735597,0.010780578255871405,0.0022824882945460877,0.004117232157982573,0.00955256954586533,-0.003075627948918356,0.0016377628138794019,0.034387708796917923,0.049267222447572104,0.0004364300989768334,0.00860989608632684,0.03292494720628014,0.006424926266043663,0.0022550227119979304,0.005943693977860509,0.4818957874484191
0.06716767049433948,0.06210819827969328,0.09051924384845456,0.08235684062928242,-0.003933520899086531,-0.0013452006044780127,-0.00045289413686759144,-0.006111853683881453,-0.0004603465091298148,-0.0008957188180823493,-0.006767842835946184,-0.0170752555574001,-0.003485221120910926,-0.0028072125694755604,-0.007721672026266315,-0.017247248558279842,-0.004103610231739417,0.008462693955735083,-0.00043825444828057467,-0.0013397731801426849,0.005787206574960153,0.010748794807598562,0.004622253942622234,0.001246423301126371,0.0048883614276730575,0.0016679132326862672,-0.000993214898985168,0.0014909832705789843,-0.0077759203737064785,0.005397583207025598,0.0010595668735857492,0.008824866236654618,0.0035767843489399875,0.008896496167441505,-0.020176550383707807,-0.029196169267998884,0.0038548964820845667,0.014439173382533907,-0.01641899718826446,0.008693757224379773,0.0008404777970863198,-6.295311502894537e-05,0.2478407550768234
-0.01106623225564589,0.0011319204188172168,0.0015682135911655759,0.0015122452378023754,-0.0004453626912193433,0.0006855120580330161,0.0006073000069754873,-0.0004173683906597374,0.0011889552509305892,0.000402571180279615,0.04182800386740581,0.07912941937820937,0.017339372981285114,0.011309546815411365,0.006080727307479549,0.0749167780525099,0.017146059671123363,0.003826233764803144,0.0002502870124431466,-0.0005510216861219204,0.009440859994180038,0.010090027700196827,0.0013159797196087982,0.002768559833257309,0.0014008696333053148,0.008295369113315552,0.006296083869426265,0.0001680581723707938,0.011724650187221094,0.002713225804425377,0.00451976575376069,0.012699170379188556,-0.0035123473382881933,0.0011895208641908188,0.034558296340119615,0.0579923780138409,0.002787653889931244,-0.003195163704083999,0.033584034038358745,0.00696153756241002,0.001468773787732356,0.008245382451273044,0.4579558476367689
0.045311980846663706,-0.01098254290039619,0.035821755803087656,0.06813171679145164,-0.00222437640939917,0.0002423965334271338,0.0003189997780122728,-0.0022853291535958357,0.0008525929210782962,-0.00021374522115213683,0.024744742206542526,0.05193838765581965,0.01826752729311432,0.009157627180749243,0.006903480184457309,0.04846361183050364,0.017425609173557403,0.005056863399026872,0.0009863677650834596,-0.00263599913558837,0.0032481844599871485,0.0016799214860980468,-0.000152990808117799,-0.0008191337172617544,0.0034991623984909777,-0.008373100252997924,-0.0006800464586370033,5.461330496335479e-05,-0.014408983766274943,-0.0020021823118145407,0.000661495148383354,0.006726083485671915,-0.0024944144675356867,-0.0008138000790580493,-0.02882523764870958,-0.045586263614761494,0.002575108404883912,0.017576107919492247,-0.031533958608511645,0.007275598634874205,-0.005120182804810799,0.003662208684859104,0.22142985593165646
0.026625685799204664,-0.008421667228483835,-0.01054138985730699,0.03447799835742893,0.010090447938942664,-0.00024083962537081545,0.004341331453072322,0.02199124782289017,0.005444197643088029,0.005917285197362899,0.029279529329194136,0.053479945274746844,0.000266028067064556,0.006571877895994721,0.011973365896651739,0.02870364310153238,0.0032066736929431652,0.005889462608772864,0.0016097923995107848,-4.6356384680724586e-05,0.0037442585573914024,0.014531583949041464,0.0060677669913538216,-0.0005054162020296906,0.006892401471761252,0.01119057713051503,0.002286808763001016,0.005168317427639947,-0.0012740519195064686,-0.0036456736540395,-0.0036827808642436594,0.007363125962562419,0.0014117538875762564,-0.0016744178292785153,0.03182465408096971,0.03887130539646005,0.003214723601671384,0.014346880454417045,0.03633693152329424,0.0067882255483022935,-0.0004094072070263961,0.004979295190098244,0.4144451216424899
0.023866068028010994,-0.0015062764137629785,0.0032211558512067104,0.0017306177105293067,-0.0004552199716278053,0.0007814944012690353,0.0006781521288942449,-0.0009593707380307455,0.0014150554291164307,0.0004647115348258358,0.03650597231916723,0.07098531372684028,0.013811485378727676,0.00922734404534372,0.003144725473153709,0.06670173569814329,0.012141555250110916,0.003807862422281068,0.0013712142177306078,0.0002947235289611313,0.010487760773864947,0.0063717163053783775,-0.0003763703427342838,0.0027479081456622716,0.00032674033157949374,0.009494024629723555,0.00771566507203635,0.0021887689737106696,0.012825306605890192,0.0027952837343494007,-0.00044892576800267716,0.00817930517306527,-0.0021105905242883383,0.001635345341631024,0.03399882082265214,0.057909741086242174,0.0041517280199320945,0.015112614658941006,0.027328647273085625,0.00925222601504252,0.003025603183382787,0.005768086562532943,0.46560772609456824
0.025229901550013357,0.031053818119990872,0.0396994557716269,0.035138048942366905,0.008042958001461173,0.0011041639259832864,-0.003805401898311257,0.017097200190942807,0.0021175927883127963,-0.001026505468771624,0.018336052630203492,0.042037450335004285,0.005005100493639863,0.003213305386058336,-0.006087020442927178,0.04685080182798094,0.0026484530027824763,0.005117704101317836,0.006646510364856112,-0.00035131803038956395,0.0022918522227850313,0.012874047270883477,0.005248897025912277,0.0014984571598811458,0.007405584164999918,0.008438710652642588,0.008456440885677983,-0.00215827251927359,0.0018350704001635727,0.00056303812214231,-0.00037621815427226423,0.005103481418369132,-0.0017312787094689683,0.00305413976910999,0.019399177821182945,0.029903807943166535,0.0009612668134414168,0.017891981972352287,0.027229728589187086,0.006644641102250025,-0.002160591842383825,0.003746655382735087,0.43418888908362596
-0.0059239829361592425,-0.004146185825321809,-0.0043929364073888545,-0.006045927825986245,-0.0044283386128894575,-0.0014984693380168162,-0.0013618494928825957,-0.006308914299505287,-0.0013055222043889146,-0.001905252592148889,-0.007637072056431969,-0.021303912036749438,-0.0031173228020164733,-0.003973641272293063,-0.00571315068226057,-0.020700143257586914,-0.004134323287512527,0.0062713845396187295,0.005711931993589482,-0.00013186012033817443,0.00953401069371642,0.01552030416422324,-0.016167167784295607,0.0013147871650321132,-0.010919542164523923,0.00738314403500985,0.0013386014858775583,0.01215726310658997,-0.0114507705977527,0.011105793718926008,0.007590770398661269,0.021566524839872113,0.0021821190272068615,0.0002685991288064626,0.03830239935305163,0.06585053950101565,-0.0031279495743705503,-0.017760357539996528,0.036225966914536,-0.0015562835260381773,-0.0016510267823594213,0.01510645491816412,0.09076869196468332
0.03462401261348735,0.03702269240227228,0.04611773255499013,0.04767557922149149,-0.004235750367232456,-0.0073429559392099615,-0.0024832414385381747,-0.0032212258120750616,-0.004105775511251887,-0.0006939793420686448,0.018035581838843878,0.04866552255010412,0.003203701702719361,0.004423590700458911,0.014368422047790999,0.052834571470275454,0.003973715061713412,0.003424960291296278,0.0056113493420401625,-0.0018060410712223553,0.0019964043472192445,0.008296717571614858,0.0035642045311869955,0.0016854926789684052,0.007154013460151993,0.002593098461065573,0.008751115425585577,0.004597439531216136,0.0009546038886292396,0.003563882954677273,0.0008318370965908712,0.005827862877110013,-0.0022953913878375485,0.0012037415529986854,0.009173564157132085,0.031219499793198796,0.004715055910530529,0.0166790712767835,0.016649510669091754,0.007886421900451645,-0.0013776810978657751,-0.00012387495954282904,0.42963905295484234
0.02083132145332299,0.04369678605498154,0.05220350765842419,0.0400636356310425,0.020038001369495694,0.002972690605547951,0.006275191802413889,0.029752232603044545,-0.0004394761080437896,-0.001860977943625475,0.004233727139769264,-0.009217689690757074,0.003331514855577108,0.004991943334318135,0.022714138327220353,-0.01037224195475972,0.004319262204556869,0.006081177516340654,0.0016079378637149486,-0.0018208352618923034,0.003803540461208824,0.010500715088792127,0.006240468692208637,0.004813629935385,0.005278980380811905,0.009204491619218057,0.019813883004904033,0.006355525647367238,0.018039289763418957,0.0010540383732088412,0.005243964831767413,0.005158212162158464,0.0036639751149331297,0.006636849511894176,0.01999339303695696,0.03377068002844449,0.004471323403763489,0.01658381512673339,0.021744121933143363,0.005469676190367322,0.0017121557942306302,-0.001329757936788948,0.4476248196248198
0.021603315948896553,0.018223210838215126,-0.009970025942625449,0.023136408382639008,0.006819389010282846,0.0011811635891904619,3.295968795995339e-06,0.00725349541602464,0.003936566313221454,0.00223652373282484,0.028682039358174274,0.055763197558431656,0.01095343504925268,0.006506715306063175,-0.002806115512989238,0.06040372271214878,0.008972583785829363,0.003996259042661797,0.003760130016349235,-0.0015556943199734612,0.005896322425755854,0.009668499823279317,-0.0014696938095657454,0.003254920781388809,0.005428633951813035,0.008794861103533919,-0.00025931799498103383,-0.0018225310677040872,0.011030432270484032,0.0024221691012489004,0.005422345253979488,0.008348088367457134,-0.0031588193171827373,0.0017027975159780297,0.02877916300739191,0.049063403561195595,0.005886815592569044,0.015984097257010825,0.032635597900387565,0.006609458988520702,0.0017505907931914134,0.004914008544662889,0.44998146030382863
0.024451983930481442,0.0298784968029546,0.042749263134176534,0.03269104487030204,0.006041482390317053,0.004346881625871358,0.004471049763130941,0.018330091623548705,0.0014396168950829098,0.004951616575840995,0.024919971776764104,0.05621449643975639,0.00017021273857675828,0.0026944445828852646,0.016201350623760564,0.049582635723545154,0.0019094006992227603,0.002463885172856133,0.0045326173875098325,-0.001831957458360246,0.004955252649797863,0.012163841152032038,0.00016520891167294056,0.003715916646686533,0.00581553344330148,0.006644034452949682,0.010132763790483466,0.003973262526104987,0.011894207521935929,0.0013836845827174889,0.006116103739053193,0.005993380270322968,-0.0013685508429017769,0.0016532571454865525,0.018285359913640102,0.033445861034407415,0.004196031943362995,0.016238829869641445,0.018418062083597305,0.0050191793544637825,0.001054997105848478,-0.00013581982121384743,0.4959689827716143
0.0024798861104341273,0.04561002878761775,0.05753568299842648,0.0415466312254232,0.027676319211550858,0.00790289000811314,-0.0017223882600001566,0.0414434044666849,0.007101163825080185,0.005119087355217073,0.0061605585222551254,-0.005979569714575676,0.0004640413306922264,0.008590132554682472,0.022320918405348,-0.0080463645150201,-0.0012382221425980857,0.002735092085094607,0.004546398960610874,-0.004278266243262897,0.003919667403679742,0.009598551114701032,0.00832426175098638,0.005755188541325104,0.006731000234153035,0.010041723547185057,0.018845556294845092,0.0055319274101604445,0.02034827455169975,0.005047505238080904,0.003687132621618373,0.006061457110568703,0.0034588446180370993,0.006715644459195028,0.02077150440216987,0.034283268964158696,0.0037982503491449044,0.01671488403323435,0.021063924816619305,0.003885124343193054,-0.0002898612378155988,-0.00045205134135224885,0.4738092041973622
0.0030193421953654126,0.03256449994077462,0.03781857343247429,0.02433969347344963,0.022959842320459806,0.007817804882331875,-0.000982582283103265,0.03703823432745854,0.002908855480533568,0.004795864677297556,-0.0016388373387636768,-0.03236561066015418,0.002944404007983431,0.009000950684705744,0.02261726609537921,-0.022868766370136382,0.005867259019814091,1.3434702412575262e-05,0.0065745700709911505,0.0014712082573636416,-0.0007554403598545499,0.010502608602328286,0.006981677120885553,0.004166810952889375,0.006088435710806581,0.010722118275403593,0.019503578699707553,0.006570320810562631,0.020169076681084773,0.005179491354345137,0.005145687515591193,-0.016923525850189438,0.003952339073116581,0.005576773834508725,0.023483195735446417,0.037223016031435886,0.006522806042858497,0.01816334924226772,0.02257012414806047,0.007072762543835362,0.0020538016510261033,0.002036541313539052,0.36990155604629316
0.003918365582882334,-0.012293651172955295,-0.011885871370522797,0.0011612803258824146,0.03044448880824062,0.006624356648904571,-0.0006985910594860787,0.043313926378922854,0.003992874547976959,0.005084403506739108,-0.008932545516122136,-0.017836741083376753,0.002549514062901736,0.010249955236150863,0.022904764014086403,-0.012725210048700725,0.006176379607843908,-0.005142524894200706,0.009149192589247027,-0.002292581184258673,0.009234938069342795,0.011951469688726029,0.009308834908080352,0.004235884509885482,0.008315948903262834,0.011799441367815985,0.02236397219976897,0.006015061189222382,0.02152952752892943,0.0022121974577030295,0.001252373148552774,0.007345125458924867,0.0036972732926888827,-0.004371345219386377,0.030131322679285998,0.043961412932753706,0.004626923090755293,0.014312071077264732,0.028186596405765995,0.0055806564769148624,0.0022579774362110764,-0.0021028290549535604,0.31560661852767113
0.02540093739593037,0.029496545371338903,0.04338706163273949,0.03514280582853022,-0.0009392199157561165,0.004941642301196086,0.006045966586949103,-0.0030458907690012267,0.003254880748044957,0.005398381874401675,0.02334811798220284,0.05595965101462385,0.010189930675971747,0.004197308551006311,-0.006832450666324153,0.05060114642931954,0.0072783765075779576,0.0019709551946384034,0.0066435139139944,-0.0016975737499340471,0.004565836411714222,0.011573757281334196,0.0058641341267330945,0.0037148708239238574,0.007846914855565554,0.007936949027380048,0.013224285178766462,0.0035048277418155524,0.013870484473891288,0.004027901763801894,0.0026005960650160183,0.006187806758384806,0.0013817909458591648,0.004892007113326136,0.016614280396822764,0.03347248864327508,0.0034506841691989165,0.01582588302227877,0.016849186915064446,0.005006987270207166,0.000699366312749847,-0.0008928026587096265,0.48296032354584995
-0.007293745613716413,-0.01348787410110509,-0.008837983064620396,-0.0054813507519514875,-0.003697705100368718,0.010253716617560185,0.010196285768410704,-0.0073372611760236595,0.004643514100564537,0.00619900319106931,0.009720497975172687,-0.0069672245921187734,0.004640391902310665,0.01750373854617615,0.02342586523915147,-0.008357531139574412,0.008523616765639423,0.0015254052729519385,0.010433861467156934,0.004748229632920419,0.010721361139161528,0.013804931687541253,0.011584976428236768,0.002598993776112812,0.009361609452079369,0.016078790727983707,0.02067024139785507,0.009306377063248437,0.020080473808417973,0.00937685959791019,0.004346360660415965,0.009613030935237335,0.007445055167925901,0.00420703817761694,0.04564364810786586,0.058775100167073754,0.00659125756249375,0.014421122342220797,0.048774129859497604,0.010592065048712485,0.0022390962000696916,0.008051358067677131,0.39463732831495985
-0.0031931994832018295,0.031228909279349494,0.04285968815964456,0.027376504717369795,-0.003390130839782502,0.0031618192705390557,0.007340855464904305,0.008421372457266452,-0.0003044934913831298,0.004206961040619579,-0.0019684326490951804,-0.014929092812984397,-0.009323558851134608,0.008254206145798828,0.022707053725229655,-0.019537946043630742,0.000710344320969552,0.006331152071858543,0.0006608397177170093,0.0008171605188766287,0.0033859302083292108,0.011379437293030202,0.007300236704384329,0.000857340411158562,0.006744662104811645,0.01143402998858319,0.010867881260968321,0.004570083359634661,0.015679738965888652,-0.007904366886087399,0.004159724847903379,0.004906178314187734,-0.000513799112346107,-0.01334532206822079,0.029811498434661583,0.02785825233202494,0.005999104751077924,0.01586173134927541,0.028369242915197483,0.005549689824529467,0.000766078039665376,-0.0009117427256499938,0.28425562303193885
-0.0018727643945512997,0.03247356642626762,0.046514374160348926,0.02548450299950934,0.01612649867924658,0.002293360440216113,-0.005566370198718362,0.0235292926299032,0.002782082287628069,-0.0034082017569044,0.017083774431975417,0.03428042522415536,0.007693835589064598,0.003193149042013205,0.016345407710318234,0.03159654969141955,0.0026372094072916862,0.004605837756496389,0.007160045917828435,2.4584032404637866e-05,0.0040592428136350086,0.010838658085471123,0.005030508767521102,0.004566740571688102,0.008321572386892276,0.009946361800314711,0.015260126593718207,0.003684383430582571,0.0159956998342276,0.0035171218418510244,0.006034558491208076,0.006394770454209582,0.0014625145537866039,0.005766502470671548,0.019239929710057172,0.03604419452506674,0.00426958793296457,0.017617300976277714,0.018435494829367766,0.0033605080613817364,0.0012369529873877995,-0.0002636455295273725,0.463796245664667
-0.0014289759883807575,0.03388314255203888,0.036593404756923374,0.031980445091189504,0.015466721470516214,0.006121582438418381,-0.0002197143211645568,0.02581523884192378,-0.0011550761670691386,0.004096982100661742,-0.015264086298885609,-0.010662994904830511,0.0019427608877712584,0.005879401651560269,0.02266003133074525,-0.018416323735364094,0.005708718262818412,0.0011374192890992126,0.00883913843066716,0.0018445258281546788,0.0016463029515157055,0.010311100915552204,0.008606013685706496,0.0038716546413156017,0.00738852788501691,0.010839462598348755,0.018378874402986772,0.005429491112861562,0.01707923136897668,0.005071910184013475,0.00454530845235284,0.0031378997583005014,0.0027376536219248,0.0028055736303030814,0.025849910740071393,0.03518727075656354,0.0025570009761902027,0.013692151955353237,0.02997218919811956,-0.0014424061514577483,0.00020251745165273308,0.006182273529003982,0.3688722551814657
0.004047239515010781,-0.011341221923596451,0.029302607108205737,-0.006900945399009193,0.0196124804198042,0.0031026721589476544,0.007185156041483566,0.03513213381050867,0.007706638051987155,0.0017048128739608742,0.0020747789060932497,0.05297782425378879,0.013447733541372263,0.007218604492564377,0.020622409783132522,0.04981545770326402,0.006815532819684808,0.002436132752082013,0.006168392356559846,-0.0006273865404835838,0.006184565572298333,0.011881343953455872,0.007287815005828567,0.004174898394131806,0.0041719795718616875,0.010191264535011648,0.012684779480959744,0.004605868620857985,0.017689015090522762,0.002995511510473728,0.0028624521166315466,0.008390437919255055,0.003213329725803848,0.00388236174688861,0.027368966310787734,0.04315244621512798,0.0038787630253543474,0.015217542907203403,0.024466777694773678,0.0033780841653536205,0.0018026907722121458,-0.0013128817200374308,0.46866906534011793
0.01935787577634702,0.0326076001337834,0.041403269635006165,0.030428215490032377,0.011692282893376782,0.002776890362411188,-0.005356991486536525,0.01670827600616758,0.0029187501596947512,-0.0007107013847298384,0.01762121525364286,0.03627182136005014,0.0018761802845282279,0.0029060610379637144,0.015386733575921418,0.036086253448728636,0.0036013568428892367,0.004559236201856703,0.0014102937077694216,-0.0013365844601854662,0.004501393522007188,0.01150155100672338,0.005568124255815308,0.0024507888837943907,0.005757812050612381,0.009205691269357967,0.013774948651404814,0.004509473437899684,0.013091420761166015,0.0011843614757570558,0.0036849363462981644,0.00588843046353024,0.0014279255997376936,0.004073517092126359,0.02244878910415617,0.036278095927629324,0.005358766106098237,0.01857224704541366,0.02593761830371665,0.007816925982268094,0.0004359404730634766,-0.0006841938218005946,0.4729925987754935
-0.0030012411325596134,-0.0008251766271260235,-0.0019073646936958954,0.00013708329918313316,-0.0015954761514192658,-0.0007725813371813768,-0.0006961891932709839,-0.0028514138843989487,-0.0007081293525760801,-0.0009447413662757355,-0.002281061084932913,-0.005906872251154354,-0.0011067414362540844,-0.001308359559292835,-0.0034042278822881164,-0.007040060426458378,-0.0014002015910124994,0.0067548693279871645,0.04140904656761901,0.016529813648813754,0.011123628590389964,0.009732847327712176,0.013549085278674515,0.026344341682206573,0.024123932508921482,0.013478739223040886,0.02148287909871109,0.012735369609909829,0.00866430037939359,0.014020443452136499,0.007562499439659109,0.0235373306611563,0.004713433818696469,0.02775123035412403,0.04501244848220288,0.07939554422636506,0.02141949134170202,-0.010059915913362869,0.04775945024087414,-0.001724152002969914,0.025092231853712753,0.018222717235310347,0.4730188517622728
0.01848433410023465,0.038927409004645544,0.04611387076856419,0.032499558539555606,0.02319570881324826,0.006547599807264782,-0.0022507583355637017,0.029131447454354996,0.005050154994354995,0.004038915882857247,-0.008561147153949641,-0.011713978639153815,0.002197980191256777,0.007965950502158297,0.020674323052131502,-0.019245153282952548,0.005510797129508773,0.0017464647043015146,0.00962355745936462,-0.0009203246395563583,0.003145381958916698,0.010098559313424163,0.008299420951817403,0.00504412792704322,0.00876935047372319,0.008314128232006085,0.019458501483089655,0.005824814485184596,0.01878176393310201,0.006602460151810443,0.005735280141608827,0.0049622569911676045,0.0037730857164975213,0.005544130892043163,0.020931078775162225,0.03459067160427049,0.006420999769896166,0.01775072663125887,0.020801551136800166,0.0070679211814978354,0.002045515786317821,0.0021872886843577427,0.4351657265736216
0.025530413576117923,0.00017905943025314788,-0.0001100993875054502,0.017729441857195456,0.007982004350981696,0.001172708925539159,0.004329212645517053,0.013423328141230772,0.003287827409482663,0.00091121532211342,0.029438614307756076,0.05924816220051074,0.010780683768520795,0.007925451715106785,0.0021278319581176696,0.05779228030971046,0.007411455722735097,0.003935656622056885,-0.0010287088451995192,-0.0005433797754753681,0.009240569836992795,0.0005867751825446052,-0.0017302378320522191,0.0013254030213002673,-0.0014978068413127668,0.00777809248869477,0.004599353670271417,0.0019142443768084378,0.01213992265256416,-8.768660300596465e-05,0.000319893635560948,0.007027190272194747,-0.002579914835372983,0.0015573258498941438,0.028363109741791206,0.051345321001949135,0.0010741577804539509,0.013010115539152324,0.024782105783613437,0.007692781319486115,0.0021806595347551873,0.0003733011857350578,0.42093783701678417
-0.0059520847667010445,0.02404970839226484,0.0407816595507665,0.027744876010405,0.006807271975619688,0.0011211053133445036,0.004734062541537384,0.017009902758551295,0.0018060369883300714,-6.771950416800748e-05,0.021097476945290274,0.048489815741325305,0.007516153921159728,0.0030619552718503715,-0.007745351127953846,0.046244838588581215,0.005115939405700712,0.004852935579246039,0.006285174012212443,-0.00028884246275018185,0.003431679399108085,0.008681124033520499,0.00029242173002249375,0.0007375357672816103,0.006578589550052763,0.009189507801608121,0.009625183034184427,0.003468896997324912,-0.005569370454394259,0.003691680310112552,0.000346042812491941,0.00540455960565589,0.0004375838694774758,0.0019610458086457305,0.025535768686366336,0.037360667410306296,0.0044821533451644534,0.015247850485708737,0.028249676379608665,0.007116187064322352,-0.0011204081796487577,-0.00014692625411559244,0.417666364337417
0.0037950533316431635,0.042245195321974696,0.05681572616587149,0.03838886464762064,0.02621835742459986,0.007530889258408096,-0.0019075716239417054,0.04191840758689808,0.006086344510474647,0.004597239825851464,0.003989890464406609,-0.0033797183645160045,0.010082435204733096,0.006652864977843282,0.02155853866929844,-0.008553304854858185,0.003346657003850224,0.0028306852284817473,0.00710398809404595,-0.0008767857022490907,0.004071491096787182,0.009810337863810395,0.008312448023579548,0.00566706190749898,0.0074459941315159536,0.010161174720045062,0.01857307212965489,0.00524259094839578,0.020543029621948344,0.004690373681190548,0.005489860954500144,0.0059449882203091555,0.0032642120021959434,0.006021447269000332,0.020766203544392372,0.03609804956558465,0.0037435804118334834,0.016896606284887872,0.021567379766632904,0.004404897859296673,0.0007961346027711109,0.0001391191399116588,0.4880938109161795
0.02228588378174673,-0.0020351408235313646,0.0030421736221985063,0.0024123072630058283,-0.00020629207999595288,0.0007070560312349367,0.0006445602005066772,-0.0005781564616244039,0.0013852069288862678,0.0003865134116955957,0.03699654905203924,0.07301525158998803,0.014563729613172118,0.010073907924299855,0.0036026013529724785,0.07035634537699498,0.013165799965890835,0.0036239706055517145,0.0015945863540415483,0.001258136367285563,0.008248525075827792,0.009997507756759935,-0.0002987572606174886,0.0029014602722905484,6.70072028985738e-05,0.009664725727200492,0.006749525020320201,0.0021560240552831677,0.012593182770427222,0.003668923667067906,0.0029366284355399792,0.007216872459860787,-0.002285353249255345,0.00023069952286397896,0.03499425367012507,0.056356591117408705,0.004418113124308549,0.01518626187259067,0.02812955723372354,0.00781079387995198,0.003260409173310141,0.006123142672102006,0.47642108427634766
-0.0009002679636964343,0.027201735530772608,0.05501703564404317,0.022322489332088417,0.02456058706291108,0.002185686243124476,0.0036904048236529293,0.03929937634796714,-0.0007673520757622968,0.004848127997873051,0.023358018619460373,-0.008199215070736135,0.003719392766047794,0.002265044255748216,0.021639101171696803,-0.008773004957170387,0.005380489182158354,0.0055156162640841635,0.00873829434708885,0.0007234500454091522,0.001732718194706065,0.009925886172092672,0.007594838545014246,0.004474825113277933,0.008444721536049587,0.010588911124419804,0.019542530859417002,0.005190031798397309,0.019183005530780003,0.005807857377480699,0.006439663736660532,0.006439290911482756,0.001422881445667126,0.006215062121536841,0.020500169288826392,0.039892724181942965,0.004292685685595203,0.015985481270182986,0.02168428030432854,0.003053233961640976,0.002191076005108053,-6.249424855737043e-05,0.4523643904828116
0.018964352978873725,-0.0003069481944091581,0.0020436106718324408,0.0020115151524348535,-0.0003359105059904019,0.0006199912867460495,0.0004667540729378035,-0.0001527220076575617,0.0013092416045089148,0.0003234866521568525,0.04268328562819733,0.07932036778638002,0.017340160181885663,0.011609969157406455,0.005031081432212115,0.07833429269429465,0.016212104046256212,0.003928166488824514,0.00024277022053442024,-0.0013617153812806155,0.007619730424385588,0.00942800220006087,0.0006348516519397803,0.003242549348279282,0.0016897892050619313,0.008650890512032513,0.0019247748580917513,0.0016459866349532932,0.010450525272630698,0.0017871718100909704,0.004432917616606618,0.01022622228116385,-0.0036022732173301283,0.001386488051400115,0.03408957662064077,0.054303051781452685,0.004099779520434535,0.011274520150684636,0.03060370662383789,0.006004925932047118,0.0023692301089530744,0.005134388629729599,0.4856806599832917
0.024407901154091693,0.028669203988582248,0.04173032045707723,0.03418904550174787,-0.002711797424791288,0.004156480706490378,0.0063843067300005845,-0.0035998396270530792,0.0020303192516538692,0.00595801420265768,0.020938919909253804,0.05325534570248284,0.010233596039035302,0.0028440159849075354,0.009432713604627947,0.04821791905858645,0.007174492581223712,0.0021157592043562524,0.0068528658432968105,-0.002243347513803261,0.004562214877089945,0.011704666723783655,0.005371818069129509,0.00375363540690049,0.007678151795727409,0.00713186936581731,0.013733125168260718,0.004486634193171878,0.01303942792096284,0.0038726997873295174,0.0015450369927933931,0.005425270579407427,0.0013484158283648532,0.005125009863475196,0.017948215075513748,0.03408188108652398,0.003864983349144633,0.015184397269092665,0.017591323801226882,0.005039157456726447,0.00023613454376102147,-0.0007448146378751614,0.4820154898707529
0.020655586154268366,0.04290207937950229,0.05783334659971535,0.040046375559662443,0.023699831340329415,0.0077702410876630545,-0.001306168615961496,0.03741022029990909,0.0058406673941015655,0.003007981867244989,0.005118274676938483,-0.004920380103297201,0.002634463259321459,0.005927923540725447,0.02293698818492424,-0.007638165636708868,0.0004211117693750536,0.0031045607729855472,0.008465789982118067,-0.0005472984798587845,0.004049256029880999,0.009368423102064483,0.008483668873765981,0.005289545170774171,0.008211518510645442,0.008127310108716816,0.01925183370359704,0.005756568805337906,0.01955877550946895,0.0056726679862515094,0.005746646455353045,0.0053565143802962074,0.0036640759194207827,0.006302972128629952,0.018478203744573464,0.03257742610515298,0.004581277884083787,0.016268272204759383,0.018804369808405903,0.003360319902790169,0.0015873768706295224,-0.0008524728874723178,0.48300797935008477
0.005125400424782464,-0.013581823093869017,0.0541063741976449,0.021047762716318554,0.025727313000592524,0.004210713963855372,0.00564482777016142,0.0383021979594108,-0.0003988213066950096,0.007257423749027493,0.026839212651835892,-0.0081998878300351,0.004090648436426171,0.0032882641623245266,0.022374734177515586,-0.008245042153535503,0.006444916272658614,0.005606746053598638,0.009066972401053886,0.0008364977588146602,0.0016724950678140534,0.008421322404977586,0.007349909165772791,0.00487119624935554,0.008820095484184604,0.011539692695582887,0.01966211676255187,0.00591193923621787,0.01865011243134893,0.005918085209124813,0.005605882969352908,0.006690735296051406,0.004062397524463294,0.0069493617123711215,0.024725645427463205,0.04099317074915858,0.004519784838382742,0.01579227847829127,0.023220653763721906,0.0033826352266280186,0.001593485169538914,-0.0010523511975862293,0.4388450759766549
0.01627813933836702,0.026482794796044238,0.04214933586223661,0.027918013006748774,0.006651777035044487,0.003978336911714956,0.0054400618742887555,0.019234259508694004,0.0011338307077447068,0.004917365526380694,0.02780495736838304,0.058038161654065105,-0.005769634014430082,0.003686684993167489,0.016223014852572607,0.05247331430656079,-0.00025162653011607676,0.0025723782340699502,0.003812194366492257,-0.002298430401476965,0.004360550473900415,0.011942798953246776,-0.003445559727900237,0.0019621221396367494,0.005244451374326621,0.008108291922669092,0.01062791209316699,0.004333542848439404,0.011904582205454508,0.0015433096775719448,0.005900382352172371,0.0060656172472105625,-0.002938905828456926,0.0017516735821604804,0.019546811579076968,0.028650663415490094,0.00416274139884905,0.015357649204575205,0.019658823470412326,0.00490817361322085,0.00101421417154818,-0.0001417123399973879,0.4709930632233264
-0.01276466756002396,-0.013240150509932004,-0.024259693012641786,-0.017325071616464495,-0.004491124343020107,-0.0016221986252284181,-0.0014427159181167682,-0.00829596278222687,-0.0009087931275309487,-0.0019070669201984288,-0.010218684474961076,-0.026082108773095875,-0.005662564158238882,-0.0046395599223402586,-0.010750412101883473,-0.020104323819424296,-0.007604255334113017,0.010478291730986532,0.014401368339476698,0.03203037444546872,0.006873187957607836,0.015975029787662208,-0.0006703677911373597,0.0041057326121363424,0.005627852816773336,0.01019280950330336,-0.006107057320386012,0.015161377208415651,0.02626015561884011,0.015490180432986538,0.009086135701666298,0.00786545677890247,-0.00010880639594017999,0.01711811111062762,0.033748533752602186,-0.04147025954801757,0.005635676795276353,0.0139078012052999,-0.01557254244693944,0.007631388354923377,0.00728241101685086,0.01727347222146929,0.04089696088941444
0.004457002786038657,0.025605239404854954,0.05188648880292651,0.005681601806278453,0.02642894762304665,0.007743533982512027,0.007189198903825697,0.04238222819610939,0.0008696030908349457,0.004033432838198491,0.0009449622387231779,-0.010024799246452486,0.003016358091022226,0.010839853157518708,0.026666273051516844,-0.009514867562760243,0.0067487349848279875,0.0010873321748139857,0.00840127675034644,6.577504932857401e-05,0.004243858109306082,0.010439360704340955,0.006234229543339778,0.005687444433729918,0.0021109315579357487,0.01002057730566979,0.02010378886431664,0.005010882200391954,0.01919075838897469,0.005552839516586718,0.0014367097232611348,0.002478783227242724,0.002461542269961638,0.006883441922830887,0.01580123952361512,0.04114459326194757,0.0036192508781654814,0.010652370562866297,0.021864676329484696,0.002146971479807286,0.001333005258412451,-0.0014285369980147295,0.4114968941876838
-0.004231802319573181,0.02364899919119743,0.03306740992341702,0.03232660546506353,-0.012436760088187358,-0.01586209883549027,-0.00036791808398656836,-0.018048555989907115,-0.014700627032007694,-0.0012296474492755087,0.022324715884416726,0.04992275582327572,0.00822772311344345,0.0031983706159422914,0.009313628235328476,0.05020675031866959,0.008839672872798885,0.0028661143453428697,0.0014399955078521795,-0.0004628507746294973,0.004973914586660562,0.008727732375479337,-0.0027493412163842254,0.0016216291200978987,0.0006661868229008859,0.008621252204971229,0.0036131626816806647,-0.0036058692729786777,0.008552908957831418,0.00044828022920253283,0.005034813060681025,0.007893038919849825,-0.0038442496391606442,0.0007051536455054336,0.026079072613724733,0.035662946022530256,0.00039958418743203845,0.007614059709432781,0.02744097301181667,0.0014107692896834921,0.000671644647023303,0.004758026069655042,0.32273816875132655
-0.014738406456913267,-0.014296593061400513,-0.025361427285853964,-0.0220943744694227,-0.00474431381176909,-0.0012945584627478532,-0.0010152113347924852,-0.007331717020261901,-0.000700966823481334,-0.0012886724426644696,-0.009061410694079178,-0.01995613397308529,-0.004897157899028205,-0.0040224627504286984,-0.008637645651781335,-0.02015170933266885,-0.0054265251055676455,0.012722930427009,0.00380087509255341,0.025912550708830508,0.003510820346755587,0.012596150450051339,0.0191057585188283,0.007026405056922602,0.005214529956102318,0.006091223141790122,-1.1638799590101957e-05,0.012813772309210752,0.0009652012457265001,0.019086548242566843,0.00427985895578276,0.014556346360053913,0.037777410049270946,0.02683812320950426,-0.022814914036638326,-0.03178764863524327,0.006713625824185935,0.01657424233079797,-0.01277822101914305,0.010530609607362506,0.0075727920538221135,0.021082528044149486,0.04236059286471565
0.026710305029132637,0.038719613584408764,0.04807259438044776,0.043791042289228733,-0.0015641646531152405,0.0038545720054973726,0.005968716487749971,-0.005893078577672543,0.0023311392985480178,0.005901278891813041,-0.0018999469015460544,0.05473776097469509,0.0008211187503470504,0.0067871697524121005,0.019459516719947854,0.05200170458931219,0.003464070777332537,0.0009192071742621547,0.004675595538594146,-0.0025686633696478008,0.003360208451634098,0.009211120195401868,0.006092366653793851,0.0011809932244884894,0.0064045586648077855,0.007267941644746233,0.013497526977791132,0.004908036899259849,0.014438005368499846,0.0018568615869085166,0.00426338772958601,0.0044580354456058985,0.0012177890977881094,0.0013421820125548358,0.01776999059855497,0.032803943430411424,0.002712864818025246,0.015642953172618886,0.01754443359607016,0.0035326687204306514,-0.0004666645872206727,-0.00017285435339244504,0.4751559020901126
0.02946720558595358,0.0004935774803483071,-0.0042423204156027535,0.025071914984557832,0.007250716409590004,0.0029754202452058065,0.003113297448272895,0.010814439426854606,0.0034692127165361023,0.005124504588429531,0.03342862744629805,0.06116945009667303,0.011914794012897016,0.008756150540254264,0.00019645952009639383,0.06328354257348334,0.009034883598499716,0.0001284042536768118,-0.00299638963877642,-0.0012436770574604124,-0.002789499222045732,0.008847121434348414,-0.001104272077036213,0.0019205753713809274,-0.0008609180732811215,0.006947524864580785,-6.6206958360413e-05,0.0023439431108436457,0.01037419181233895,0.0034583466107592597,0.004696932852994358,0.009153660448789649,-0.0043449359705970084,-0.0006760989268989039,0.027058386989608402,0.04210540608611377,0.0017878463647878484,0.007195982777997391,0.02718237522906408,0.00239970119121248,0.0019262634363136195,-0.004604934500516407,0.4101616066681855
-0.003158789066474781,-0.0007018890251094366,-0.0006257713844352162,-0.000123738466836188,-0.001625563945898891,-0.0006428216766290048,-0.0008468887462456988,-0.0033815007082185133,-0.000807270179836482,-0.001013666647448768,-0.003152952896598603,-0.0072626684914926945,-0.0009871657321206353,-0.0017138065431059743,-0.00320412123430138,-0.009931130434105357,-0.0017369183162037922,0.009200902035858424,0.0404804992237353,0.016356763617030073,0.011512193688172447,0.014008570143006924,0.015070060903821127,0.023953568791532,0.025103930928181015,0.01326360231179967,0.02092592662032352,0.011471759151182228,0.009915200237131366,0.014018642437636883,0.007899577981745499,0.023153493700811354,0.005091175045489174,0.028783723196734286,0.046309169719752755,0.08102937869509742,0.005733653849401547,-0.008940031098060785,0.0484672079076589,-6.363953563731615e-05,0.02329849122006726,0.01705432583499458,0.4621814831124042
0.00810262540614336,-0.011658573422621337,0.04519890754009578,-0.004523839912660199,0.027322284413810325,0.0036626160541048387,0.00625712505139425,0.043835473673054876,-0.0008722872727080276,0.006777773007790662,0.0022732117596545053,-0.0036288378295756094,0.004360651622115212,0.001149485288160687,0.025543434148228943,-0.005919431624011441,0.007721552684082457,0.001969098100050272,0.011023396081155514,0.00032660102086577703,0.005178024386815769,0.01156698111490674,0.010116161082199985,0.005202879320971394,0.009619971530042145,0.012586481921636819,0.02204307123654004,0.007565152138630261,0.021525286296627633,0.006809258344389174,0.00698146672120361,0.008561644370400856,0.005707659736433067,0.0064340112576481015,0.0307167983732171,0.04738028420453997,0.006161169945944335,0.0171058181786446,0.028729280648569062,0.007489280320176626,0.002549842895367034,0.0034399186237259096,0.45239170843776105
0.03430810956142509,0.04020029067326245,0.0478634163365855,0.04880861657053587,-0.0050189202083114285,-0.008470581375912901,-0.002154771262233982,-0.003967760853557896,-0.0040490728424610375,-0.0006632635377113031,0.018810827247280646,0.04825079946494215,0.0027119838158542156,0.004876711159591537,0.013913567715423465,0.0532681365178409,0.003882843627784973,0.003306644686896348,0.0054131403226561755,0.000510015600175578,0.0019188883160755582,0.008198912188698424,0.0030049253985988287,0.001452872998766991,0.0070793740796086775,0.0027366223167875404,0.008645229577359565,0.004496675792670965,0.00033642355070397973,0.0036001346202251634,0.0005469308786383973,0.005715536939563368,-0.0022576405036898598,0.001254275073985394,0.008014753097422283,0.030007443324647498,0.003446147750278071,0.016396887047785975,0.015834713231457798,0.007619607655313636,-0.0019203484466771457,-0.00016713370816532345,0.4277619644001221
0.009775988452336454,-0.012080506378401109,-0.01065126185794443,0.00135205436753104,0.026590276463668197,0.007409672126949007,-0.0006822861951293163,0.03861673810638044,0.005833205298718304,0.0018031023173681981,0.0056200163832406036,-0.04188141785990969,0.0023724674795292523,0.013348487784786702,0.02486416681613293,-0.016539396441183116,0.008469891353226634,0.0019974160148211236,0.009109966072954742,0.0023574419920535127,0.007604137558760921,0.012495845705893509,0.01017648039215855,0.004933988942372942,0.008088134206927956,0.014246486530710456,0.01830940026314933,0.00713841163259062,0.017977270976546247,0.006122288894477477,0.0040451389660585745,-0.013289302936443781,0.005384412528222628,0.004584535159414187,0.034482259820255094,0.05154043157892546,0.00645055734583453,0.017706676704013068,0.03909922099195168,0.008171230857161585,0.00256712790806952,-0.0014745096858280705,0.344046246638352
0.02090415397657345,0.03610904856222409,0.04610911618710435,0.03773184716097095,0.011961122346221934,0.0028309000181718502,0.0034273693099227173,0.021300374535003472,0.0012168428659099096,0.004708058432357881,-3.659498937813226e-05,0.04210804840446505,0.0008023405814855197,0.005126971371435039,0.018862451300277527,0.03976783217541595,0.003581668638761099,0.0027494011473487836,0.0048205275396808024,-0.002238119074998561,0.0037945946921631767,0.010633779633831263,0.005856093981903141,0.004536303409333319,0.006514572554511583,0.007679960832850789,0.014576680204583897,0.005484935054927067,0.015390618733818424,0.0037193312565770896,0.005040314115907592,0.005950907998559807,0.001722303293926547,0.004336229720399863,0.018060705766702146,0.03428225357412991,0.0036936609158661387,0.017523726078024587,0.0191974813907489,0.0036440154635659456,-0.0001581404062253937,-0.00016600287368941555,0.4931576858813701
0.027362468356896406,0.03595780903620117,0.046154707752665204,0.04083026117459209,-0.0015944094849094414,0.0018958603945489097,-4.18650944664299e-05,-0.003969518293325218,0.001724336074795116,0.0002634627427942968,-0.0025279679767355938,0.05211050870242342,0.0013170880645167798,0.007474653183688066,0.017252065019072678,0.05000898951623663,0.004284107130244149,0.005074061297773374,0.006130471856866765,-0.0007964673593421345,0.005304854276038063,0.011766588116256273,0.005907749500370368,0.003550451372220689,0.0071636721871593196,0.008904759142653389,0.012015138412223902,0.005037090137907167,0.010461463117018156,0.0014959511200351339,0.0043121397422116675,0.0046782308144167105,0.0023494000677917225,0.00013878997726182087,0.022797491733543604,0.03606052331106681,0.00510718667248276,0.01792091500045542,0.027223555082800985,0.006713749006229267,0.001477967267931616,0.0006962414406027102,0.4899945295932137
0.004142296479693281,-0.011365620985170546,0.040189372145009374,-0.005922980287601813,0.009135199400749517,0.0045815690303383895,0.007876905116096553,0.030668908321779334,0.0010222971698516268,0.00829032047236417,0.031908069193911315,0.060826371055196775,-0.008236349949672025,0.005866134151044304,0.021643805374547184,-0.02469602740180862,0.0031042015290969447,0.0023976767488003447,0.0030295044407352596,-0.005208308512192318,0.005769433032416263,0.010845141945897745,-0.004738182231903431,0.003977882224669884,0.004565926402071749,0.010914346215208629,0.006905119065466137,0.004737133008609,0.01500973342942914,0.0034373026070612395,0.003632634283105632,0.007832851671254921,-0.005247882637607228,-0.003413934223379722,0.027845337383732453,0.04230429735200434,0.005354445073627638,0.015384028906679666,0.026361368116130175,0.00776268249881771,0.001589451066866963,-0.00044048710674607193,0.3696419715761819
-0.0030282699267514725,-0.0008693071700455393,-0.0016132849458560057,-0.0002781527601353784,-0.001485820570985655,-0.0005995474407331913,-0.0006660706698451214,-0.0028926913921643906,-0.0007026781104507999,-0.0009772224013459528,-0.0023107951393989577,-0.005893183559674058,-0.0010906901248725713,-0.001308359559292835,-0.0034976325019603622,-0.007540210552534062,-0.0014286136391506554,0.007766678562766895,0.040846561773591264,0.016705198575903683,0.011423454768266145,0.009221010631601247,0.013720340402480885,0.02622975881035541,0.02437438953903694,0.013468830864946506,0.02162394817872531,0.01273093028835979,0.008944692536288256,0.01409444974587922,0.007749852747401153,0.023462519946625397,0.0047094189268741486,0.02745152160370449,0.04549334313864495,0.08030088288254543,0.021389923457572534,-0.008682317988602712,0.048442664816299615,-0.0018105267773433611,0.02486738871465503,0.019575532657589927,0.4779179183389711
0.026797568107122204,0.04330189443896397,0.05237081752488416,0.04259101690803708,0.01460304272700074,0.005760457253698439,0.005932622855417306,0.02766066194878474,0.004227668550246928,0.004205276053572601,0.0013751406411816468,-0.008187492736155376,0.002470361150189799,0.003095822208147935,0.014856475503871409,-0.013003765813899353,0.002139451517746476,0.005984136669453122,0.0014200311587212672,0.002004630790490795,0.004867292750280891,0.003475030852393959,0.003237878356040155,0.0018553401597476255,0.00270664799100974,-0.006307780957521243,0.007646119877510724,-0.000879751758029081,0.016634081593601843,1.1675408462422437e-05,0.00459564935850037,0.005442204275791282,-0.002607919041522767,-0.004360226209941402,0.02286202527761319,0.02867292746051861,-0.002913864132683486,0.013207205863861765,0.028385151549467417,0.006214263381129471,0.0012464222590677432,0.00515043611201061,0.3787466278847857
-0.001052067595091892,-0.010829996200660557,-0.005752410520702882,-0.004879034516175416,-0.002384051735538002,0.009274352582919419,0.009403924870011137,-0.0073399477272240565,0.005049209624597457,0.010935620161324832,0.011011104363637314,-0.006581899867787743,0.006149311575072834,0.016669267431394942,0.026177115442730794,-0.0045552558976628965,0.01110792754337611,-0.012009687836811073,0.012071074790630892,0.004039783654228963,0.01015148765176077,0.015159194603065923,0.011520025386592707,0.005325522164394537,0.010163386489084209,0.014669441629667965,0.024067011476704828,0.009800390822611119,0.02532895425326806,0.008916763022307815,0.007677106849161218,0.011704711063521887,0.00868962770809367,0.008206039855942112,0.04003362615866721,0.05785087630154131,0.005675793340780912,0.016096288312685687,0.03709654915956102,0.010192303390768228,0.0033566797317662886,0.008880783368474747,0.4170669028826924
0.023516007497215462,0.03515828664414118,0.041583639435878755,0.03523761694807379,-0.0033277862924122035,0.0006769479035503966,0.00027239775352538853,0.017160797778277753,0.0022653054308687955,-0.0003387803123542013,0.000900554358281049,0.04427828669527156,0.00123481021423967,0.006147863740330209,0.018125384156043072,0.04093602572872323,0.003529460203160418,0.005096437157150023,0.006727280382582728,0.0011843202851691778,0.006445962622561638,0.013261908332739039,0.006418807693102693,0.002509369725838933,0.007049253457342878,0.008684645447931502,0.011790993324128656,0.0053860084471648705,-0.0017378514408251974,0.0009368178510520167,0.0022696171119974953,0.005560091034447568,0.002571596972125999,-0.00014461880790120853,0.02525238313150644,0.03886335091694,0.005218482175984168,0.018178321788317953,0.027930264882354932,0.008166355184417318,0.00029115680544451674,-0.00033881803411835035,0.47492895433027005
0.029856409184579272,0.029117319925134322,0.036816327492095666,0.03382913827445297,-0.0013106332697328373,0.0015104391248468149,0.004904395048050676,-0.003505516916824773,5.102506548955819e-05,-0.0002967373727677554,0.02028710863704104,0.045338439788911944,0.011187658144171685,0.0038305209993528895,-0.003763530611017958,0.03739229732257548,0.010245249247253589,0.0038773270965321792,-0.0026631841793569467,0.0036628206736371532,0.002303405758082426,-0.01379977547428695,0.002390546147644487,0.0019556419133284083,0.002356313223818217,-0.006964699493486203,0.005661470646891927,-0.00047386441497189306,0.011553421252394608,0.0011303290063874988,0.00458521673629256,0.006852176793259833,0.0096813185425429,-0.0003419340346526053,0.022196267909195586,0.025673706591307327,-0.0019787032700858864,0.013575502198432076,0.02394888684038656,0.005663772283449686,0.0037206274004080095,0.007382915129704285,0.3874394153604679
0.007684223174595138,-0.0008709694307925623,0.002409851958094863,0.006212029901164306,-0.001228387256466199,0.0006391040469718178,0.0006182526904826652,-0.00231987183182726,0.000698610884271352,0.000620485642532243,0.019303330898930306,0.03441052289391814,0.013102698908984557,0.006917838449479884,0.006184241570228468,0.03250437886755958,0.012270085499965845,0.0012030905427251205,-0.010329444199255208,0.003602504625871064,0.006208007180866638,0.0015186606295280434,-0.01426743955280708,-0.003511580622403973,-0.015343008248300162,0.0067093873323193914,0.006858117308268302,-0.00020542427552904292,-0.016818297421382737,0.012962263902495351,0.0021380152888820993,0.015245533182489942,-0.0018340360001424321,-0.015691540008129175,0.032707378782354864,0.064652954002229,-0.00881601252843643,-0.03760974525449617,0.03296856519635869,-0.006604752423853351,-0.006331976696596556,0.007074101406373613,0.19564174901752293
0.003258346549447211,0.035763782371719614,0.05216619115249903,0.022887905192007313,0.028364043542921907,0.006868036626211346,0.00016371908970752238,0.04112838507433108,0.0005403502291169017,0.005006330541975711,0.00043539368682911204,-0.009860368771968405,0.0011493297875353216,0.009704554934147092,0.025237978451907048,-0.010045037667738552,0.00617941625578607,0.002026968117226099,0.008524160118016858,-0.00040887385771655357,0.003769504903499699,0.010617049835215333,0.007883123916721652,0.005008220996940851,0.004776782157547482,0.010704072780808222,0.021598562979410575,0.006155380775638401,0.019164736627391696,0.005703845833215651,0.0012169051715621557,0.002496025109868222,0.0022811662118918143,0.006435044704294881,0.02268349835065531,0.04033753493771376,0.0047399908815907235,0.0137569311015873,0.02304792468916672,0.005343412965935349,0.0020409373478182894,-0.0003583489660998659,0.448492914736336
0.024929165485975947,0.029501959831810764,0.04275559799275409,0.0352113910485843,-0.0015711369007661365,0.0048623522551933885,0.0063150995327786365,-0.003036831255792201,0.0033754221406752266,0.005287863391966953,0.022908971719379643,0.05575052110512164,0.010225602450784306,0.004196510901262338,-0.006915473632215496,0.05076582016241337,0.007206774257783045,0.0019062760081681863,0.006530622656728472,-0.0020112774563305676,0.004719187565306816,0.01163055118358603,0.005763596701946395,0.0037083627987292934,0.007835429601176664,0.007774946465379251,0.012862963597565084,0.0034204121885930204,0.013678398547595253,0.003943346718771096,0.002333528417621091,0.005761567355034291,0.000993786758714467,0.005011538376084476,0.016512418896404344,0.03349267109212181,0.003442311185621175,0.01529282823681332,0.016566589322107347,0.0049601671065876715,0.0005098168632047641,-0.0009500581235417519,0.47745959255169784
0.024663578758050943,0.028698077336081016,0.042852894559928925,0.035097659411367,-0.0023967790531470284,0.003795987563929327,0.005448612042629214,0.006881819241221968,0.0019501753260083303,0.005629376674364296,0.021293713939314157,0.05461853840820264,0.010372762728401824,0.0024131810270937096,0.010426231912403394,0.04914561994284949,0.007011214397517605,0.0022694132714734926,0.0070572481371193995,-0.0020293748208063595,0.00411217916452497,0.01173527739837232,0.004895358899135368,0.004105199083673074,0.007392038366315706,0.007053047806556034,0.010918495423313636,0.004210239612894091,0.014891559624218072,0.0012874835878819873,0.004857792006908128,0.006266084656291084,0.0015422104265050186,0.0025676751933456786,0.01752911148082594,0.033053582705786164,0.003628686445159166,0.01610596537028417,0.017816676824005177,0.005023328473828336,0.0007519797445817925,-4.22940257274988e-05,0.49490162907268176
0.034249804913639326,0.020790474019519684,0.03391577891860822,0.03536868865766287,-0.001259097355203928,0.00043496166383407043,0.0008419363617985753,-0.0010242720343568244,0.0010436112421634764,0.00013713109218657288,0.026567349410617207,0.050567695230369455,0.012883506883178002,0.006631315515121049,0.003523383150657293,0.05314723137777568,0.011975449398022682,0.006272066902639327,0.0033078642136555934,-0.0004323429562874391,0.003887687493212127,0.014728467504037415,0.004801977739723205,0.002024136218500646,-0.00026493508423437875,-0.008225887980523011,-0.013231689224383112,0.00042757881376814246,0.000548824004277198,-0.002500698698028021,0.0037701343718849777,0.007221892433405313,-0.001633006951161134,-0.00039466598455112746,0.02872268967326654,0.03516859224399132,0.004134610506261841,0.01569528585984736,0.030104582440413048,0.007811754954888392,0.0014285472731347577,0.006073864463156863,0.4392422786764893
0.0027516145700407298,0.033541143693259966,0.041343636800455406,0.018806738120406334,0.019757394222835147,0.0031922985071051197,-0.0017080484343064324,0.02564842578717233,-0.00023958608880638157,0.003146558661369074,0.00047033412939023056,-0.009066515268195683,-0.009034166192914165,0.007994192452938535,0.022924753825306694,-0.013078722863573453,0.0008904214196018771,0.0056831607517271645,0.006676220997788592,0.0008010445251641212,0.004102153088658361,0.011356298300631541,0.007855777996012264,0.0007213383967360156,0.007102008753300782,0.011885235484676165,0.011467598838578487,0.005354074388269598,0.016992036715478047,-0.006669478871484131,0.002948892615091978,0.005052569396654619,0.000910331223890279,-0.011072361636226652,0.028614197384916135,0.03932415401461154,0.006224771073401131,0.016800658910405625,0.029963882555352216,0.006867383759293658,0.0021115803337356104,-0.0001736286773221034,0.3582403736614263
0.05208605758350973,0.047619954144868276,0.06930015331969198,0.06202133511019477,-0.0035502525561706224,-0.001004497035478303,-0.00038485153968171963,-0.005074517702539502,-0.0004132133791058629,-0.0010168251856218413,-0.005686163970625789,-0.014538357783758867,-0.003238682646559382,-0.0028233407320781777,-0.007386418301655595,-0.015969994225169322,-0.0033915401919798263,0.008577750698584227,0.0017204923027070013,0.014038242329405978,0.00043571535673164947,0.012124329825493638,0.003909924172193354,0.005107707153587618,0.003985646839420384,0.0053649244049808,-0.00352148086259571,0.004379587124819827,0.0025578715862827747,0.010962830083490643,-0.0022958386526279696,0.01019198895835316,0.022011178927190733,0.008720619278292778,-0.019003646912175355,-0.02149130295767263,0.005323068994819546,0.0182258558557754,-0.010039221076696891,0.007236978205764837,0.004164997326411864,0.013638524793910818,0.2728755886642884
0.003504407923112561,-0.013657743981643636,-0.013734494561647931,-0.006042518526918373,-0.0033559618146305533,0.008919246238111937,0.00974278460590922,-0.006235664574709421,0.005737014038250845,0.006915502991068849,0.003653124210718031,-0.01831212286720992,0.009541488275362758,0.005554601025644357,-0.016627920119189534,-0.023299228029405587,-0.007212706361316775,0.00566564355062304,0.005572099246520502,0.004405671315590215,0.005504695772007734,0.014275708671171691,0.009124275496377067,0.00023932054480064896,0.005215225045136829,0.016463735521906466,0.010370935858629972,0.006381342759230908,0.013703150306088584,0.00271164065395799,0.0055831664232416384,0.013933795627257852,0.006486826240475855,0.001131536866250491,0.04485520762452781,0.05988198540973172,0.005572434071524604,0.013865169915178478,0.047863300642571764,0.011810498971739027,0.004224786684485442,0.005332564718730038,0.26526452640926323
-0.007434342563727174,0.026180994876123836,0.0361633812564177,0.03133311079450651,0.010547136230787405,0.0029382639285534646,0.0030482477277658563,0.020143435858163323,0.00216196485762503,0.004949340901770203,0.02405135083350901,0.049656395314095235,0.009980676695312145,0.0037875664044994704,-0.00920341216325849,0.04515271714908642,0.0053212419706439515,0.0025633215231526526,0.003651983522496696,-0.0012036506840805512,-0.0014338218003481316,0.012611722610058912,-0.0003605713875975352,0.003263237894622287,0.006822498769341611,0.009774031059096949,0.009280506194783673,0.004787257242891751,0.012618891784406373,0.0031683244744606046,0.006240398538864711,0.005840013198621231,0.0017476433482783045,0.002770694467412107,0.022043531102649207,0.03628140516362218,0.004379776591957608,0.017823768531614652,0.021074858821212922,0.006961681448416054,0.0017542726740616232,0.005222895800871116,0.4564627409627409
0.025574966736157563,0.028988009925200148,0.04392632339777048,0.0356944095119134,-0.0010156155079579674,0.004481971025351574,0.0048765814648187335,-0.004125964974005298,0.0034593920065169536,0.005425622980293577,0.02343761520015969,0.057219313629157276,0.010041807181691537,0.004090917055111122,-0.007935253287220442,0.051330692657070624,0.007260348512725385,0.00131005137486286,0.006015760561207753,-0.0016221125170932237,0.004081028780601759,0.010518481567807866,0.0058434600394104514,0.003525109568185805,0.0070371298532937,0.0077911769028306275,0.011675947633398423,0.0030047717219928234,0.012955429935249027,0.0029622154669346813,0.002878492653273222,0.005884978293731951,0.0013383025611702173,0.004300228104540644,0.016341346078068402,0.032660385043543225,0.0018799001686346775,0.014609234027761145,0.016719305999648163,0.004776781519122478,0.0008456430622025527,-0.0010361045909995051,0.46902808132413404
-0.00942147638044973,-0.002135256896690974,-0.006969057374047211,-0.007691258315691091,-0.004191391279471808,-0.0016620684371840414,-0.0011922611406273498,-0.006995732675480065,-0.0011618635050008321,-0.0015971280433399642,-0.01096560115309829,-0.02511847643901026,-0.004052320891055593,-0.005231626351460696,-0.005797930795846955,-0.023278368273165956,-0.005837980656620236,0.006974118004363767,0.01296929818611889,0.0015291454550154582,0.019521887424714977,0.016452761180300608,0.0004968558493654243,0.011395439598626008,-0.005039792064962295,0.008369813134948114,-0.008323641201351897,0.001575308499992793,-0.0027648146218286766,0.0012113777898142477,0.008539204185590373,0.01211546464519213,0.001409188289754456,0.01328780960386537,0.039565297601709376,0.06476070159270148,0.0004785383669752816,-0.016969229693937524,0.0349041064717232,-0.0013298653245155917,0.0035627437841979407,0.023994635241622556,0.12538655339175542
0.02634245437314232,0.02446044894740124,0.041352426983580166,0.03777740387507714,-0.0029021227804274597,0.002084750639656301,-0.0007488663037917877,-0.0031172853764773805,0.002633177738614197,4.015615863257215e-05,0.019318955787784003,0.04807791094142065,0.0017302950485982565,0.003397330795023363,0.01482955195563482,0.04715053919671847,0.0030691716220355354,0.0047295597327800054,0.006002628723048541,0.0005868974140271742,0.004057728982242595,0.012330117783277606,0.005449200480298471,0.0027061572252993233,0.006888166567502349,0.009479501605945696,0.010018272195122734,0.005010964297521014,0.007910955360934186,0.003937995001047308,0.002425399651035932,0.005675237040828404,0.001426140890954533,0.000747864245280106,0.02462705109541479,0.03641229805459087,0.0047314303616304955,0.018505017752823264,0.0280729738425082,0.007571083119978641,0.0015091511740483654,0.0006942882160907213,0.4770023804168538
0.026384874576347944,0.029333457911070684,0.04322175189566826,0.037078192398575224,-0.0012478972214957254,0.003927419076400639,0.005176973291997199,-0.0040303875868355436,0.0034666107033780986,0.0053871400778588065,0.022452394673098747,0.05907628379430319,0.010485127623845646,0.004301854532971994,-0.007324117508174202,0.05396085447278693,0.007585375007099465,0.0022271705427260357,0.00484533149780535,-0.0010511271076678146,0.004328532344288051,0.01115806975948123,0.004611491787341176,0.003364239130279338,0.006351502546705712,0.008199428015895658,0.00982591713766865,0.004634052481938704,0.015726934177968513,0.0014866623161381388,0.004851179408712208,0.005450426835779842,0.0014708369058559696,0.002600330892579949,0.018923866672471854,0.03306485453580885,0.003397806752704601,0.01666046100797282,0.0169055713524765,0.004885420991642117,0.0016330563748726368,-0.0012344254347394217,0.4835534986456041
0.021310434557638515,-0.004989330440872426,-0.007475645368438451,-0.006040130102465664,-0.0010395243443159848,0.0004109344230166453,0.0007077433668638551,-0.0014404878959228978,0.0010143815449209681,0.0005320887644349972,0.039466521954437776,0.06601820944753693,0.019790946522144255,0.008556940523421493,0.0038083080290125778,0.06567436209123781,0.01829201132146523,0.0048858679049327836,0.0021182200615766917,0.0017714305810617181,0.006840285062519375,0.011651083408653578,0.006708599569885196,0.002558777679795402,0.0013876660671008876,0.01047513354375859,0.005105211843870318,0.0038461919653309793,-0.0005139818389102808,0.0028405437138227852,0.003183147865941446,0.007721432068168864,0.0020432822053036985,0.0004877086449857653,0.039020186260133566,0.04732666837829009,0.005701998134375074,0.011192002864461007,0.039804652118047894,0.010261619775937036,0.001288697799805276,0.0054709263797848694,0.4577751164527482
0.025380382205032963,0.02995722386815632,0.03943042740703447,0.03425097454950061,0.008102648215863033,0.0021183891854246717,-0.0028011039859325735,0.016831554600886398,0.0013641654057498878,-0.0010363459186741955,0.018692140288251776,0.04284435387023852,0.005984859476607513,0.002906954314286941,-0.005842432667609631,0.04700730933118106,0.00280544485146049,0.005397926496990812,0.006545617812642325,-0.00032336656338762714,0.002805956494609979,0.01233425383419202,0.0052582207324181,0.0016400968503574589,0.0066761774349021336,0.008771879403978045,0.007755703797805684,-0.0020870449538886978,0.0020217736766157493,-0.0034520195586039046,-0.0002724366151046592,0.0052060553922157506,-0.0017288471222753675,0.002550975169330377,0.02005070247279983,0.030634897904447025,0.0013522828610469818,0.017834633537811975,0.027750705145716384,0.0070345975505906235,-0.0019009975647642375,0.003986977673498627,0.43384166686140363
0.025397562818661765,-0.0022832362178819717,0.0034527036046908053,0.0003084696310247779,-0.0005569118191754236,0.0007070379122951874,0.00033899353737822883,-0.0007829010468435028,0.0014201438058403153,0.00014115895688217103,0.04178789052955683,0.0786094259738292,0.016360312780585824,0.010805165465007593,0.002595332463528183,0.07845955268769844,0.015155106085500499,0.00029284941446368253,0.0014337718885496509,-0.0012838735803422866,0.004309603958804278,0.011724679969447784,0.0003766929448850705,0.004167622696371831,0.0005846462417098714,0.009393910966817486,0.004082132987798239,0.0030266928272512403,0.010715531719996091,0.002528721955135741,0.005220903788428349,0.010766870915351529,-0.003770168606930297,-0.0003310495254858259,0.03473324351449721,0.05307251257827682,0.004172852187681007,0.014012334963194723,0.03138904653013222,0.006541270649855772,0.0029410128036129668,0.0015580168543981858,0.48357563781248025
0.020767234632254414,0.04326681670562962,0.05202217544622307,0.03991512437383518,0.019878586634861983,0.004932398038411057,0.005605583378144509,0.030738630468227807,-0.00021697209739209304,0.003213572575477002,0.003570076086603935,-0.007990641541580782,0.003284336079690384,0.0046137246854639135,0.022881170559885356,-0.009249870433516398,0.0042749508043560475,0.005240735218234097,0.0016755868889353326,-0.0012754186608033224,0.0033695990712003425,0.01050517903850474,0.008041678640353947,0.004894198415934935,0.005503100336219017,0.008946319651896906,0.019971952484155443,0.006271006453058539,0.018177308169163894,0.0006415036093062572,0.005248990844642858,0.005229471980645443,0.0035814893343498284,0.006499258497186339,0.0203224271665746,0.033985402014044465,0.004310010133562875,0.01693335259357673,0.021168855596976514,0.005485470708595336,0.0019038426951189205,-0.0009680696868086818,0.45717014759120034
0.0005382224387234126,0.020249077398711346,0.04213192394381847,0.02907064081309827,0.017501886051278795,0.00029330240078865455,0.001750485802102806,0.029495426976594415,0.005330057549116883,0.0016302232229829586,0.002449413982329386,0.04428626367912064,0.008338520048735119,0.004381756248541453,0.019725539734274124,0.038410525475758454,-0.001260767245829791,0.002969813842673393,0.00691311212376668,-0.00047367215173714955,0.004228452249723969,0.011926917755862998,0.004997583815567517,0.004988037045308786,0.00526973438872719,0.010255181616101712,0.012829206084909537,0.004915133641524479,0.01612390437144468,0.000851442016945488,0.004980093438542261,0.005256284845825484,0.0027090056959696335,0.0018404621898548477,0.023309725812186342,0.03990273860272762,0.004333854799616885,0.016515139140880566,0.02425810144595076,0.005900969730881717,0.0013520578257627785,-0.00011689869423092834,0.4803588801549326
0.021678914901691066,0.042757813286984775,0.05621954236027666,0.03914112762678314,0.020861319233871856,0.002009271505010135,0.003672062208544434,0.03155338030175932,0.00021217584744329836,0.004787844422482249,0.0009672992493426129,-0.005839468001968268,0.004044398235050865,0.0015942815774398517,0.024171940270992016,-0.009081376394120613,0.004338599089853431,0.005910917609816326,0.008231494807693208,-0.002027404418108991,0.0013504819535294138,0.009315489821233949,0.008340893127755102,0.004506671457825248,0.008753022089968176,0.007928160174781741,0.018686242168309445,0.005928064887836883,0.018194301537594375,0.0060585648780412905,0.0059453398948566445,0.005627444844038134,0.0007188271563596192,0.005945959023137015,0.012777568717066564,0.032094494726856555,0.002470633427939858,0.01675503990189619,0.017943982660566488,0.0030227490063914606,0.0012309252182021544,-0.0009225340054092926,0.4478764563896144
-0.004278804088286575,0.03254782932880547,0.04361344870482794,0.04091545481714506,0.010759642145845717,0.003005994344259471,0.0005086609989222417,0.020533187823601508,0.0047113012849746855,0.0001427663920303612,0.019410058240164778,0.04282054942240675,0.008730852592758161,0.001932180244508217,0.012382640690214494,0.04368663655264244,0.005366114170243038,0.004067269731223253,-0.0004340642566310321,0.00021980381690665584,0.0028330439261448253,0.009185177559060531,0.0037776724615672555,0.0014337917978812932,0.00683170014912677,0.006981844179316671,0.009161559872795067,0.004214442026591959,-0.0030101674269422253,0.00030841213243192934,0.0006996381029522224,0.006058569851816457,0.000490622355457155,0.003239183780650996,0.018567313755994106,0.031788042408633616,0.0044486609357904435,0.0165172560677385,0.019624230066204073,0.007949784932943849,-0.0028094638348546163,-0.0008283287757226312,0.43810450928214084
0.05689825780855143,-0.00955236244044354,0.06384149646200724,0.05825998976063328,-0.0017386793432697884,0.0004096651644198639,0.0009623255324799295,-0.0015454760091729886,0.0007348464700174184,0.00027402951890757074,0.025084738955243595,0.05162717102372731,0.017427448772417677,0.00935544885688695,0.006979378367195736,0.04763824511045158,0.015199347876958055,0.007434605154247406,0.0012575527542872582,0.00035151692121709465,0.0025426834704571992,0.011069959019252373,0.001032395855612432,0.0011522220192506406,0.0011670265024032937,-0.010384610490632835,-0.002572886981019514,0.0018831191710067328,-0.008432000458347905,-0.0013764618697575033,-0.006341659857816493,0.005889559330598728,0.0018841304891414128,0.0008742771304670684,-0.024820675437164826,-0.045703393367878424,0.004020193827078101,0.017489080777398427,-0.02709963474679624,0.0064166408546034275,0.0004470719436629739,0.006521083458727216,0.2865576673570093
0.01964745822140455,-0.007202071588230022,-0.009456668445534017,-0.004932473034664972,-0.0014297451857985134,0.00034325193243610374,0.00022264724255866009,-0.0024149994714344693,0.0007113661221954913,0.00042012871643645907,0.03863609182205967,0.0686284830317341,0.01821701248910918,0.009932648455951576,0.004320242789989028,0.06608063997641549,0.018282010867284808,0.007248385781198507,0.003870280339714052,0.0019656364394605376,0.010556459388577147,0.01550376516457287,0.006459306847508728,-0.0014807719059306385,0.005408950686414601,0.010724800940159804,0.007625170642092954,0.005781690679609645,-0.012464737079455706,0.005035598594042078,0.0007016990281840846,0.009791192452185899,4.5773099748926394e-05,0.001062921743538314,0.03729535655858488,0.04565129734481055,0.00561893861005394,0.011674349441541065,0.04124228159700849,0.010234589532740796,-0.0041521414850107345,0.004005115199722218,0.44941193358298615
-9.569058424864924e-05,0.022818250054208334,0.042289306256940794,0.02104153374921404,0.01189736237696524,0.00291514819002122,0.004447165490831517,0.024796705445360296,0.0012230377871926962,0.005256119105734527,0.027944998703241835,0.058535612135551814,-0.007365870797645466,0.003824227835161478,0.016003862687563934,0.05049712830702582,-0.001015456824976824,0.0023780406084245045,0.004052655988838141,-0.0024077670405346376,0.005071810306541512,0.01063532024221014,-0.0037486521230652063,0.0008208417254398589,0.004337745275407729,0.009714853840398918,0.008278435279946282,0.005013151947230183,0.013118555814340628,0.0016480561030006655,0.004233186886115401,0.006122433548621385,-0.005422264592522416,0.0014417348672998626,0.022866460133696885,0.03897216206584193,0.004236851012615371,0.01698267914164015,0.022206465837627608,0.005789034769850823,0.0012838332960516748,-0.0001275663613983299,0.4625114984917617
0.01605040096391618,0.04192740687274479,0.047952574312621885,0.03364583980674589,0.023477822138501882,0.0064745074700884205,-0.0019804709920820105,0.027817195677835905,0.004726285827370553,0.00444727802802379,-0.006261887280316355,-0.024150462876777908,0.000805555258202518,0.008738904090101689,0.02196241153762457,-0.025697094066843174,0.00520296078425188,0.004012316002193452,0.007264873979988851,-0.0023617512690022975,-0.0007563361420753588,0.010357046708839879,0.008410634268630389,0.004836491360847756,0.008454241503314301,0.008201006265275056,0.01873977641411311,0.004898880146806425,0.017986454038087886,0.006299530353412742,0.005237111710663247,0.00393438147444877,0.0034928133372575387,0.005951204134476121,0.018558999808498018,0.03321661926174332,0.0038976775706635195,0.015848391944089612,0.01891027777565594,0.005428318572509092,0.0014100430053886229,-0.001005738224555455,0.396362491553281
-0.002081805421676338,0.02922920305833266,0.04208308147151138,0.025261898588544683,0.015471210079391673,0.002379169082838743,-0.004891951097498004,0.02137324486480647,0.003952521247041455,-0.002967639646873255,0.017919185636965845,0.03812859390728444,0.007599436846874826,0.001876168327035618,0.014072554218698722,0.03267192468443466,0.004830181921817008,0.005174534081259384,0.0069245485874675945,-0.0009874361208220652,0.005262414656053097,0.01160113398534286,0.0053851016850329815,0.0032581798761442417,0.008676249003499338,0.010192824403987782,0.015234467062386849,0.005057534107682499,0.015380585119792681,0.0020155936571312916,0.0051856402921117714,0.005430560157998258,0.0015484012970641248,0.005939026562739543,0.022199566620061204,0.03813014024537129,0.004939481428070724,0.017139568053346012,0.022206784602068392,0.006936689367431725,0.0018853569007553695,-7.336455489601417e-05,0.4715505588466115
0.026503388099591383,0.003030945308908205,0.020969727821932016,0.026009900664008892,0.00584508604269593,0.0036364260303108666,0.002420324545181691,0.006757609038776717,0.004404409480587287,0.0019413069359772233,0.03251254117855266,0.0561834432499382,0.010037046485738091,0.007576677903118434,6.968865690054562e-05,0.05955747669980079,0.007275355256838679,0.00154059031864078,-0.0026187643793978872,-3.2457231366446507e-06,0.006467705674791063,0.0077806036447842135,-0.002713944971201129,0.0020816778749471044,-0.0011792280416028512,0.006251454976899098,-0.0030969945664977012,0.0012755107463130477,0.011211817232422625,0.0033063553955466774,0.004759156795742262,0.006866141439683123,-0.002507868346498236,0.0007331509076737066,0.023123011512313194,0.037680271295128256,-0.001778672035341986,0.002218503153097399,0.02335969607257395,-0.00015604517164283693,0.002475176971677871,-0.009975285047591063,0.39183212912818166
0.02616324884972168,0.002476036019852631,0.018330793358162296,0.026556493565451936,0.0052916356829129,0.003553720091866231,0.0024247088583753363,0.006958523257398979,0.004375642623022339,0.0020299308277051775,0.03149809960288359,0.05703936973255748,0.010069728383816007,0.007388964549294038,0.00012639266854929233,0.059101513190202064,0.00726313742653118,0.0015798205104776523,-0.00260896044976252,1.518574261123061e-06,0.007040951105786384,0.007253443041976322,-0.002804949505620592,0.0018852308744289755,-0.0010045513298425068,0.006202232445675615,-0.00312776830272631,0.0009925649636048771,0.011669826188520192,0.003103602727564574,0.005002603570445462,0.005776681686418463,-0.0025413943788515137,0.0009812897328627162,0.023442511948266544,0.03802912161505642,-0.0014013082991247094,0.004031238636109455,0.023506908288988628,-0.00022094091546407985,0.0025127401379905056,-0.011144016077956948,0.3888063354773879
-0.00020044060558219816,0.028014262706678755,0.04049916413777148,0.02823842686057646,0.0140931775564645,0.0007980429170188464,-0.004681268846508596,0.02031151424770095,0.003275374144327561,-0.00281421386067983,0.018888293968102658,0.039122845551159725,0.008925187272234864,0.0022342293494572946,0.011473416046029028,0.034909674253811446,0.006056560102975947,0.005165425295412146,0.0064840216469066415,-0.0005840052995280415,0.004103315446127523,0.011393254526321686,0.005031606298988351,0.0037633855260082857,0.008330503404976932,0.009516495494320343,0.0099736872934192,0.004705985136320461,0.01604318543446824,0.0012851090072916174,0.004777311230692885,0.005749182273053729,-0.001410885200835419,-0.006384995787453609,0.02114498983616266,0.036280207976910235,0.0045022194938063335,0.016424697610212004,0.02139257696045122,0.006284110749087467,0.0024032444461458886,-1.4005278069209928e-05,0.4455048693227365
0.026312556245448013,0.029638759709785613,0.039710984196280726,0.03377303572283371,-0.0020918247330904485,0.003270889895304312,0.005675821864370528,-0.002941190854149481,0.0007007769296078726,0.004686032010789585,0.025333260060489665,0.0588519910321544,0.0070522179410805385,0.0018068674497623474,0.01349090007525713,0.05677341534965938,-0.0013763924821152285,0.0023122601980059524,0.0023537497449215173,-0.0014015229701948204,0.0034721084951326664,0.013175013412350634,-0.003670831813798034,0.0019541024078164587,0.005780606668122,0.007235156662275066,0.006661849579283962,0.005181617768282551,0.011583853810079835,0.0013830151549812542,0.005031851575919307,0.007121686948952189,-0.0018392337675444234,0.0018481403196001047,0.021844592725242574,0.035214761171200704,0.0035300599454201618,0.018184447246578625,0.020968026729502775,0.006525802909569879,0.0011712828499893901,0.004879912057619643,0.48117041024277857
0.0051120388473135546,-0.013652085279953478,0.051152591502617833,-0.006351850317621883,0.02738964598560119,0.0031359297528513806,0.005938467315812248,0.04445279912037062,0.00026122980970289585,0.004619001223005541,0.0244748645173596,-0.0071530225756895535,0.004717783633315089,0.0058202917779203835,0.026704093050906468,-0.007536820799062695,0.0069624961923937505,0.005405611311751363,0.009356423745910517,0.00018570440072185898,0.003896450362821776,0.01034773583926175,0.008692687401918068,0.005803707138029639,0.007670688591424421,0.011829986418046584,0.020119826083708405,0.006066049726101284,0.019988184011532947,0.006822609364517137,0.006509521719543145,0.006980282703374272,0.005431369679105675,0.0073778500328945795,0.026112751967285585,0.04268241158515985,0.004127202516535462,0.01472381828465598,0.02334395351146584,0.002200740679364044,0.0023337748463873164,-0.001081221788312737,0.4329755738900477
0.02535593256991874,0.02946423093379393,0.04312778255029034,0.03541096954886542,-0.0011094477775541818,0.004908097519786728,0.006308616112348128,-0.003052005088505408,0.0033754221406752266,0.005287863391966953,0.022989477039518057,0.055913052546314415,0.010215057178228001,0.004194871502149926,-0.00689235233213496,0.0507764924802778,0.007210434097247202,0.0019193204249747767,0.006614166037222745,-0.0019507887424271377,0.004719367515926635,0.011555100808542133,0.005814082668385232,0.003711598928113318,0.007835429601176664,0.007909448501836126,0.013253045797878643,0.0035048277418155524,0.013718128944118778,0.004054991773353361,0.0023993778386063036,0.00583311057293061,0.0010116365650363196,0.005019865312806114,0.016525022016087517,0.03349468557516583,0.0034744024716703726,0.01583605075582636,0.016811431605835068,0.0049821885778110675,0.000755005801396817,-0.0009704048035308283,0.4813155867037447
-0.007938712122898874,0.031262464349127474,0.042213513128971696,0.03243844533523525,0.014423197432961655,0.0024166589710865926,0.002346127023169938,0.023812077690049956,0.0014513892777845508,0.004235724745629035,0.01926346057317375,0.04224380162367971,0.00814127323662971,0.0005994949368588239,0.01492840799340873,0.039290040983469665,0.005254599342082205,0.0043523803455093315,0.004797512589677133,-0.0019303539380829127,0.0025925241192593755,0.010763646187776244,0.0038639509089556843,0.004463551284376738,0.005777024937590342,0.0093417714531076,0.013925706872841752,0.0039871039102533316,0.01587039952761201,0.0031614550070119727,0.0048139701705247175,0.005930935678417823,0.0008165595176097058,0.005289075227758352,0.009294791985733372,0.03440804732630082,0.0013135463290938414,0.015618614068480917,0.018061071617406686,0.0024733364566980457,5.039006025444506e-05,-4.8783004920322244e-05,0.4553701931596668
0.018919765827265532,0.0014752690106161744,0.004583504355082495,0.004792713227915801,5.792128439293585e-05,0.0007930708807068358,0.001010019219136481,0.00019036834427222532,0.0014182940667483725,0.0006557896353358291,0.03170998950721723,0.053061257599429285,0.016940709713075854,0.008106401485096,0.006108531634182461,0.05581198517878037,0.014826757041663117,0.007791625524819191,0.0021552069456189,-0.0010492852652657398,0.01505844459824605,0.01742462009097344,0.001907915850411551,0.002503372634355139,-0.012984965750913836,0.00839817872774467,0.006488874620673084,-0.0016571096443015953,0.0033296570250496644,0.005740695422284142,0.002281833345504885,0.010941647599234092,0.0027518027821658232,0.0030073151484993356,0.035464009910180366,0.05609780662963044,-0.00921171116992351,-0.009679614122177393,0.033980978449549996,0.006167689688857457,0.0038843618483325004,0.010256186387735348,0.421511885288201
-0.0029780986721253547,-0.0008401100770536527,-0.0016212328171601703,0.0003207045001278911,-0.0015646849718946492,-0.0006066910671492808,-0.0006745480453335666,-0.002810001343300875,-0.0007026781104507999,-0.0009447413662757355,-0.002281061084932913,-0.005685712441934343,-0.0011067414362540844,-0.001308359559292835,-0.003401854690764933,-0.0072937866980766035,-0.001403358726204212,0.007852436607383153,0.04113660702410329,0.016540988574261516,0.011285515765176854,0.009149343505237946,0.013561149884227755,0.02632957109074949,0.024132140228630056,0.013530577069505783,0.021742555438684714,0.012735369609909829,0.008692235276282392,0.014194119581958655,0.007471947624623835,0.02372633978837197,0.0048431711426095096,0.027806909561757638,0.045190106773914586,0.08022420744377967,0.02140962893586723,-0.00998932728660517,0.04802287147991217,-0.001724152002969914,0.02460213455070279,0.019440684588913047,0.47700417564891273
0.004156432135151184,0.000251136750199487,0.0012060331444076876,0.0007325052649235493,-0.000169758873936806,0.000670652853982804,0.0007747328877911653,0.0003001194267979899,0.0013390308859021383,0.00024199467701841752,0.04057435529341202,0.0762257516053268,0.015597790709074555,0.009620789891746766,0.003416662643702257,0.07426820652813244,0.014093880895399367,0.004471098576101232,-0.0001587896887662388,-0.002657984960147997,0.00983101115846513,0.008893287931279277,0.0011959024859028028,0.003549331775154245,0.0013121532649353516,0.009988379165083045,0.00588251349608604,0.0022037860722234925,0.013812184920067583,0.001304527334793933,0.005736908463884462,0.010884503845855886,-0.0024096887172495593,0.0007910507979431197,0.03511168618731618,0.05887149455463006,0.00468650880868607,0.009500046917762068,0.03424256753480539,0.006526736184981126,0.0036764883084999854,0.006125689705439218,0.4766717108427637
0.02425527612692596,0.035965533279339434,0.04620826891450513,0.045043077739836866,0.009946874681950277,0.002554306622861227,0.00029458046221091333,0.018071195172113114,0.00335294537820878,-0.0006067724742252305,0.017716340385211013,0.041271210379569996,0.008646716166543562,0.0015876216681470492,0.012767706205123444,0.04793581918766227,0.002129268476559859,0.0032292056011986605,0.005539705231282528,-0.0036977493584184956,0.0021227286113172086,0.008132265442365517,0.0036771956045722008,0.003034099969464949,0.0066500617603414925,0.0049212157067478595,0.008780278282064414,0.004889436453753978,-0.00018236749281350285,0.0025352621176657113,0.0010747324460921638,0.006039968657387289,-0.00105428940402734,0.0018386937849309707,0.010849398207490079,0.02988675736588324,0.004296051284243299,0.01600300786959322,0.017400519014880957,0.007781920414028038,-0.0016336787164803078,-0.0008964897629472956,0.45835789746316047
0.023426436751235652,-0.001709037669113293,-6.205520603407745e-05,0.015531725107294623,0.003954724369606296,0.00066052025524157,0.005202456574947495,0.006468378747788681,0.002522763091669203,-0.0004319578733604744,0.03722396080641164,0.06996871197651922,0.01326160214766003,0.010289974358162077,0.0010838393480260956,0.06909006463740142,0.010500962866875161,-0.0009978377992332684,0.0003996286152694972,-0.0019645188553636143,-0.002915125616771818,0.008055109216458358,-0.0018656072606902823,0.0020924968827285874,-0.0009275672380093633,0.008543714383741161,0.001342226930065818,0.0024689056432963363,0.006947212897574603,0.0013313957202914575,0.005593760365050614,0.007929253471542918,-0.003471394636351747,-0.0005603603743942777,0.0282963430757009,0.04522134741706101,0.0031873239277086635,0.012784159204948882,0.0281508404791681,0.003919087212709488,0.0018118250730609013,-0.004417625568493608,0.4179376634574006
0.018404701722668712,0.027128241005722614,0.03792004194079427,0.027346217717617215,0.010608130290009548,0.0013769182653649067,-0.004272451754166724,0.014662829386145097,0.002658713490991191,-0.0013152319832526217,0.019862199421558133,0.03908539925750855,0.0012223708100643042,0.002270486200950257,0.013809391426245415,0.037280764901385884,0.002761214754039916,0.004758607278260403,0.00389906360930215,-0.00035112670996693425,0.005036362215667319,0.011553369742732602,0.004735140140430572,0.001507370831863898,0.00645853296565047,0.008447672889307341,0.008644953853537867,0.0046170682214209955,0.012711432828104429,-0.005684149953078242,0.003853732123865863,0.006159119303370408,-0.0022821342911759036,-0.008619815606161018,0.022854288723512865,0.03937401850519445,0.005216652733293088,0.017520058382668933,0.026463174674525317,0.007416916794775427,0.0019625903199790035,-0.0006566531890185651,0.4364061832417094
-0.0023986945268570274,0.03139300873158324,0.045536263640485033,0.03471682284411349,0.01403315584842886,0.002379722571321607,0.003508832857769245,0.02598286161256844,0.0013431296131958747,0.004918360406326176,0.01498098000592034,0.04331780188369076,0.0016487841564518906,0.0027924847950827514,0.019112586870224265,0.038037938806673666,0.0026430841028965354,0.0023519501356459257,0.004457074157521629,-0.0016375691044961632,0.004289912478720443,0.01076519936144831,0.004986190042676619,0.004951938340016342,0.0061865763146902175,0.010247095360533464,0.015688826771794458,0.005276604239292776,0.016306791657052646,0.0037391492373015944,0.005169927390270983,0.006284924977154724,0.0014206326092337117,0.004982139827192205,0.02032001021864099,0.037008345616902714,0.003996024410232265,0.016968839154344207,0.020846139883545473,0.0034575362937605087,0.00022974336097192534,0.0002595344213384754,0.49250066137566156
0.029996326355093895,0.037512210826330154,0.04483445731900711,0.04216990766948407,-0.0011656792707074668,-0.006029854428854714,-0.0022096791884841376,-0.003137248592418696,-0.0026648114131835525,-0.0010461378892962368,-0.001766650632565176,0.048684181699025164,0.0023354417907769888,0.006582508099005325,0.016162150885961547,0.04976232961803921,0.004337222278117522,0.006926108951925669,0.005551012231694538,0.0009302958156999446,0.0038963479473404727,0.011536549993929881,0.005964165473729805,0.0016136826504008584,0.00789271682706489,0.009429546576951223,0.010344682444930682,3.097427596721736e-05,-0.00014593487233594763,0.00424224415427848,0.0020317380949316298,0.00582794839925302,0.0011281779993582099,0.0013592581712082608,0.02339741891835933,0.034486196067631654,0.0038441986237827673,0.01903594142672047,0.027977257224030733,0.008567038867753445,-0.000496645199286842,0.00017003225302939247,0.4598976284436808
0.020716295406110297,-0.00866842778715501,-0.007567779287352824,-0.0013947684482923282,-0.0011572655941697227,0.00046254125358817066,0.0003319520780098804,-0.0015683892517653884,0.0008055458510178087,9.576598887813266e-05,0.037763334463934824,0.07185709594094007,0.015044874704463638,0.009742828356385616,-0.0008502539230571546,0.07074468228688201,0.013502435949085628,0.0025326529363817714,0.001444508071705835,0.0014369283077181353,0.007679316066946713,0.0130710720592481,0.005355121359535204,0.004554660128040985,0.005732705823350182,0.0117292387417882,0.0043393680877600515,0.005529619072230607,0.010650522540914937,0.004841145720181905,0.005305568867484889,0.008523290676333024,-0.0034603745213003015,0.0010993765073054143,0.0378917158071758,0.05772494467769505,0.00568028993886491,0.016021046937236428,0.03938397664068157,0.008931314118257141,0.0032245045795524442,0.004800627218121158,0.48388360835071376
0.04951285210590743,-0.009663575418609042,0.05727726991163924,0.06043572704279817,-0.0016779378122341246,0.0009816633582724315,0.0012377222088195646,-0.001813180641331812,0.000713648582133746,0.0003276409870401779,0.025676987777789862,0.04628572607355754,0.01776087456770988,0.008374433012749968,0.00782533170412844,0.04675883733648035,0.013375571013746753,0.007869723977593935,0.002733698320850098,0.01143170774562924,0.003214824249327007,0.010288719301624926,-0.0015879554113721423,0.0034929057262301517,0.005569294600984367,-0.008553110264085603,-0.003529330793108963,0.0012895433466328767,0.0015040241845846324,0.004104631867562995,-0.009229953503604638,0.007960291211132236,0.002583084770888988,0.0047480889409068005,-0.024782561568881558,-0.040887775336072976,0.005158346447882156,0.017666847311709564,-0.024382059929660534,0.007488219610403488,0.002687647876563292,0.008672458330925866,0.3189009028252448
0.029360370797270958,0.03884061079092268,0.0465660614677778,0.034376748020338105,0.008140747555478993,0.0030891419587673425,0.003060899550323039,0.01835929436924654,0.0031096340002512166,-7.202682312512511e-05,0.019531444585164943,0.04553849115314249,0.003374380953535957,0.0028242489792817678,0.01474768213939652,0.04651516061563557,0.004574842530687053,0.0025363527382196707,0.005480645875414807,-0.00027101737753834404,0.0020549513588673214,0.00961219578908445,0.0010729119662857471,0.0006779610378107473,0.00700693422207407,0.0019850025564162664,0.0033443526364314207,0.0038524445005286997,-0.00715570796300884,0.002828099197454981,-0.001324131574293269,0.0008733280581313608,-0.0020627169845518307,0.0007891149741186078,0.004798120671891298,0.02581283533825559,0.004002471851705214,0.01589836734613554,0.016964804970157007,0.007442296270784677,-0.0024474096332556187,-0.0005581461154737508,0.4251517943557417
0.019978506110345795,0.001692281893185272,0.0037587837745056293,0.0034287633019488236,-0.0007616021839595721,0.0006639674748802709,0.0011728094013699459,0.00033204278960860187,0.0013912157788916744,0.0007887059825356367,0.03546775544895396,0.05612174424417118,0.017895384371281856,0.007772639005543804,0.004646419478174621,0.05946138677750452,0.01656678676830244,0.006915872845327075,0.0017161581309503076,-0.0007793522163933904,0.015274006077763405,0.01731611207571584,0.0021229527197545723,0.00311340978062193,-0.00501843881784584,0.00822629056293777,0.005269495539515397,-0.00200155005808241,0.002659906316834752,0.005579759474529473,0.003819858458106403,0.01083149775315619,0.002501195499199281,0.003174638966742552,0.03518140036599107,0.053910022483311094,-0.009242935873147855,-0.009934262357084651,0.03412143944519914,0.006968061260893226,0.0036710522103045504,0.01023749537118464,0.436011676432729
0.00033563939247639886,0.0319041057626144,0.04655537083032357,0.02084968475424818,0.01741092265951691,0.0032233091308855127,-0.0036301519746631448,0.0268871532248494,0.0035443085436824163,0.00015401133591679195,0.018447300862772454,0.03683941937824451,0.008551877292850629,0.003445563906119321,0.016148044724784864,0.03405967522204464,0.005237975589271223,0.002713411927771659,0.006963501436947857,-0.0011139026766545,0.005020243800928864,0.011504417455239854,0.005929199289871112,0.004456959655296738,0.00750215804690493,0.009612662056351336,0.01501797399185984,0.0037970863546867815,0.016462342081355018,0.0038339983324258476,0.005836099049614763,0.006477436865880038,0.0015583003586118625,0.004926662503786016,0.020821687041301554,0.03822424129150596,0.00420985656940704,0.017532005391722512,0.020409610542205654,0.0037262246002854557,0.0009789387308134702,-0.00011782843524479557,0.48624749689881297
0.0037930340619660064,0.04218995655752159,0.05661861106607395,0.03830629868186171,0.026505676386251575,0.007309099628283418,-0.0020574176794636305,0.04191650332905753,0.006042204528474492,0.004614436393629525,0.003634899917642903,-0.003375947178698404,0.010006266555001808,0.006652864977843282,0.02143686784190914,-0.00883183605575644,0.00418710798523712,0.002818517972028298,0.007103565856428456,-0.0010880760718510111,0.004075599606052611,0.009746912848754546,0.008346901708010125,0.0055409556616814945,0.0072972912443045055,0.010132820161482021,0.016815946371841414,0.005054678325004915,0.020367931862571978,0.004671989256562358,0.0055452956116141,0.0059252633232572014,0.003263422086368341,0.006014381936789383,0.020266479602939574,0.03588932759613402,0.0037578943965473114,0.016792587542103703,0.02169449899609226,0.004145630872807634,0.0008078034164474014,0.00012491266324649123,0.48406115984405473
-0.0064708095709872,0.026244724441407772,0.03678466216842032,0.031698363501271365,0.010237574620999418,0.0022444937811409134,0.0026440341801500476,0.020628435614342935,0.002172754035893893,0.004121583553841633,0.022921243454329842,0.048401918872924894,0.009999922457729226,0.005005641580527409,-0.005259572907232296,0.042770282848730766,0.009117255770088912,0.005202973872937379,0.0005354264720674888,-0.003153532143533138,0.006631418722548752,0.009574887563079384,0.002249856963916624,0.0018303111844585622,0.0023725196808431887,0.008636432661023688,0.006379835157189754,-0.004624779320347012,0.011176931752364987,0.0016319574636868242,0.004922609627162309,0.005968717112767825,-0.003020559766821263,0.001891725014907551,0.021873119232102254,0.03304318563233925,-0.0030663053146089228,0.016435754884051555,0.021370501026516314,0.00629045353516306,-0.0005728711135458206,0.0009621517974321408,0.41780523010128257
-0.008931765304819783,-0.0038077883669189704,-0.0035179091314155365,-0.002231896896518592,-0.0003004315193612284,0.000525845549464676,0.0004702406612899298,-0.0009335496983069841,0.0016050480745367752,-6.382090062007556e-05,0.036014887690551875,0.06963423103812517,0.016020678320914007,0.011093836823296947,0.005922971539525178,0.07189359545755432,0.016748045262939035,0.0033788714479548905,-0.0011200652636919354,-0.0038164789806991836,0.007185357254261474,0.016267757257296046,0.0017406052221591573,0.003483268378751422,0.005715860979882792,0.010076616125562664,-0.009598384533694666,0.00053499772424935,0.011109982280691185,0.00420620621089785,0.005125676052405067,0.01368513752883152,-0.0025249093593623234,0.0005355777569976347,0.04163714613378842,0.06213961883943356,0.005061766697532977,0.015892753348742513,0.040389345128065794,0.01052976916284201,0.0019420414037999742,-0.00037675676348251924,0.45334397863345244
0.022006981784045112,0.03556458163556547,0.04504595192524441,0.03651869575141903,0.003983349309908819,0.0032682830641533943,0.004970774609316183,0.01467050251718886,0.0012754234934941808,0.004282569744400928,8.531089811543244e-05,0.04692322402327352,0.0009657267809689269,0.005571782525485623,0.01850289742620508,0.041884626767731296,0.003580969338349374,0.0027896341844617987,0.004817806331003951,-0.0015804580011230438,0.003802797354030797,0.011548868965486738,0.00639739817709467,0.0025188067316288883,0.006674054308609719,0.008345345990240357,0.013649973573393011,0.00582674993661162,0.015676161246170977,0.003594624686610802,0.0051045820212299725,0.004509977186102836,0.0015119981898110816,0.0030415093354004556,0.019343975038252633,0.03453566518560966,0.00431954193726215,0.017219198749427365,0.02070680561200284,0.005479226515705381,0.0009070430078816923,-2.3799393896704533e-05,0.4898191384638753
0.0055487192754221475,-0.01222924947861372,-0.01647978611478299,-0.0055426232354948545,-0.00523079660916579,0.00536604916639508,0.009378711950046617,-0.012317107173240712,0.0005327913933430005,0.0007187830541388135,0.008498694931788332,-0.010549516797509295,0.0035942241557114585,0.016898085561259397,0.0264989403691694,-0.008669429113112742,0.010018846953236411,-0.003163833250857052,0.012257427087510285,-0.0012453850016042323,0.008950333909201674,0.014419724319272695,0.009988461779855835,0.004392438481320206,0.009756164623848793,0.013346589831358302,0.0233376995285806,0.008435488005906133,0.021967919873593936,0.009215240778387078,0.007287134424717869,0.008670081656290175,0.008173753990369561,0.00626522689055397,0.03749986719005693,0.05393050102548344,0.005565235143784821,0.015491284591045582,0.0344696892617114,0.007770918730202943,0.0027440536377787987,0.005901455540850093,0.3414628103378104
0.019796285740448227,0.044061848083004805,0.05752128247298892,0.04160074997718785,0.021551543995576145,0.0077658237652940935,0.005819613777383776,0.038124313349075574,0.005457406199151459,0.002990744353336015,0.004923684865068644,-0.008216222254585669,0.0025512667212592203,0.005742513776349835,0.021629071838392855,-0.012254754506789181,0.001912065332803549,0.0029492496228117095,0.008494590905182064,-3.0422347975152763e-05,0.004045063567451241,0.009507664976364679,0.008251928879329481,0.005327676882183413,0.00783484000372571,0.008278524548734671,0.01828894959219698,0.005789200664801822,0.01960162251412092,0.005154453017752258,0.005249348401932559,0.005430522507952351,0.003316850798471352,0.00582403168892256,0.018912057534883318,0.03379928701884824,0.004182994213430959,0.016283107108924187,0.019632437320521,0.00371956036490473,0.0017036995817335593,-0.000828605229647429,0.48169587162350325
0.0053309797554912134,-0.011154828806234088,0.035664433698373604,-0.006842860577310267,0.01983651339414499,0.0031388641356292,0.006912935377155631,0.03677222859305016,0.007227198551322527,0.00045533713206329367,0.0032112117060353086,0.05177758141813115,0.012253437757423232,0.007561414192839777,0.020542026868839314,0.04743667301365001,0.002903767517046422,0.0023523565387136816,0.0069067070339698736,-0.00030240404387271084,0.00573915129998243,0.012178126304799083,0.006913580056924493,0.004775521811008597,0.003895292214015101,0.010366613177881023,0.01347036594205905,0.004873000624775453,0.01800154008497287,0.0032104120955033927,0.0028023371279418756,0.00777315926334617,0.0033285895723239936,0.0038022899727774696,0.027609743636267708,0.04400774165260838,0.004233449232663764,0.01529413019723799,0.024864400740120574,0.0028063485489421437,0.001891228747888839,-0.0015063693383818837,0.4723142262221208
-0.0030282699267514725,-0.0008790831506963502,-0.0017619052863415943,-0.0002781527601353784,-0.001485820570985655,-0.0006067651748896347,-0.0006660706698451214,-0.002859294538967573,-0.0007026781104507999,-0.0009772224013459528,-0.0023107951393989577,-0.005893183559674058,-0.0010906901248725713,-0.001308359559292835,-0.003501225688087317,-0.0075237109799551165,-0.0015054096285128345,0.0077764543068696065,0.04104150677915761,0.016705198575903683,0.011088701547624532,0.009221010631601247,0.013716747216353927,0.02622975881035541,0.02437438953903694,0.013471213125339944,0.02162394817872531,0.01273093028835979,0.008939178751827101,0.01409444974587922,0.0078064997089718376,0.023588268728505987,0.004539872601433752,0.027417348209655974,0.04549334313864495,0.08030226132866072,0.02139130190368782,-0.009290344635744066,0.04825461698035246,-0.0018105267773433611,0.024929985006937567,0.019490851275101553,0.47674832769569625
0.017356696900577458,0.00010320985909307293,0.001857548517200144,-7.997973149301254e-06,-0.000311839592645993,0.0007477726569646526,0.0004887170060542014,-2.4727562298153483e-05,0.0014508983310922942,0.00028553344022735276,0.04125558316393034,0.07554002804634578,0.015888409495221717,0.010487752963178037,0.0031146801006150028,0.07512506704331759,0.014764589628985816,0.001128695320937667,0.0004905933037721519,-0.0010925694538648375,0.008587783181480341,0.01240643243573394,-0.0002738025214288369,0.0031523032369735722,0.0009041343993954102,0.009571612244145607,0.006418939267119965,0.002768481668785202,0.012450215963377219,0.0028118934020823277,0.005239953353054693,0.011220516841923028,-0.0030257176981226177,0.0008038545672156115,0.03498048021372539,0.05573598990245261,0.0037031569308882155,0.009489282748206561,0.03337882584047497,0.00582917829212835,0.0029382123773159354,0.004046878050026752,0.48178724589250926
0.01909868803115847,0.039970227620798736,0.05356786055529293,0.03679678317116355,0.02095049987193594,0.004249510367193981,0.004874305783829005,0.034841109007040696,0.004043919005611723,0.0042552543813346435,0.004247226630347865,-0.005543919714373686,0.003605645190392257,0.006535403677660836,0.023350966799975174,-0.007951992505070336,0.0038374361468443315,0.004894448613815561,0.009179937732425486,0.0006433431733115113,0.0007089329584977426,0.009576336220355357,0.008480373375278343,0.004702242466557136,0.008550876662322139,0.008237269314247325,0.017221646405622636,0.005736593647605921,0.018440887098415463,0.006071826490326442,0.005540752038119464,0.005767898709606684,-0.001419256938179374,0.006475555023400332,0.01678963649187956,0.03195417097053868,0.0042006477780669035,0.01659247942401631,0.01814378851033878,0.002243363818392945,0.001758268252742305,-0.0006096573449232102,0.4606112849139165
0.007846212788899609,-0.01387171851925291,0.04798194285772677,-0.005784973617080549,0.02457854049540663,0.0022576623881592466,0.00837646152054417,0.042093907288622626,0.007743161031717091,5.5525496895613774e-05,0.004294602399464549,0.047950237576823096,0.0014151003236965894,0.005105026498586538,0.026175495893765246,-0.0196260184359547,0.002834050248223634,0.0024490661985060937,0.007312980410259469,0.00031626049408188056,0.004483791388388165,0.01124112561404545,0.007317297372583022,0.006049981714656372,0.003860697501389482,0.011159875109053976,0.013233073638063142,0.005312195870645587,0.02060703298635801,0.004960143178831909,0.0027336343144645217,0.00816043705722488,0.003929229092947097,0.0026543505765944503,0.026612827866391877,0.04451364630682854,0.004738045166842588,0.014822432013358875,0.02468324339026497,0.003171727640883739,0.0015666223573708247,-0.0007875756202360972,0.42452735787604207
-0.012763753830632968,-0.014131536582959027,-0.02460294293879773,-0.019959533138808206,-0.004863610679983342,-0.001309897286053981,-0.0009608314340476256,-0.007385022636384033,-0.0007183065810115572,-0.0012943601807091942,-0.008588663192100074,-0.01996585523940894,-0.004992936787363681,-0.003987983860681464,-0.00860924508003111,-0.019316926301116533,-0.006073159690896527,0.01306130718014726,0.006076599569458098,0.03807892322696004,0.0022656741961838505,0.01375239134769241,0.016354294296242102,0.0075057672954893205,0.006861303257703695,0.008816005097686723,-0.0008261377340424861,0.013674250437821637,0.00936016344089531,0.021036959629269655,0.006903863453137351,0.01451121094654869,0.042209378628920144,0.021165813837842766,-0.018785775559891825,-0.024122601939404176,0.00712478848387712,0.01803034042733705,-0.011961384585173682,0.009039099757444572,0.00841875545084073,0.022159264849654147,0.09118568955165451
0.02203807877756632,-0.002028613205663678,0.0032738197729622605,0.002296529913353019,-0.0004126412863451588,0.0007070560312349367,0.0006451116189315337,-0.0005706878129164406,0.0013852069288862678,0.00033415289095925244,0.03672969261026689,0.07251857845551665,0.01438794507857672,0.010073907924299855,0.0036036121123036503,0.07040426517026453,0.013172432400636237,0.003641135937841422,0.0013420977699902202,0.0015171181514913353,0.00826856317438917,0.0099342149289669,-0.0003533062810188327,0.0027959523513037283,-0.00012402951013683753,0.009737937240386392,0.0066588918779661695,0.0017549532614788092,0.012588003092670675,0.0036462683224557494,0.0030302344227934328,0.007209648333017884,-0.0024002370937542357,0.000207506142179681,0.03497524371760208,0.05640178520835544,0.0044058275547022244,0.015177818359601643,0.0277105728054392,0.007693836498708049,0.00321754776806947,0.006321397890254718,0.4739174293055873
0.01725966308501852,0.03622092863274333,0.05034954067808845,0.03727070747992357,0.0210235027983675,0.006081370745411695,0.00511151208214562,0.033996464980353795,0.004799083443445893,0.003302653047953827,0.004370668003307065,-0.004377526511951683,0.0031792877475393276,0.008504568293477857,0.02084837086964948,-0.009862787313386752,0.0021151029827244944,0.00473312284293598,0.009144997283944507,5.121894439557807e-06,0.003388711499059686,0.005908288347347929,0.007969453666675464,0.003517873282070636,0.008101647760394737,0.008151103116400243,0.019956525473833038,0.00635603554482326,0.01610225028458272,0.005535307513849123,0.004738019495126149,0.004964559814093338,-0.009945102391941517,0.00216288323500382,0.020894165517375114,0.033872540896773266,0.005531508136444812,0.016723221440319343,0.020092337860348336,0.00614764086858549,0.0020195348175037465,0.0003568699032440688,0.4466217291480448
0.02548987852492968,0.03196487884253771,0.044646083742958406,0.0366420456693087,-0.0026540689518578966,0.003989096671243545,0.005902030745249558,-0.005464665429820999,0.0013714566255984178,0.0048284935914709,0.019031154665685612,0.05220589822414415,0.001091165116702439,0.004249384472257258,0.016687679422575923,0.045695746583637134,0.0016491912696305333,0.0018986827385723613,0.006845214655997236,-0.0022700861777415738,0.004378010610990125,0.01058213987148266,0.006296831211696927,0.0035691859520499743,0.0073036501429481855,0.007789236403285011,0.014390878746870601,0.004846009907669114,0.012981097037085528,0.004065159111512248,0.001880287082975684,0.005154097604738021,0.001458080757166159,0.004693893050011344,0.017210892337318085,0.034461985831467354,0.003967180622804767,0.01544359693633375,0.018048041973718825,0.004937619728074301,-0.000706606772615509,-0.0005922496134354768,0.4759582795372268
-0.004853384939017513,0.0359745141016073,0.04707523392748181,0.04457538234544119,0.01027712654465604,0.003919093818426312,0.0005778342649562378,0.02140251466544314,0.004364205890345248,0.0005185728071353159,0.018478890050018428,0.04408027933914325,0.010142678740140883,0.0011756861992541863,0.01323237491403358,0.04604751594059304,0.005807592884333033,0.0021494255875242887,-0.0004494405304810813,-0.0037016163118154793,0.002313938609509125,0.00702731637913726,0.0029317534700524636,0.001816822240189622,0.006990146892025655,0.007383474321282726,0.008925406368734484,0.004282755992452579,-0.0026418953397314435,0.0008341741427947808,7.131079451439841e-05,0.006241213699251952,-0.001229550357364655,0.002222928970415525,0.009058893421452397,0.029275471599255323,0.0037965918767025454,0.01600369341800103,0.016898134967858972,0.00764296853445133,-0.002491580679674697,-0.0008287147144800564,0.4273197348460505
-0.0029557874197870867,-0.0001832993417200616,-0.0006168767342348387,-0.00031578469317597744,-0.0015695480584280073,-0.0008068266389396277,-0.0006819169879911614,-0.0030799008104108903,-0.0006996281427832336,-0.0010130033785244572,-0.002661911043467114,-0.007342787816940268,-0.0010226844594767319,-0.0014308217358703986,-0.003549960785085077,-0.006908472819570957,-0.0015743305673067765,0.004075599406976326,0.040890898170941346,0.014788134768834152,0.012906558150432998,0.010157857715333238,0.014287086340348192,0.02634934289351887,0.02346339948079177,0.0131211826761969,0.021327032567114768,0.01259034207418588,0.009096515201791895,0.014074373945134656,0.006053065057131044,0.023836750190010025,0.004410270311743062,0.027318456152618506,0.0444760857686133,0.07413782686643013,0.018359347921852086,-0.007642952988292892,0.04660846084229843,-0.0004232515915754269,0.025193840506465635,0.01756453269755767,0.4606072136927399
0.028011676390192225,0.03432936542804116,0.0444745371051731,0.03814862474064005,-0.0028373547223117094,0.0022960904403318103,-4.782340154522658e-06,-0.003797108548859228,0.003791116146765993,0.001396433001265611,0.007177004848833599,0.04927774377162698,0.0012180592122646697,0.004796557407590014,0.015696848159433653,0.047747334144753024,0.003085756393715244,0.005205771898632224,0.005903159344587757,-0.0006660814075232445,0.005635750781444477,0.01251460410996473,0.0062231539302601375,0.002855804221398771,0.006836910850752233,0.009319262719301993,0.011641616845004317,0.0045936869506088135,0.009792675868663779,0.0015829427828860255,0.003530331660365049,0.005121204971692181,0.0017794724169084089,0.00038284732212628145,0.022809865799175134,0.0363356325318404,0.004979230954709873,0.018317378464027506,0.026986382435877077,0.006908218543548038,0.0008881350895137528,0.0004558199252973242,0.4847416805903647
0.025018985480738925,0.02789858077023941,0.035353447654968506,0.03358046006992265,0.00900677026407635,0.0018286473953877031,-0.0022549795292468905,0.015640515177209765,0.0028022449048405065,-0.0013061094206246024,0.019356137524784874,0.045798490398546436,0.006671449266501014,0.003415817820381222,-0.005634907254872242,0.047016919821763495,0.0036541727568127394,0.0057147808316277806,0.006018650253192598,-9.655590914633809e-05,0.007041887698936029,0.012617922418186014,0.005630169065494766,0.0020944663997346335,0.00651330061279799,0.009013157921813933,0.008082508912504678,-0.0017717824841468302,0.00019291286546568534,0.002860793914100488,0.0010025587201237369,0.005904126575634756,-0.0021347001224115763,0.003058411288304623,0.02230952658407619,0.03544905731184032,0.0017768962937121883,0.016657970429652905,0.027925001070138074,0.0074449921622790375,-0.0001524719741007901,0.00458472157133625,0.45558494551257706
-0.006743632420887301,0.027562771870994176,0.04359111896398825,0.03346900273012911,0.012212812738842926,0.0019117182367929585,0.003476231397258545,0.023736962280374738,0.0032262237736375592,0.004946882107113707,0.02127940507700791,0.045417062590806266,0.00835612134946163,0.004112463021115888,-0.012737618977310223,0.04092988839385061,0.005928848298464624,0.003333143083963276,0.004336278143688423,-0.0013276397421264608,0.004853632122675499,0.010677986098030334,0.003952350755307673,0.0043639916023945746,0.0056346764934029885,0.009464209915052785,0.012821143789027935,0.003356988331489993,0.01610589210206057,0.003753176995919151,0.005713129905156077,0.006186877065119994,0.0007976744485443221,0.005700653776665316,0.018625592110685978,0.03443445015214865,0.003506722352963271,0.01654310511360791,0.018027041150749133,0.0017082467118824279,0.00041565511365305823,-0.0005556915497357712,0.4531055474739685
0.02906090185412768,0.012331806010957427,0.030421839556118584,0.025027969956055714,-0.0015732296971241347,0.003970751092352147,0.005913002722219445,4.614922639048734e-05,0.0022173527258460934,0.006010860403121185,0.029279440499795844,0.06064705459966238,0.011018953936784676,0.006181734783076213,-0.0024515320124804383,0.06040744989872791,0.007694151649622624,0.0029971311798148922,-0.004212533892735533,-0.0009845363846209358,-0.001623150281417858,0.012360005299193117,-0.005601472279647312,0.0017854671352369735,-0.0033184228617719443,0.0063376543325813035,0.003364868394736349,0.003014288394098258,0.008218871059766616,0.001588717806251889,0.005296607380742278,0.007187017712091118,-0.002835557703566129,0.0011773451281898869,0.022151796678710454,0.035443632500158286,0.001873031007641161,0.006804252757998429,0.022479519357400016,-0.00046518009535739796,0.001228779732017742,0.002310190614951534,0.41278298017771703
-0.0031143203580236644,-0.000761108330197533,-0.0005118960182934381,-0.0002714892913406384,-0.00172868247339171,-0.0006444217795709296,-0.0008717664148619689,-0.003331355418705941,-0.0007106545159315506,-0.0009613183328428511,-0.003115459258356346,-0.007112918566654815,-0.0009716736208653186,-0.0017433087305558782,-0.00303428358664545,-0.009901332363728059,-0.0016104560575844948,0.007340772207033359,0.040547984826704256,0.017013651278685524,0.011778126213875162,0.014347801899299841,0.014265672456278574,0.022840737969385395,0.024772779215945548,0.012872226095995925,0.019668558185500104,0.010593489340544337,0.010952257728420173,0.013770018938764183,0.007730918038943449,0.023473071755287532,0.004225794337315618,0.02745994222145811,0.04501767234006321,0.08011088448116029,0.006398426251648956,-0.009544533385610668,0.048716805207876426,9.431015047932817e-05,0.023517395878171324,0.01690925179413194,0.4544775703098073
-0.008044872340231848,-0.002474042050928717,-0.004527496763634806,-0.0044919261856166195,-0.0038010364390019223,-0.0010880300525870949,-0.0008860017207193082,-0.005284385537278726,-0.0008614422875467992,-0.0013428505009096569,-0.008130695252867474,-0.020909877574934843,-0.002694828238996216,-0.0041043191566260346,-0.005154322795363323,-0.021102976135608725,-0.003801709808586864,0.014321793998896286,0.0062050482413271634,0.005327456041670626,0.02022013155891109,0.01723650443814755,-5.2988382824087414e-08,0.010268936899216685,-0.0061136328107045034,0.008795112728039551,0.012731219009625505,0.011430352260971211,0.003439096071331001,0.006484315220119794,0.0014669569489846944,0.011436678175972225,0.002056384301302712,-0.003140397723912885,0.041407090421568385,0.06538833930571057,0.0010752314710278199,-0.02095026058179019,0.037860187506581176,0.00012260818053940067,0.003942899079328917,0.028042382172506156,0.18035356708554914
0.02284599396327121,-0.009092915910741713,-0.010220138936739408,-0.0048746483195542915,-0.001357424250386115,0.00043887254107652417,0.00020810667554779249,-0.0027107506239776686,0.0007448051473772878,0.0005339033309863353,0.03848595217595268,0.06955004240912599,0.017899845736742276,0.01067324449265611,0.004866154823910734,0.06672567223711623,0.016934268904141972,0.0054467968637129825,0.0033139257340684502,0.0016885707864199974,0.009862616504633727,0.015390396917061835,0.0059057003553459496,0.00206320541374336,0.006182032222499122,0.011177109928665831,0.007445323953923513,0.005992036808777464,-0.0092490126471947,0.004939228384009141,0.0002800004906519423,0.008474078066441874,0.0023097834334334494,0.001182226252988399,0.03785737118828404,0.04591323050185259,0.0038935020174606988,0.014698762055196823,0.04073975161631773,0.009639488607632729,-0.0030602874367711115,0.0038700777504488094,0.4576069001661106
-0.010182231490659076,-0.003487484944922198,-0.005757121973112182,-0.006110183431364881,-0.004233116667757241,-0.0010923743071687168,-0.001507570083483703,-0.005805165843092442,-0.0011832557272546383,-0.0018097884906194573,-0.008492450165054611,-0.021945202222858767,-0.0030402486706053605,-0.004279040307242523,-0.006324838618687395,-0.023801058573754884,-0.004778271490315393,0.014845570572426534,0.010079162377702115,0.006305888863569128,0.02362449010114692,0.01715573201534024,0.00028968567692177024,0.009748791634949691,-0.006130324171710557,0.008779871090866653,0.013641899186009379,-0.0024223756712794977,0.009534973886179368,0.012313005603888939,-0.0005564323211155831,0.013671881887677841,0.007397521022462478,0.0031249056884228707,0.03592453974079118,0.06206388938034483,-0.0009365388043870339,-0.00857699061387163,0.032663198825793514,0.008531864205711458,0.00716727567909229,0.02975749887495274,0.19416958172393217
0.029219521295007246,-0.009297956197924739,0.03979771272260458,0.03579773976980786,-0.0012949300384342008,0.00393765801940742,0.006233143506013263,0.0048169598443688075,0.002522128026129644,0.006356121800741561,0.03326323630585308,0.06384228249941895,-0.000995389362516705,0.005958348732773908,0.01129221255364808,0.05894754659050362,0.0015677798732901202,-0.0001164509681686651,0.0029039334007134113,-0.0017932075691157003,-0.001666307853635602,0.011720000255946661,-0.004977921263777539,0.0008093779678250948,-0.004935850863108368,0.005962988362860206,0.0022120266131493596,0.00504677283104523,0.009676126560409072,0.0014452545447035876,0.004747177527299348,0.006584356982010447,-0.0041856806571044835,-0.0002443564318020493,0.023471883523930877,0.03461621414933644,0.003132332215077859,0.017174046805079626,0.021308898164342716,0.006452925871392439,0.0009177170036121184,0.004088368919132678,0.4363147420318473
-0.01289126184781574,-0.003236575348934405,-0.005854096603486077,-0.0071760368623942986,-0.0025655427279266327,-0.0013599249483626488,-0.0010497555438050475,-0.005266011901438418,-0.0009298843915934598,-0.0013871083222335256,-0.01024318318482575,-0.02411103260505787,-0.003838326469540056,-0.0044967953209054876,-0.006181512157516097,-0.024255755122527072,-0.006555180207021009,0.017234407135482015,0.01593939071990482,0.008443787331878975,0.02643248087712578,0.018707249843268936,0.0020141596325883226,0.013915724300516826,-0.005441329239515976,0.008933859581452512,0.016612713747525827,-0.000451183074885011,0.010672761577831874,0.011330375033323702,0.007762946225414928,0.013385504483015075,0.007699763277280734,0.020121229305222678,0.03913331337787594,0.07056002413439537,0.0013923315656327727,-0.0007705389493373454,0.03559766943993399,0.011445558645377333,0.006596529552395628,0.03272082072706773,0.26859156568538983
0.02217566205766008,-0.0016131562010802166,0.003705330022396962,0.0017044065247988054,-0.00020976919642382065,0.0006117156129976978,0.0006712845107124062,-0.00052139979640497,0.0013805165722522927,0.0002801527725889056,0.03986073254147118,0.07646787109904411,0.015474769712763537,0.011112293791452461,0.0032384758113417366,0.07690509815526247,0.014919520582039053,0.0038429509534109963,4.594070396531931e-05,2.630937559726231e-05,0.008061574374774621,0.009567985479273214,7.072488465470948e-05,0.002880737535485933,0.0012625292408041736,0.009252357338068439,0.004355899188665767,0.002608046474393435,0.012968458031858032,0.0023728081637816073,0.0051911065736727595,0.008986176175014604,-0.0029776934903991614,0.0012947979274519315,0.03556869804491191,0.055448602670768975,0.004265852343550975,0.01499936600738034,0.027350418371162335,0.007014052302502958,0.003437117023681312,0.002163307033269864,0.486221627300575
0.04776735157434748,-0.005431592216483125,0.049462733196161505,0.05320776679173746,-0.0008769006410749752,0.0010479056202482605,0.001133996215056571,-0.001021748370756882,0.001109033780116707,0.0003117343095593056,0.02478406266001448,0.052689691997963355,0.0178908280103052,0.01145839764202809,0.006488291347924519,0.04976825954201842,0.01600536471350317,0.0038153516331620465,0.002603704282632874,-0.0006135848526724293,0.0007420585033423719,0.014430726397418707,0.0017856236468748732,0.0006619340859564947,0.0009085766295293179,-0.005775317859622999,-0.006624450988020682,0.00045753405335662224,0.001465552067272487,-0.0033242664256448807,-0.00777795635139627,0.00757354232371594,-0.0059135215676801665,0.0009284067813665582,0.028880534321977815,-0.05390086603934976,0.0034758047660698485,0.008637449345832151,-0.02600685586170049,0.004768203451365565,-0.004072710024091691,-0.00012143948843338101,0.2927992090039304
-9.20249159611473e-05,0.030720874413741973,0.04355254781159781,0.02652960532658339,0.014784273368241247,0.0003761248258197185,-0.004939551887604878,0.021135687356326895,0.003932806088965995,-0.00328876980002454,0.0162468408296208,0.03727391000357063,0.008754141944644203,0.0028295757019808593,0.015501580432793106,0.03202849825456266,0.006527522144938939,0.005128175950652852,0.007135504179339648,-0.000437466692211734,0.004483477192179463,0.011694711647367947,0.005564574121951336,0.004265469320990187,0.007744576331880088,0.010706564405490811,0.015303639518949317,0.004822036520472403,0.014986992600167755,0.003347830830001735,0.004995332980777643,0.0061336356369238775,0.0015989289959372135,0.005062590612552138,0.02157590429439858,0.03748734820186372,0.00514018359848362,0.0176690819574744,0.021555412606238614,0.0064280703150373575,0.0011589623734054718,-5.430587793258395e-05,0.4753708735221895
0.02263888201165679,-0.0028320571166979627,-0.0008645423295993311,0.000919684825000771,-0.0008628077136181016,0.000851810678737353,0.0007434174842224253,-0.0009297533759788427,0.0011925017792383166,0.00031744211036096757,0.03432899378185571,0.07008983606356795,0.012643352882838507,0.009156575343916435,0.0033621818910326757,0.06470246133739177,0.01219650504962564,0.003058001158607594,0.0008461682917663564,0.00034720310592941344,0.010149383103172835,0.004591979433226338,0.0016151365882729276,0.002066770722847472,-0.00099719836334563,0.010399836676670434,0.007498466457120677,0.003267969393529921,0.010499777674923055,0.0024245110491237843,-0.0036820083751015623,0.008860665221478782,-0.0024144111649169082,0.00033258140966821724,0.03478177105694834,0.05835755729468389,0.004638660137019968,0.013828923362909449,0.033856589813729125,0.0098500242637101,0.003458066983144156,0.005366719895802244,0.450657629894472
-0.002660311739969199,0.02999725712622958,0.04039234671792351,0.03285457738063291,-0.0038679442957033523,0.001787926584627912,0.003579843122596793,0.007252583579200499,0.002619013408018128,-9.488826375119392e-05,0.022678265924129665,0.05284264556221765,0.009276069424931017,0.0030743343587323097,0.01299319821198928,0.047679541773228855,0.00616238361955108,0.0022574838728822255,0.0030343439030599915,-0.0019168250781752161,0.004564012674888197,0.013129361098276827,-0.0013589985904155861,0.0033644653374443425,0.006269781870735249,0.009472922354844449,0.008412516285561914,0.00465063831655628,0.0127957011957067,0.0015844468217661794,0.004589313231308945,0.0074792156873283175,0.001106994429562097,0.00236879295194432,0.023498653241996136,0.035137978650273356,0.00391399878140949,0.018022369860006802,0.021204996516049814,0.007090349320589029,0.00186347859299715,0.00525099266422277,0.46435382648540513
0.02560380699539418,0.029188383788990538,0.04024188015612746,0.035623959961656675,-0.0023878430603029494,0.003590594134287369,0.004851349126695253,-0.0032922487561128956,0.001649491259954451,0.004749040537163933,0.021893485251432223,0.056402146916954575,0.00011436847336453438,0.003191041064187652,0.015594464842030597,0.05275702516938526,0.0024371999536899214,0.00222911498432564,0.0024246971932230677,-0.0016902714281515168,0.004580865998486648,0.01302383397082608,-0.0006379963813053911,0.002475431130960161,0.005968288312370582,0.008013010070997745,0.008877771859996442,0.005493787952653884,0.011624743164125755,0.0017236565385028635,0.004883132824389707,0.0074609685821853625,0.0016061243026627278,0.0018581472172155419,0.02207435007922284,0.035458435069572386,0.004375487443845613,0.018566395782277752,0.02109187129847372,0.007135025977808578,0.0014984391884227922,0.005119579304258747,0.4874430362522465
0.029953345280897627,0.04358835728620189,0.05525231349817237,0.04342832304481063,0.009345834867473346,0.00185544728431852,-0.001781444734046517,0.015556507713465702,0.0026531593612473905,-0.00023042405903032974,0.01775675034029294,0.04715666657723115,0.002741543717244581,0.002288176410961268,0.01168811254315378,0.04999968655884125,0.003471827579127166,0.003192160907671166,0.004276503732182244,0.0003231946208263606,0.003183372416488682,0.011431049946431545,0.0028331285431247737,0.0006798700422755763,0.006800358117202991,0.003306221511731596,0.009878991420817313,-0.003760619740737724,0.0016123067862753694,0.0011213133944534307,0.0005855807309550494,0.004659357476127028,-0.0012738102300518539,0.0011785554563019016,-0.02537243164848017,0.02492336997309035,0.003145414582976012,0.01660540245275795,0.009728489551751724,0.007151138756115082,-0.0036403940503868487,-0.0005351393720204149,0.41675756864824187
0.00021593550602393524,0.028861481024894536,0.04126184938267443,0.030031895940248056,0.01310761100871734,-0.004129472414581645,-0.005219211983258334,0.020839420153431404,0.003421350589956377,-0.0029246136218045735,0.017599974711331557,0.03905052329214481,0.00912676125290648,0.000976273423687692,0.01199574730498184,0.035528388572961096,0.005809368709221067,0.004649026764552417,0.0069176456556606465,-0.001186863461537155,0.004662359124094967,0.01069803488948596,0.005108159144983383,0.0030062702032745805,0.007451464840224144,0.010330013861379743,0.01377338102163793,0.0050214772248870455,0.012480383023339892,0.0030225582246369577,0.004545905633997541,0.005423065554277887,0.00218970447954686,0.0016723303382091524,0.022914991266665602,0.03720189321734747,0.005257773516067221,0.01693899454042587,0.026205987426592987,0.007166381952545904,0.0014673837820199324,0.00016508498646867345,0.4626366900643217
-0.011191344188081835,-0.0001166073422810267,0.000810455706923241,-0.0009865090369188785,-0.0008009709624642937,0.0004613383846801761,0.0006560165009452776,-0.00028975354978214815,0.0010658664055431225,0.0003341132369169027,0.04166974883803545,0.07854061079488388,0.016533215209983878,0.010170116223493822,0.004667255995516459,0.07527096410316039,0.015752018648315352,0.004396898540116738,-0.00015327281704694248,-0.0005328637477855625,0.009867445163764024,0.009521113570805277,0.0007395323713556986,0.0036712986565331025,0.0009108686033699228,0.009648094798739557,0.005660954867456332,0.0013869351688645245,0.013328057337430702,0.0017289975588202892,0.00504676450098076,0.009218327843751827,-0.0029579639657465583,0.00012967099966145347,0.03566150323024616,0.05937107487780798,0.004231854069872695,0.009420055176687144,0.034366440604172856,0.0055858859136089616,0.0023773134423225287,0.006549064453032598,0.46172058618769185
0.02052935379977817,-0.00040336434760455427,0.003023232981504134,-0.00045927068150929205,-0.00032255425705406224,0.000744643571936385,0.0005012307045256366,6.144718356693617e-05,0.001452887296067274,0.00029478275716494353,0.04118741248303817,0.07522491784592085,0.01572984335007155,0.010549677414285918,0.0028069290260117593,0.07507714753897324,0.014656730306831008,0.0010334351559498052,0.0009798782632476012,-0.0010862711987573363,0.008166425044897925,0.01236066590506443,-0.0006526206095051877,0.0036933469303135646,0.0009118071375104279,0.009637053648481612,0.006477466488816809,0.002666659950715771,0.012285371449308718,0.002526371529108738,0.0052531110227033604,0.011115496199822487,-0.0031877758038809027,0.0007994136725369584,0.03517759433723304,0.055093837341460825,0.003875745671830175,0.010610460135683368,0.03279418116908358,0.006020106873275145,0.0030796648900894884,0.0034013585093324683,0.48368783068783094
0.020023139832821103,0.03599548322360645,0.04092088496968916,0.03366349477411139,0.017265804714482292,0.002503289159457503,0.006228016421081105,0.02839948391989224,0.0003051023861079587,-0.00036201324027409533,0.00571545165326111,-0.005797646836571052,0.004275382075858036,0.009869838228372448,0.023333703827145693,-0.007257877045151265,0.006191000874737607,-0.0015393280989567065,0.01058834187146907,0.0006281582245778058,0.0013678904794496684,0.011668225612400579,0.007723831540611636,0.0038509203572573694,0.009882197063528487,0.008711804029803318,0.0207988872758391,0.006739173526982579,0.0197948471580715,0.006319878598773588,0.006082764061981529,0.007211692772475153,0.00446001611342238,0.0055684819248464365,0.022888520901504717,0.03664819088249542,0.0023972499186584425,0.017996070535927486,0.023260076953904845,0.005761707077415038,0.0021921537159780334,0.0063110917470222665,0.4685853831840674
0.029407900964791095,0.030684343217442633,0.033528769011782394,0.019951204217658038,0.009365825391617337,0.002267285163107771,0.00364829855039024,0.017183855128335875,0.00471562453311991,0.0024593974214561793,0.018053911925666556,0.04766907886388689,0.00036433898053702643,0.0021158610217877766,0.012333066268018382,0.04661860661999718,0.0036562120436045256,0.0034105828430987944,0.005157813949812834,-0.0007164603822920573,0.002312655135608336,0.009411048364282205,0.00037697400075673764,0.00040777899074914583,0.007237902269714914,0.000910297248985848,0.0011023378095150593,0.004073090001403678,-0.0028498536954958834,0.0029098714664947353,-0.0010073129798206393,0.0006187034791132373,-0.0017972950287420528,-0.00014763894779498557,0.005538963437963811,0.02593432011539382,0.0036626805371715913,0.01564624714179086,0.017656324810613095,0.006802065009872221,-0.0029799705925003892,-0.0010433410522683916,0.3866513632566263
0.020332842601042022,0.036210690620584574,0.04613766057774368,0.0383381362820077,0.011958180204131329,0.0028542273452752866,0.003813311061352024,0.02119448882582847,0.0012168428659099096,0.004708058432357881,-0.00021755548979515428,0.04187458870365028,0.0008277702293101123,0.005115542757813444,0.018853736664290254,0.039827316590395484,0.003608684560856674,0.00273171069341498,0.004541629487483076,-0.002271276787575397,0.004299504746157859,0.010555167954053202,0.005836704009305597,0.004516059753859759,0.006512792342150083,0.007669368241201288,0.014804333530444226,0.005500549767624261,0.015237409765958639,0.003701245927708321,0.00502294260238888,0.005967917750927206,0.001716237994934483,0.004453137051095801,0.018223327799474442,0.03444283750931115,0.003787759971341839,0.017514431269213163,0.01938938084277391,0.00369587384466353,-0.0001330881091852499,-0.00026250251244810344,0.4941079782790309
0.02081288229595249,0.043913123992893675,0.057929601086502434,0.04111770367522413,0.02223779678071394,0.007910191141849841,0.005730696124104901,0.038536476047578185,0.0056007779696553425,0.003058330671738632,0.004800133047773187,-0.012388433438188946,0.002568293053815739,0.006080447673331037,0.02171413858373237,-0.012045991875519328,0.002230141041410161,0.002713757632622526,0.008206978956687159,0.0001567421300859972,0.00406105825514857,0.009411974676205553,0.008075783260740587,0.0053022216761731186,0.007463186253353395,0.008328879479593716,0.017785584827048166,0.005279363906033393,0.019120358556129802,0.004406195418189812,0.005271899878663147,0.005427714474665535,0.003566568756960018,0.005973977378149237,0.018493554115531656,0.033800593426561956,0.004070493332382854,0.016516191637866454,0.01957785641331465,0.003596162469163747,0.0017631720230789172,-0.0008405631616934172,0.4773360136452244
0.04863621239838608,-0.009186654610620359,0.054660544983149754,0.04618955753119989,-0.002146241606978987,0.0003040245771006557,0.0010461281863588987,-0.0017322999506297018,0.000802874527086737,0.00019190331060719174,0.02358035828743761,0.05453922406652247,0.016617319892059914,0.00886268681187697,0.006365300929681867,0.05173931474960242,0.015230202304595795,0.0030693440760381045,0.0007419533561511478,-0.0027644451057996476,-0.0016692262331131674,0.012691801339186659,0.0008727882842533302,-0.0008240324960256246,-0.0006864697996899019,-0.009802644329576584,-0.0037288583529579166,0.0007550239830984029,-0.014925643748354636,-0.008365510456408013,-0.0031285452601422085,0.003795994580662298,-0.003916230054123589,0.0018941093095304925,-0.027756311586604333,-0.06154925032804831,0.0017066545590833765,0.01677568639674089,0.0031498369849374142,0.0030158246343638387,-0.0013232404941715963,0.00582628993849294,0.2295553555849606
0.026345575086084098,0.029503645673646557,0.043263294105509026,0.037085502340095694,-0.0012478972214957254,0.004293867269363597,0.005176973291997199,-0.004017085563960673,0.0034666107033780986,0.005371594876410897,0.022452394673098747,0.05917704704432093,0.010776816510421311,0.004302826876872572,-0.007344987391215137,0.05374560832152757,0.007584965109114591,0.0022438224962231133,0.005173442151339981,-0.0011377708633430496,0.004333229930533434,0.011230083608305682,0.004618092925658228,0.003834790093795939,0.006350524812347458,0.008242705610378938,0.009860431628661332,0.004634052481938704,0.015615957360141009,0.0014866623161381388,0.004851242900207484,0.0054941348975165085,0.0014708369058559696,0.002628320283727877,0.01893775722256245,0.033144609349842986,0.003397806752704601,0.016697858713233017,0.016939890187283806,0.004906112756371208,0.0016144141110592501,-0.0012344254347394217,0.48527133490291396
0.020765784026553265,-0.0028880637978000523,-0.0013355516222224367,0.0004927210340830732,-0.0011111314526460543,0.0007165409249453392,-2.7854335117743832e-05,-0.0014510222359061654,0.001128539009243459,0.00023865890357048766,0.04051289812183629,0.07786005579182353,0.01597669679459578,0.010933387038723184,0.0017044045438209812,0.07624810940249131,0.013867968382840077,0.003232533761861241,0.0021411473113410427,-0.0010965709874702584,0.006876681776623958,0.012309487814647233,-0.0001665222627536821,0.003856090556397048,0.0026179961224916,0.0103577991006635,0.002315456790933911,0.0038765347363999415,0.012074377431721491,0.002898773545632905,0.005665633475210735,0.010193468118014063,-0.003912119851974528,0.0012859710870870926,0.03528253424428508,0.054855137477832674,0.004926134851850212,0.015138409155768905,0.035532947085620506,0.00556470440929828,0.003090627759219732,0.0033924891634844246,0.48594186320502153
0.01781874197430412,0.03791749720823151,0.043281094594062125,0.03614503902900966,-0.005407701994964195,0.004480635576804577,0.0003206028772842268,0.023076438337866358,0.00022468931215098302,0.003695778008025217,-0.0005480543560496012,-0.03692858447187387,0.01102575717836521,0.0032653546317787233,-0.012127173556280534,-0.03145625069447145,0.00026819620864701634,0.006196981789798968,-0.0002836761756004948,0.0013404396891293978,0.005372057406583183,0.011021735317702355,0.00404976188073523,-0.0005174143953625556,0.0015184502250147286,0.007822575315660205,0.007684809469737466,0.0036460313348113792,0.00710268683090566,0.0004542169593470856,0.0030243502243186577,0.0066022820486901935,0.00340310701168773,0.0014390185369284405,0.026096326627916805,0.03760489700561991,0.005560407835415665,0.014738524681768783,0.027813207823516678,0.00688353402630052,0.0019421828320136504,-0.0011546220937027453,0.28441393207182697
0.019012663774426578,0.00175269979394525,0.00336660603327565,0.0032723460941907656,-0.00030676931854539837,0.00047015162676006803,0.000780946960675489,2.13882995864062e-05,0.0014208976326913671,0.000507140802746838,0.03788364489747086,0.06309211938068446,0.019125032849728968,0.008810992070598262,0.004533126574482509,0.06346593301168102,0.01756847623129122,0.004964606800267596,-0.0006276390999812371,-0.00032724081360843444,0.014600841684671453,0.014216795463371528,0.0010519081041413822,0.0026048877391063848,-0.00041348207955649004,0.008415146051932118,0.006820949301983003,-0.001109430713417751,0.0023598911910468964,0.0054498646197504485,0.00502214645013953,0.009738006231376434,0.0017447764730115002,0.002806429272655738,0.034339466687467325,0.06119924772437672,-0.010758969303534536,-0.009669378640835762,0.0320197044838065,0.008936657600919913,0.0023036568563408024,0.009216239295830384,0.4496824780969518
-0.0006037623124025925,0.03402072842922351,0.04659903269613098,0.03691612330996467,0.014601695893760026,0.0030550193815126817,0.0034515181164209673,0.027645440245475456,0.0012001309983769779,0.004939647516774661,-0.0017549411773327267,0.043466385370393976,0.0014081212510505061,0.004829551646352628,0.020484603344406518,0.0376767228704461,0.003237839083701777,0.0027371133810461033,0.0041295917408951605,-0.0021801973910415147,0.004234440462248253,0.010706219987234705,0.005680965663579503,0.004886089731562593,0.006511609287416969,0.010118775800737763,0.01597148410138554,0.005563453039872357,0.016587040620203664,0.00396097780706461,0.004989160324422954,0.006173235354429935,0.0018806795125691415,0.005087463390946342,0.020106464836401505,0.036509344926479705,0.00410648517997865,0.016888800657528256,0.02080710318491531,0.0036654642508089684,-0.00021475143281458786,-0.00022223142743552012,0.4898586396546925
0.02224034640812278,0.03644506728945456,0.04682344992531806,0.038999284238198484,0.005422967997915449,0.0029429985361716336,0.004102598663084754,0.014979044890583201,0.0013262788058752216,0.004728804317610588,-0.0009895253675362137,0.04793353041088522,0.000703991835232013,0.005891008232827832,0.019085798566895573,0.04254225699929979,0.0035945286531988414,0.002752484365221722,0.004910600432884288,-0.002135789803148137,0.003720847699696419,0.010623074499825537,0.005737679978354119,0.0035865554568410727,0.006401922614832434,0.007533006947424494,0.013266476020366656,0.00530764635507648,0.015313255309392421,0.003679470279499026,0.004363618424282126,0.005886383375569898,0.001582518043766013,0.003427228037611665,0.017474051173204972,0.03376364291042705,0.0035608231796822876,0.01687718130597358,0.01880497972176313,0.003528987827071335,-0.00029763287171265354,-0.00029768485907634087,0.4861437568279674
0.0015593390707103517,0.04225096034920689,0.0549367676592666,0.03817239016182723,0.026073262518758956,0.007071821055336037,-0.0020254200152267504,0.04242055294947145,0.00470439314553733,0.005545442246450962,0.002473737297329574,-0.006625610047013024,0.010701952515945789,0.006522802997476811,0.02179538056347836,-0.010761435333632698,0.005755441571306334,0.0016463849906259399,0.005936254446915315,-0.0026269086523284984,0.003002194501495552,0.009493270389561808,0.0074037937664891,0.004972292862108189,0.005744790869161421,0.009916771837996196,0.010935469961038766,0.003568737064374606,0.018923753120782157,0.004574073721923032,0.001962366685655031,0.005473889684432158,0.0026167059208217136,0.0035417657160695445,0.01916175517956201,0.03372175311230549,0.003837357638553799,0.014644639300730823,0.019776234249002357,0.004420312235037754,-0.0008033747669198321,-0.0007026804071898173,0.44171338213443484
0.025737607903820417,0.031138841380692252,0.044444955591001895,0.037473496192932734,-0.0023312304860693073,0.003128911345489827,0.005718238807047124,-0.005108838631392857,0.002127163699426495,0.005609165066100592,0.02048267270618012,0.055684678046418766,0.009164145992617284,0.0033369749549212436,0.01288433906268348,0.05227696166753144,0.004318552007943626,0.0013687901565315268,0.004897389299515744,-0.0017950924223715842,0.003809289999820993,0.010017568747315651,0.005222243560988601,0.001702219503034176,0.006283332661324803,0.007222257292695673,0.012120834062864965,0.0041466920713582635,0.014143736836775377,0.0014793633502292302,0.004013002021434728,0.0050180654037029785,0.0001472911321912183,0.0017939354015100513,0.017974042976351797,0.032749611814012744,0.0017453855163534653,0.015354930190896251,0.01750533739174915,0.0037544310272205877,-0.00027891917542417305,-0.0005637296627302171,0.47591864446469706
0.0015293530699408819,0.03594316540094711,0.0404171098009868,0.03044511200576288,0.021579096867422924,0.008007518370566,-0.0005127688921755265,0.03447803377413942,0.005594358188447874,0.005023398172250385,-0.000637023915227838,-0.008372839161725239,0.003622602623208862,0.008745214011608623,0.022537997102424004,-0.01556803628969648,0.006369363354587819,-0.002417786465426375,0.006655479614157496,0.0016557363241420711,-0.001402606277353081,0.01039447913267159,0.006033084700865426,0.003449741620540044,0.004480321763466025,0.0100834888858722,0.01986047211683071,0.006155830099496193,0.020294056512755232,0.005224470007508116,0.005024671741321885,-0.01787775469277747,0.0036789057220302313,0.005546224036701951,0.02434316446315986,0.03678723286907457,0.005827866585057738,0.018604765854647057,0.02457783224390456,0.007968672438167436,0.002325917343198162,0.0049716619951558115,0.41144758311863594
0.024863074482053275,0.030039588458024315,0.04270624838463419,0.03135970885279189,0.00469447738320099,0.003370661861062345,0.0051724769154708646,0.017748723733435584,0.0014177297580676663,0.004861864615175889,0.023634066823050453,0.05538397291502173,-0.0054196762081384995,0.0023873340545082665,0.018019094120401494,0.05023353723899797,0.0005433073790597917,0.002284256079991207,0.00673892153059162,-0.0019035340366136404,0.004707792128609499,0.012374054432118935,0.0001264712650706592,0.003535262816372701,0.005176516616011538,0.007152469018934766,0.010374700143240252,0.003978521793112004,0.011436424122958368,0.0012420522177797517,0.005894446257742646,0.005643720093703834,-0.0015225720883937797,0.0011771840655568299,0.018549032643063814,0.0329788007344986,0.004210623487482702,0.01654400553785231,0.018621149714078997,0.004888659860397657,0.0007754955835120004,5.873005119912002e-05,0.48605937483569056
0.00804825138037714,-0.011550203396159612,0.04298123900187746,-0.0035057134400842227,0.02646043262974317,0.003666837777686794,0.0060594689501414336,0.04278689887031406,-0.0005717771326106975,0.005993154306751987,0.004822743873549694,-0.0029546989276171315,0.004330658600432222,0.004638778292541276,0.02509503614535309,-0.005562680286769303,0.007550846992278066,0.002063900519387561,0.01157127379713451,0.0015259636774960902,0.005101098434940463,0.011681442088135222,0.010521644788504272,0.005221231872476893,0.009702819699333634,0.012895620800075603,0.021979713788632636,0.007528421706187028,0.02264354024716198,0.006797072904108153,0.006910904241370914,0.00870958983025504,0.005831310485225844,0.006860924084833068,0.03153579509451375,0.04864491226751703,0.006509763516884887,0.01709802045209957,0.030336156495673207,0.008085638367901018,0.002566296774827812,0.004224554303875962,0.4648368838763576
-0.010071877160557186,-0.00655891185756461,-0.00875829600446918,-0.003492557132722877,-0.0007364735312561847,0.00034838476205151063,0.0004480293410891229,-0.001518935059285167,0.0012653553349502562,0.00012221439664678274,0.03583631862084182,0.0667954147802141,0.017092459637635764,0.010275242862202931,0.0056546661270976805,0.0692026705304682,0.017893051832911837,0.005394339655310301,0.0033742911162235687,-0.0016980803892472681,0.003855832520893554,0.017961538709577448,0.005789794279525429,0.002628433869137901,0.005466145405203698,0.009775087792689954,-0.010138918856889462,0.002445450880331476,-0.0024900417593287077,0.004161923428183184,0.0050617977218841495,0.013016702640447166,-0.002520358994211333,0.0008602957666823067,0.042940285091370684,0.064830477606282,0.00594919659379773,0.01569356262126088,0.0432213846115804,0.012141654102103768,0.0028690181530142606,0.007633391473883699,0.45201996151996154
0.016938781893680806,0.027455599680969743,-0.01081104631877176,0.01983512880544779,-0.0012465325667636213,0.006210713806815274,0.009839979341463889,-0.006250505767026498,0.003921104141714237,0.003696456873863778,0.00593820900861502,-0.008692451311358845,0.004788080746607304,0.016476178535462946,0.023119373049435146,-0.008777202709851483,0.010253854370081888,-0.018212235862270602,0.009843614411881564,0.0033365525286914908,0.005079642037976805,0.014368667713715614,0.008466117179153538,0.003620683787409552,0.008971016277902517,0.01199322520113525,0.023821416634242743,0.009255605843587873,0.02295036715954071,0.005750943099672166,0.00722500126580881,0.008089559803817512,0.007588646057598766,0.006265252166558,0.03322974811380596,0.05003036450966918,0.004399914840523236,0.016378205796859703,0.03008357936515239,0.0049760225524220604,0.0029181374138795065,0.0048563621806431805,0.39798213165976315
